step,capture_to_hand,hand_to_target,target_to_command,capture_to_command,tracking_error_mm
idle,56.9,0.0,10.0,66.9,15.41
idle,60.6,0.0,0.0,60.6,17.57
idle,56.6,0.0,10.0,66.6,13.36
idle,47.5,0.0,10.0,57.5,15.5
idle,60.7,0.0,0.0,60.7,14.29
idle,56.7,0.0,0.0,56.7,16.81
idle,58.9,0.0,0.0,58.9,7.8
idle,60.9,0.0,0.0,60.9,7.25
idle,68.5,0.0,0.0,68.5,6.91
idle,59.5,0.0,0.0,59.5,6.71
idle,60.9,0.0,0.0,60.9,6.55
idle,56.8,0.0,10.0,66.8,6.36
idle,67.1,0.0,0.0,67.1,6.25
idle,60.7,0.0,0.0,60.7,6.16
idle,56.6,0.0,10.0,66.6,6.05
idle,56.9,0.0,10.0,66.9,5.99
idle,60.7,0.0,10.0,70.7,5.92
idle,70.9,0.0,0.0,70.9,5.87
idle,58.9,0.0,0.0,58.9,5.83
idle,60.8,0.0,0.0,60.8,5.8
idle,56.7,0.0,10.0,66.7,5.77
idle,66.8,0.0,0.0,66.8,5.74
idle,60.9,0.0,0.0,60.9,0.0
idle,57.0,0.0,10.0,67.0,10.09
idle,58.7,0.0,0.0,58.7,16.64
idle,60.9,0.0,0.0,60.9,17.78
idle,56.6,0.0,0.0,56.6,18.61
idle,56.7,0.0,10.0,66.7,14.81
idle,60.9,0.0,0.0,60.9,17.3
idle,57.1,0.0,10.0,67.1,14.59
idle,57.8,0.0,0.0,57.8,15.52
idle,60.9,0.0,0.0,60.9,13.41
idle,56.9,0.0,0.0,56.9,15.47
idle,56.9,0.0,10.0,66.9,20.33
idle,61.0,0.0,0.0,61.0,25.9
idle,56.8,0.0,0.0,56.8,27.42
idle,59.3,0.0,0.0,59.3,25.32
idle,61.1,0.0,0.0,61.1,25.04
idle,58.5,0.0,10.0,68.5,19.41
idle,57.9,0.0,0.0,57.9,21.12
idle,61.0,0.0,0.0,61.0,18.99
idle,57.5,10.0,0.0,67.5,13.65
idle,58.8,0.0,0.0,58.8,15.29
idle,61.2,0.0,0.0,61.2,13.07
idle,56.9,0.0,10.0,66.9,10.81
idle,58.6,0.0,0.0,58.6,12.35
idle,60.7,0.0,10.0,70.7,8.19
idle,58.3,10.0,0.0,68.3,8.99
idle,47.6,0.0,10.0,57.6,10.88
idle,61.0,0.0,0.0,61.0,8.5
idle,56.8,0.0,10.0,66.8,8.99
idle,56.6,10.0,0.0,66.6,11.71
idle,61.0,0.0,0.0,61.0,12.47
idle,68.5,0.0,0.0,68.5,12.03
idle,59.5,0.0,0.0,59.5,12.25
idle,60.7,0.0,0.0,60.7,12.66
idle,66.9,0.0,0.0,66.9,10.66
idle,60.5,0.0,0.0,60.5,9.84
idle,60.9,0.0,0.0,60.9,8.87
idle,56.8,0.0,10.0,66.8,6.93
idle,56.9,0.0,10.0,66.9,6.28
idle,60.9,0.0,0.0,60.9,6.1
idle,58.0,10.0,0.0,68.0,5.53
idle,58.1,0.0,0.0,58.1,6.57
idle,60.9,0.0,0.0,60.9,6.9
idle,68.7,0.0,0.0,68.7,6.3
idle,50.6,10.0,0.0,60.6,5.91
idle,61.6,0.0,0.0,61.6,4.77
idle,56.8,0.0,10.0,66.8,1.47
idle,66.9,0.0,0.0,66.9,4.83
idle,72.6,0.0,0.0,72.6,8.88
idle,61.6,0.0,0.0,61.6,11.39
idle,60.6,0.0,0.0,60.6,12.5
idle,60.9,0.0,0.0,60.9,12.76
idle,56.7,0.0,0.0,56.7,11.61
idle,66.8,0.0,0.0,66.8,9.56
idle,60.9,0.0,10.0,70.9,8.62
idle,69.6,0.0,0.0,69.6,8.96
idle,64.0,0.0,10.0,74.0,8.57
idle,76.0,0.0,0.0,76.0,9.1
idle,62.1,0.0,0.0,62.1,9.53
idle,59.1,0.0,0.0,59.1,9.04
idle,62.6,0.0,10.0,72.6,6.23
idle,69.9,0.0,0.0,69.9,4.17
idle,58.4,0.0,0.0,58.4,2.18
idle,61.7,0.0,0.0,61.7,0.57
idle,58.5,0.0,10.0,68.5,1.65
idle,58.9,0.0,0.0,58.9,2.57
idle,60.8,0.0,0.0,60.8,2.79
idle,56.6,0.0,0.0,56.6,2.45
idle,58.6,0.0,0.0,58.6,1.81
idle,61.2,0.0,0.0,61.2,1.01
idle,57.3,0.0,10.0,67.3,0.06
idle,58.8,0.0,0.0,58.8,0.72
prep_still,60.8,0.0,0.0,60.8,1.53
prep_still,58.1,0.0,10.0,68.1,0.45
prep_still,59.4,0.0,0.0,59.4,0.05
prep_still,61.4,0.0,0.0,61.4,3.57
prep_still,56.9,0.0,0.0,56.9,7.07
prep_still,68.4,0.0,0.0,68.4,8.18
prep_still,62.6,0.0,10.0,72.6,10.48
prep_still,50.6,0.0,10.0,60.6,12.29
prep_still,69.5,0.0,0.0,69.5,11.26
prep_still,61.6,0.0,0.0,61.6,15.48
prep_still,56.9,0.0,10.0,66.9,15.44
prep_still,68.9,0.0,0.0,68.9,12.94
prep_still,61.6,0.0,0.0,61.6,11.29
prep_still,58.0,0.0,0.0,58.0,8.12
prep_still,66.7,0.0,0.0,66.7,2.21
prep_still,62.7,0.0,10.0,72.7,1.73
prep_still,58.5,0.0,10.0,68.5,2.64
prep_still,69.2,0.0,0.0,69.2,3.66
prep_still,61.1,0.0,0.0,61.1,4.94
prep_still,57.3,0.0,10.0,67.3,5.94
prep_still,67.0,0.0,0.0,67.0,6.11
prep_still,61.2,0.0,0.0,61.2,5.87
prep_still,56.9,0.0,0.0,56.9,5.6
prep_still,56.8,0.0,10.0,66.8,5.58
prep_still,61.0,0.0,0.0,61.0,5.35
prep_still,56.8,0.0,0.0,56.8,4.84
prep_still,59.8,0.0,0.0,59.8,4.13
prep_still,61.5,0.0,0.0,61.5,4.05
prep_still,56.9,0.0,10.0,66.9,4.74
prep_still,68.3,0.0,0.0,68.3,5.93
prep_still,61.2,0.0,10.0,71.2,7.29
prep_still,59.9,0.0,10.0,69.9,11.87
prep_still,56.7,10.0,0.0,66.7,14.64
prep_still,61.1,0.0,0.0,61.1,16.42
prep_still,57.1,0.0,0.0,57.1,17.1
prep_still,56.8,0.0,10.0,66.8,12.84
prep_still,61.2,0.0,0.0,61.2,14.18
prep_still,57.3,0.0,10.0,67.3,12.13
prep_still,56.8,10.0,0.0,66.8,10.29
prep_still,60.9,0.0,0.0,60.9,11.21
prep_still,56.9,0.0,0.0,56.9,11.94
prep_still,67.7,0.0,0.0,67.7,6.63
prep_still,60.9,0.0,0.0,60.9,8.32
prep_still,57.0,0.0,0.0,57.0,9.6
prep_still,56.7,0.0,10.0,66.7,6.98
prep_still,62.0,0.0,0.0,62.0,9.08
prep_still,56.9,0.0,0.0,56.9,9.38
prep_still,68.5,0.0,0.0,68.5,6.93
prep_still,61.7,0.0,0.0,61.7,6.93
prep_still,57.2,0.0,0.0,57.2,7.07
prep_still,68.6,0.0,0.0,68.6,7.0
prep_still,61.1,0.0,0.0,61.1,7.35
prep_still,57.8,0.0,0.0,57.8,8.01
prep_still,67.1,0.0,0.0,67.1,8.38
prep_still,61.1,0.0,0.0,61.1,8.72
prep_still,58.1,10.0,0.0,68.1,8.07
prep_still,59.5,0.0,0.0,59.5,8.38
prep_still,61.1,0.0,0.0,61.1,8.78
prep_still,56.9,0.0,0.0,56.9,10.0
prep_still,66.9,0.0,0.0,66.9,9.91
prep_still,62.2,0.0,10.0,72.2,9.96
prep_still,58.8,0.0,10.0,68.8,9.13
prep_still,68.6,0.0,0.0,68.6,8.85
prep_still,61.2,0.0,0.0,61.2,8.13
prep_still,56.9,0.0,10.0,66.9,9.02
prep_still,66.7,0.0,0.0,66.7,8.88
prep_still,61.5,0.0,0.0,61.5,7.74
prep_still,58.8,0.0,0.0,58.8,7.87
prep_still,66.9,0.0,0.0,66.9,4.74
prep_still,61.4,0.0,0.0,61.4,9.3
prep_still,57.4,0.0,0.0,57.4,8.32
prep_still,68.3,0.0,0.0,68.3,6.46
prep_still,61.3,10.0,0.0,71.3,6.62
prep_still,63.3,0.0,0.0,63.3,8.88
prep_still,59.9,0.0,0.0,59.9,10.18
prep_still,62.8,0.0,0.0,62.8,7.19
prep_still,57.4,0.0,10.0,67.4,7.44
prep_still,67.1,0.0,0.0,67.1,5.1
prep_still,61.6,0.0,0.0,61.6,5.56
prep_still,57.6,0.0,10.0,67.6,2.09
prep_still,57.3,10.0,0.0,67.3,1.82
prep_still,60.9,0.0,0.0,60.9,1.05
prep_still,57.1,0.0,0.0,57.1,2.26
prep_still,67.0,0.0,0.0,67.0,3.96
prep_still,60.9,0.0,0.0,60.9,3.99
prep_still,58.0,10.0,0.0,68.0,4.79
prep_still,68.4,0.0,0.0,68.4,4.53
prep_still,61.3,0.0,0.0,61.3,5.25
prep_still,57.0,0.0,0.0,57.0,4.96
prep_still,67.0,0.0,0.0,67.0,5.01
prep_still,62.8,0.0,0.0,62.8,4.7
prep_still,57.2,0.0,0.0,57.2,5.23
prep_still,67.0,0.0,0.0,67.0,5.85
prep_still,61.5,0.0,0.0,61.5,8.77
prep_still,57.0,0.0,0.0,57.0,13.91
prep_still,67.4,0.0,0.0,67.4,13.6
prep_still,61.3,0.0,0.0,61.3,16.8
prep_still,57.5,0.0,0.0,57.5,18.35
prep_still,56.9,0.0,10.0,66.9,14.29
prep_still,61.9,0.0,0.0,61.9,15.47
prep_still,57.0,0.0,0.0,57.0,16.73
prep_still,66.8,0.0,0.0,66.8,13.0
prep_still,61.5,0.0,0.0,61.5,14.21
prep_still,58.5,0.0,10.0,68.5,12.15
prep_still,67.0,0.0,0.0,67.0,10.52
prep_still,61.1,0.0,0.0,61.1,11.33
prep_still,57.0,0.0,0.0,57.0,11.81
prep_still,56.8,0.0,10.0,66.8,8.48
prep_still,61.1,0.0,0.0,61.1,10.82
prep_still,56.9,0.0,0.0,56.9,13.26
prep_still,57.1,10.0,0.0,67.1,11.84
prep_still,62.0,0.0,0.0,62.0,13.8
prep_still,57.1,0.0,10.0,67.1,12.91
prep_still,56.8,10.0,0.0,66.8,12.25
prep_still,62.0,0.0,10.0,72.0,10.32
prep_still,70.2,0.0,0.0,70.2,10.38
prep_still,69.4,0.0,0.0,69.4,10.13
prep_still,61.4,0.0,0.0,61.4,12.01
prep_still,57.9,0.0,10.0,67.9,6.0
prep_still,79.1,0.0,0.0,79.1,7.84
still,69.0,0.0,0.0,69.0,11.22
still,64.4,0.0,10.0,74.4,12.74
still,69.7,0.0,0.0,69.7,12.66
still,70.6,0.0,0.0,70.6,12.14
still,66.7,0.0,10.0,76.7,10.98
still,67.2,0.0,10.0,77.2,10.0
still,56.9,0.0,10.0,66.9,9.1
still,64.2,0.0,0.0,64.2,8.32
still,64.8,0.0,0.0,64.8,7.58
still,74.7,0.0,0.0,74.7,6.18
still,63.5,0.0,10.0,73.5,5.34
still,70.3,0.0,0.0,70.3,4.23
still,72.0,0.0,10.0,82.0,3.12
still,71.5,0.0,0.0,71.5,2.63
still,72.8,0.0,0.0,72.8,2.28
still,81.5,0.0,0.0,81.5,1.9
still,71.3,0.0,0.0,71.3,1.68
still,73.1,0.0,0.0,73.1,1.46
still,72.6,0.0,0.0,72.6,1.23
still,77.1,0.0,0.0,77.1,0.96
still,72.1,0.0,0.0,72.1,0.79
still,71.3,0.0,10.0,81.3,0.73
still,60.8,10.0,0.0,70.8,1.26
still,71.2,0.0,0.0,71.2,2.02
still,81.6,0.0,0.0,81.6,2.34
still,70.7,0.0,0.0,70.7,2.88
still,70.7,0.0,0.0,70.7,2.84
still,69.4,0.0,0.0,69.4,2.14
still,64.3,0.0,0.0,64.3,1.41
still,62.9,0.0,10.0,72.9,0.33
still,55.8,0.0,10.0,65.8,0.49
still,60.7,0.0,0.0,60.7,0.76
still,62.9,0.0,0.0,62.9,0.89
still,62.1,0.0,0.0,62.1,0.79
still,67.2,0.0,0.0,67.2,0.62
still,62.8,0.0,10.0,72.8,0.42
still,57.2,10.0,0.0,67.2,0.19
still,62.9,0.0,0.0,62.9,0.11
still,61.4,0.0,0.0,61.4,0.14
still,61.3,0.0,0.0,61.3,0.12
still,56.7,0.0,10.0,66.7,0.07
still,66.9,0.0,0.0,66.9,0.06
still,61.1,0.0,10.0,71.1,0.08
still,59.5,0.0,0.0,59.5,0.09
still,68.6,0.0,0.0,68.6,0.12
still,61.8,0.0,0.0,61.8,0.16
still,58.4,0.0,10.0,68.4,0.25
still,66.7,0.0,0.0,66.7,0.23
still,61.0,0.0,10.0,71.0,0.27
still,60.2,0.0,0.0,60.2,0.27
still,62.3,0.0,10.0,72.3,0.32
still,57.3,10.0,0.0,67.3,0.31
still,64.2,0.0,0.0,64.2,0.3
still,64.8,0.0,10.0,74.8,0.26
still,57.2,10.0,0.0,67.2,0.27
still,62.4,0.0,0.0,62.4,0.23
still,60.7,0.0,0.0,60.7,0.2
still,62.8,0.0,10.0,72.8,0.18
still,49.7,10.0,0.0,59.7,0.21
still,67.5,0.0,0.0,67.5,0.17
still,62.7,0.0,10.0,72.7,0.14
still,61.6,0.0,0.0,61.6,0.14
still,60.6,0.0,0.0,60.6,0.08
still,62.6,0.0,0.0,62.6,0.07
still,57.5,0.0,10.0,67.5,0.06
still,67.1,0.0,0.0,67.1,0.05
still,60.9,0.0,10.0,70.9,0.05
still,68.4,0.0,0.0,68.4,0.03
still,59.7,0.0,0.0,59.7,0.03
still,62.0,0.0,10.0,72.0,0.01
still,60.0,0.0,0.0,60.0,0.03
still,62.0,0.0,10.0,72.0,0.05
still,56.3,0.0,10.0,66.3,0.05
still,62.3,0.0,0.0,62.3,0.05
still,61.7,0.0,0.0,61.7,0.07
still,62.3,0.0,10.0,72.3,0.07
still,60.9,0.0,0.0,60.9,0.07
still,61.1,0.0,0.0,61.1,0.04
still,62.2,0.0,0.0,62.2,0.02
still,57.5,0.0,10.0,67.5,0.04
still,68.5,0.0,0.0,68.5,0.02
still,61.1,0.0,0.0,61.1,0.03
still,57.2,0.0,10.0,67.2,0.02
still,68.3,0.0,0.0,68.3,0.05
still,61.1,0.0,10.0,71.1,0.04
still,67.9,0.0,0.0,67.9,0.08
still,59.3,0.0,0.0,59.3,0.04
still,61.4,10.0,0.0,71.4,0.07
still,62.9,0.0,0.0,62.9,0.07
still,62.3,0.0,0.0,62.3,0.12
still,62.4,0.0,10.0,72.4,0.16
still,59.5,0.0,0.0,59.5,0.14
still,69.0,0.0,0.0,69.0,0.14
still,61.1,0.0,0.0,61.1,0.16
still,57.2,0.0,10.0,67.2,0.15
still,68.8,0.0,0.0,68.8,0.2
still,61.1,0.0,10.0,71.1,0.21
still,68.6,0.0,0.0,68.6,0.26
still,66.2,0.0,10.0,76.2,0.21
still,69.3,0.0,0.0,69.3,0.23
still,67.5,0.0,10.0,77.5,0.18
still,58.8,0.0,10.0,68.8,0.16
still,68.2,0.0,0.0,68.2,0.14
still,63.1,0.0,0.0,63.1,0.14
still,62.1,0.0,0.0,62.1,0.14
still,61.0,0.0,0.0,61.0,0.14
still,57.3,0.0,10.0,67.3,0.14
still,67.0,0.0,0.0,67.0,0.12
still,60.9,0.0,0.0,60.9,0.12
still,61.5,0.0,0.0,61.5,0.08
still,59.7,0.0,0.0,59.7,0.08
still,61.6,0.0,0.0,61.6,0.05
still,57.1,0.0,10.0,67.1,0.01
still,66.8,0.0,0.0,66.8,0.03
still,61.4,0.0,0.0,61.4,0.07
still,67.1,0.0,0.0,67.1,0.09
still,69.2,0.0,10.0,79.2,0.09
still,67.5,0.0,0.0,67.5,0.14
still,63.1,0.0,0.0,63.1,0.13
still,61.7,0.0,0.0,61.7,0.16
still,61.0,0.0,0.0,61.0,0.15
still,57.2,0.0,10.0,67.2,0.12
still,67.6,0.0,0.0,67.6,0.08
still,62.0,0.0,10.0,72.0,0.07
still,62.4,0.0,0.0,62.4,0.08
still,63.7,0.0,10.0,73.7,0.1
still,64.5,0.0,10.0,74.5,0.07
still,61.7,0.0,0.0,61.7,0.07
still,62.4,10.0,0.0,72.4,0.07
still,70.1,0.0,0.0,70.1,0.05
still,65.6,0.0,10.0,75.6,0.07
still,66.4,10.0,0.0,76.4,0.1
still,58.7,10.0,0.0,68.7,0.14
still,63.7,0.0,0.0,63.7,0.15
still,62.8,0.0,0.0,62.8,0.14
still,61.9,0.0,10.0,71.9,0.11
still,58.8,0.0,10.0,68.8,0.07
still,60.1,0.0,0.0,60.1,0.06
still,61.2,0.0,0.0,61.2,0.07
still,58.2,0.0,10.0,68.2,0.03
still,67.1,0.0,0.0,67.1,0.01
still,61.6,0.0,0.0,61.6,0.04
still,67.1,0.0,0.0,67.1,0.08
still,69.5,0.0,0.0,69.5,0.08
still,61.0,0.0,10.0,71.0,0.07
still,50.1,10.0,0.0,60.1,0.07
still,59.9,0.0,0.0,59.9,0.05
still,61.2,0.0,0.0,61.2,0.06
still,57.3,0.0,10.0,67.3,0.05
still,57.0,0.0,10.0,67.0,0.06
still,60.9,0.0,0.0,60.9,0.07
still,67.1,0.0,0.0,67.1,0.12
still,60.2,0.0,0.0,60.2,0.11
still,62.0,0.0,10.0,72.0,0.12
still,61.8,0.0,0.0,61.8,0.12
still,61.5,0.0,0.0,61.5,0.14
still,61.0,0.0,0.0,61.0,0.18
still,56.8,0.0,10.0,66.8,0.18
still,67.0,0.0,0.0,67.0,0.18
still,61.6,10.0,0.0,71.6,0.1
still,62.1,0.0,0.0,62.1,0.07
still,61.6,0.0,0.0,61.6,0.08
still,60.3,0.0,10.0,70.3,0.04
still,68.9,0.0,0.0,68.9,0.03
still,64.1,0.0,0.0,64.1,0.05
still,63.0,10.0,0.0,73.0,0.03
still,65.4,0.0,0.0,65.4,0.08
still,63.0,0.0,0.0,63.0,0.08
still,63.8,0.0,10.0,73.8,0.09
still,60.6,0.0,0.0,60.6,0.1
still,60.1,0.0,0.0,60.1,0.11
still,59.3,0.0,0.0,59.3,0.14
still,67.1,0.0,0.0,67.1,0.12
still,59.8,0.0,0.0,59.8,0.14
still,59.7,0.0,0.0,59.7,0.17
still,57.5,0.0,10.0,67.5,0.1
still,59.9,0.0,0.0,59.9,0.1
still,59.6,0.0,0.0,59.6,0.16
still,56.8,0.0,10.0,66.8,0.12
still,66.7,0.0,0.0,66.7,0.11
still,66.8,0.0,0.0,66.8,0.07
still,57.0,0.0,10.0,67.0,0.09
still,69.3,0.0,0.0,69.3,0.07
still,59.1,0.0,0.0,59.1,0.05
still,67.8,0.0,0.0,67.8,0.06
still,69.1,0.0,0.0,69.1,0.06
still,59.5,0.0,0.0,59.5,0.13
still,57.1,0.0,10.0,67.1,0.15
still,68.1,0.0,0.0,68.1,0.1
still,61.6,0.0,10.0,71.6,0.04
still,61.1,0.0,0.0,61.1,0.06
still,59.7,0.0,0.0,59.7,0.16
still,59.2,0.0,10.0,69.2,0.17
still,58.3,0.0,10.0,68.3,0.18
still,68.4,0.0,0.0,68.4,0.14
still,59.8,0.0,0.0,59.8,0.1
still,66.8,0.0,0.0,66.8,0.08
still,61.2,0.0,0.0,61.2,0.08
still,60.3,0.0,0.0,60.3,0.08
still,57.2,0.0,10.0,67.2,0.09
still,67.1,0.0,0.0,67.1,0.06
still,57.6,0.0,0.0,57.6,0.07
still,57.0,0.0,0.0,57.0,0.11
still,67.0,0.0,0.0,67.0,0.08
still,59.2,0.0,0.0,59.2,0.09
still,57.3,0.0,10.0,67.3,0.08
still,68.2,0.0,0.0,68.2,0.04
still,67.7,0.0,0.0,67.7,0.04
still,56.9,0.0,10.0,66.9,0.08
still,67.0,0.0,0.0,67.0,0.09
still,60.9,0.0,10.0,70.9,0.06
still,61.3,0.0,0.0,61.3,0.03
still,62.6,0.0,0.0,62.6,0.03
still,60.9,0.0,0.0,60.9,0.04
still,57.6,0.0,10.0,67.6,0.08
still,67.4,0.0,0.0,67.4,0.09
still,63.2,0.0,10.0,73.2,0.08
still,60.3,0.0,0.0,60.3,0.06
still,69.2,0.0,0.0,69.2,0.06
still,58.1,0.0,0.0,58.1,0.07
still,56.7,0.0,10.0,66.7,0.05
still,66.9,0.0,0.0,66.9,0.04
still,59.9,0.0,10.0,69.9,0.01
still,58.6,0.0,10.0,68.6,0.02
still,67.4,0.0,0.0,67.4,0.01
still,57.9,0.0,0.0,57.9,0.03
still,56.9,0.0,10.0,66.9,0.06
still,67.0,0.0,0.0,67.0,0.08
still,59.0,0.0,0.0,59.0,0.07
still,58.0,0.0,10.0,68.0,0.08
still,68.3,0.0,0.0,68.3,0.05
still,59.1,0.0,0.0,59.1,0.08
still,57.1,0.0,10.0,67.1,0.09
still,59.4,0.0,0.0,59.4,0.12
still,59.6,0.0,0.0,59.6,0.1
still,67.2,0.0,0.0,67.2,0.08
still,62.4,0.0,0.0,62.4,0.09
still,61.6,0.0,0.0,61.6,0.12
still,66.8,0.0,0.0,66.8,0.09
still,61.2,0.0,0.0,61.2,0.05
still,62.0,0.0,10.0,72.0,0.04
still,64.6,0.0,0.0,64.6,0.04
still,59.3,10.0,0.0,69.3,0.1
still,59.8,0.0,10.0,69.8,0.22
still,72.6,0.0,0.0,72.6,0.37
still,69.3,0.0,0.0,69.3,0.64
still,59.0,0.0,0.0,59.0,0.76
still,60.8,0.0,10.0,70.8,0.82
still,67.2,0.0,0.0,67.2,1.13
still,67.4,0.0,0.0,67.4,1.45
still,71.2,0.0,0.0,71.2,1.66
still,60.3,0.0,0.0,60.3,2.64
still,60.3,0.0,0.0,60.3,3.61
still,61.1,0.0,10.0,71.1,3.77
still,66.9,0.0,0.0,66.9,4.93
still,59.0,0.0,0.0,59.0,5.27
still,72.1,0.0,0.0,72.1,4.8
still,61.3,0.0,0.0,61.3,5.47
still,61.4,0.0,0.0,61.4,5.63
still,71.6,0.0,0.0,71.6,4.41
still,61.9,0.0,0.0,61.9,4.48
still,63.0,0.0,10.0,73.0,2.89
still,64.9,0.0,0.0,64.9,2.75
still,60.4,0.0,10.0,70.4,2.57
still,74.3,0.0,0.0,74.3,3.61
still,70.1,0.0,10.0,80.1,4.37
still,68.9,0.0,0.0,68.9,6.83
still,68.7,0.0,0.0,68.7,8.64
still,67.8,0.0,0.0,67.8,10.17
still,63.6,0.0,0.0,63.6,11.45
still,63.0,0.0,10.0,73.0,9.24
still,66.3,0.0,0.0,66.3,9.27
still,62.4,0.0,0.0,62.4,10.06
still,64.1,0.0,10.0,74.1,8.03
still,63.7,0.0,0.0,63.7,9.08
still,59.6,0.0,0.0,59.6,11.39
still,58.4,0.0,0.0,58.4,9.35
still,64.6,0.0,0.0,64.6,3.68
still,69.0,0.0,10.0,79.0,2.66
still,55.8,10.0,0.0,65.8,3.39
still,67.5,0.0,0.0,67.5,3.96
still,62.5,0.0,10.0,72.5,3.85
still,66.2,0.0,0.0,66.2,4.77
still,68.6,0.0,0.0,68.6,5.74
still,63.2,0.0,0.0,63.2,7.08
still,62.0,0.0,10.0,72.0,5.21
still,72.6,0.0,0.0,72.6,5.64
still,60.4,0.0,0.0,60.4,6.79
still,61.9,0.0,10.0,71.9,4.42
still,73.0,0.0,0.0,73.0,5.17
still,61.7,0.0,10.0,71.7,3.49
still,63.7,0.0,10.0,73.7,4.36
still,64.8,0.0,0.0,64.8,2.86
still,62.2,0.0,0.0,62.2,3.66
still,61.6,0.0,0.0,61.6,3.17
still,61.3,0.0,10.0,71.3,2.82
still,69.4,0.0,0.0,69.4,3.84
still,60.9,0.0,0.0,60.9,5.12
still,65.9,0.0,0.0,65.9,6.66
still,59.9,0.0,0.0,59.9,7.33
still,60.4,0.0,0.0,60.4,7.73
still,71.0,0.0,0.0,71.0,7.44
still,69.3,0.0,10.0,79.3,6.73
still,74.6,0.0,0.0,74.6,6.11
still,68.2,0.0,0.0,68.2,5.41
still,64.5,0.0,10.0,74.5,4.35
still,67.1,0.0,0.0,67.1,3.71
still,67.4,0.0,0.0,67.4,3.3
still,62.1,0.0,0.0,62.1,2.96
still,61.2,0.0,0.0,61.2,2.58
still,60.6,0.0,0.0,60.6,2.28
still,66.7,0.0,0.0,66.7,1.86
still,57.7,0.0,0.0,57.7,1.48
still,72.1,0.0,0.0,72.1,1.07
still,69.3,0.0,0.0,69.3,0.82
still,58.2,0.0,0.0,58.2,0.67
still,61.8,0.0,10.0,71.8,0.45
still,68.8,0.0,0.0,68.8,0.26
still,58.9,0.0,0.0,58.9,0.44
still,70.9,0.0,0.0,70.9,0.57
still,59.7,0.0,10.0,69.7,0.61
still,63.8,0.0,10.0,73.8,0.59
still,63.1,10.0,0.0,73.1,0.5
still,60.0,0.0,0.0,60.0,0.32
still,62.4,0.0,10.0,72.4,0.37
still,73.2,0.0,0.0,73.2,0.45
still,61.5,0.0,0.0,61.5,0.43
still,60.5,0.0,0.0,60.5,0.46
still,62.0,0.0,10.0,72.0,0.41
still,69.1,0.0,0.0,69.1,0.34
still,59.6,0.0,10.0,69.6,0.38
still,64.3,0.0,0.0,64.3,0.23
still,60.8,0.0,0.0,60.8,0.26
still,60.6,0.0,0.0,60.6,0.24
still,61.8,10.0,0.0,71.8,0.18
still,59.9,0.0,0.0,59.9,0.19
still,63.7,0.0,10.0,73.7,0.18
still,66.0,0.0,0.0,66.0,0.13
still,60.2,0.0,0.0,60.2,0.2
still,58.8,0.0,0.0,58.8,0.16
still,62.2,0.0,10.0,72.2,0.12
still,66.9,0.0,0.0,66.9,0.05
still,57.8,0.0,0.0,57.8,0.03
still,60.9,0.0,0.0,60.9,0.2
still,67.0,0.0,0.0,67.0,0.34
still,58.4,0.0,0.0,58.4,0.4
still,72.0,0.0,0.0,72.0,0.36
still,76.3,0.0,0.0,76.3,0.32
still,69.1,0.0,0.0,69.1,0.34
still,68.3,0.0,0.0,68.3,0.27
still,63.4,0.0,0.0,63.4,0.31
still,63.8,0.0,10.0,73.8,0.3
still,66.2,0.0,0.0,66.2,0.36
still,60.2,0.0,0.0,60.2,0.35
still,58.9,0.0,0.0,58.9,0.4
still,61.2,0.0,10.0,71.2,0.27
still,67.3,0.0,0.0,67.3,0.21
still,61.9,0.0,0.0,61.9,0.19
still,71.3,0.0,0.0,71.3,0.2
still,65.1,0.0,10.0,75.1,0.04
prep_sweep_lr,74.6,0.0,0.0,74.6,0.22
prep_sweep_lr,68.8,0.0,0.0,68.8,0.23
prep_sweep_lr,63.3,0.0,0.0,63.3,0.25
prep_sweep_lr,62.7,0.0,0.0,62.7,0.26
prep_sweep_lr,62.0,0.0,10.0,72.0,0.14
prep_sweep_lr,59.8,0.0,0.0,59.8,0.04
prep_sweep_lr,62.9,0.0,10.0,72.9,0.19
prep_sweep_lr,66.3,0.0,0.0,66.3,0.26
prep_sweep_lr,60.3,0.0,0.0,60.3,0.41
prep_sweep_lr,61.0,0.0,10.0,71.0,0.34
prep_sweep_lr,72.1,0.0,0.0,72.1,0.31
prep_sweep_lr,60.1,0.0,10.0,70.1,0.16
prep_sweep_lr,73.4,0.0,0.0,73.4,0.19
prep_sweep_lr,67.0,0.0,0.0,67.0,0.15
prep_sweep_lr,61.8,0.0,0.0,61.8,0.13
prep_sweep_lr,63.6,0.0,10.0,73.6,0.13
prep_sweep_lr,62.0,0.0,10.0,72.0,0.17
prep_sweep_lr,69.4,0.0,0.0,69.4,0.12
prep_sweep_lr,59.0,0.0,0.0,59.0,0.1
prep_sweep_lr,60.8,0.0,10.0,70.8,0.07
prep_sweep_lr,67.3,0.0,0.0,67.3,0.15
prep_sweep_lr,60.9,0.0,0.0,60.9,0.09
prep_sweep_lr,70.8,0.0,0.0,70.8,0.08
prep_sweep_lr,69.6,0.0,0.0,69.6,0.08
prep_sweep_lr,58.8,0.0,0.0,58.8,0.21
prep_sweep_lr,71.1,0.0,0.0,71.1,0.2
prep_sweep_lr,61.1,0.0,0.0,61.1,0.11
prep_sweep_lr,60.4,0.0,0.0,60.4,0.15
prep_sweep_lr,61.1,0.0,10.0,71.1,0.22
prep_sweep_lr,69.1,0.0,0.0,69.1,0.11
prep_sweep_lr,67.4,0.0,0.0,67.4,0.1
prep_sweep_lr,71.1,0.0,0.0,71.1,0.14
prep_sweep_lr,60.4,0.0,0.0,60.4,0.17
prep_sweep_lr,59.9,0.0,0.0,59.9,0.21
prep_sweep_lr,61.0,0.0,10.0,71.0,0.18
prep_sweep_lr,66.8,0.0,0.0,66.8,0.28
prep_sweep_lr,60.8,0.0,0.0,60.8,0.23
prep_sweep_lr,61.5,0.0,10.0,71.5,0.15
prep_sweep_lr,66.7,0.0,0.0,66.7,0.18
prep_sweep_lr,67.4,0.0,10.0,77.4,0.31
prep_sweep_lr,60.8,0.0,10.0,70.8,0.41
prep_sweep_lr,67.0,0.0,0.0,67.0,0.5
prep_sweep_lr,57.8,0.0,0.0,57.8,0.57
prep_sweep_lr,70.8,0.0,0.0,70.8,0.39
prep_sweep_lr,69.4,0.0,0.0,69.4,0.44
prep_sweep_lr,60.5,0.0,10.0,70.5,0.36
prep_sweep_lr,71.8,0.0,0.0,71.8,0.3
prep_sweep_lr,59.9,0.0,0.0,59.9,0.41
prep_sweep_lr,62.0,0.0,0.0,62.0,0.27
prep_sweep_lr,72.0,0.0,0.0,72.0,0.16
prep_sweep_lr,62.4,0.0,10.0,72.4,0.06
prep_sweep_lr,68.2,0.0,0.0,68.2,0.2
prep_sweep_lr,68.8,0.0,10.0,78.8,0.33
prep_sweep_lr,60.1,10.0,-10.0,60.1,0.25
prep_sweep_lr,85.4,0.0,10.0,95.4,0.32
prep_sweep_lr,92.2,0.0,0.0,92.2,0.42
prep_sweep_lr,82.1,0.0,0.0,82.1,0.62
prep_sweep_lr,81.3,0.0,0.0,81.3,0.83
prep_sweep_lr,80.0,0.0,0.0,80.0,1.11
prep_sweep_lr,74.8,0.0,10.0,84.8,1.38
prep_sweep_lr,84.1,0.0,0.0,84.1,1.63
prep_sweep_lr,77.8,0.0,10.0,87.8,1.57
prep_sweep_lr,85.9,0.0,0.0,85.9,1.93
prep_sweep_lr,76.6,0.0,0.0,76.6,1.94
prep_sweep_lr,88.4,0.0,0.0,88.4,1.64
prep_sweep_lr,79.3,0.0,0.0,79.3,1.84
prep_sweep_lr,81.3,0.0,10.0,91.3,1.41
prep_sweep_lr,92.5,0.0,0.0,92.5,1.54
prep_sweep_lr,81.3,0.0,0.0,81.3,1.9
prep_sweep_lr,79.8,0.0,10.0,89.8,1.85
prep_sweep_lr,82.8,10.0,0.0,92.8,3.1
prep_sweep_lr,79.2,0.0,0.0,79.2,4.97
prep_sweep_lr,79.0,0.0,0.0,79.0,6.79
prep_sweep_lr,79.4,0.0,10.0,89.4,8.2
prep_sweep_lr,77.4,0.0,0.0,77.4,10.04
prep_sweep_lr,78.4,0.0,0.0,78.4,11.66
prep_sweep_lr,91.8,0.0,0.0,91.8,10.92
prep_sweep_lr,79.9,0.0,0.0,79.9,12.65
prep_sweep_lr,80.1,0.0,0.0,80.1,12.37
prep_sweep_lr,82.7,0.0,10.0,92.7,9.34
prep_sweep_lr,77.8,0.0,0.0,77.8,9.5
prep_sweep_lr,78.6,0.0,0.0,78.6,9.18
prep_sweep_lr,92.2,0.0,0.0,92.2,6.74
prep_sweep_lr,79.5,0.0,0.0,79.5,7.78
prep_sweep_lr,80.3,0.0,0.0,80.3,7.67
prep_sweep_lr,80.6,0.0,0.0,80.6,7.48
prep_sweep_lr,74.5,10.0,0.0,84.5,5.51
prep_sweep_lr,77.2,0.0,0.0,77.2,5.35
prep_sweep_lr,91.0,0.0,0.0,91.0,3.81
prep_sweep_lr,79.2,0.0,0.0,79.2,4.87
prep_sweep_lr,81.5,0.0,0.0,81.5,5.24
prep_sweep_lr,92.6,0.0,0.0,92.6,3.68
prep_sweep_lr,82.5,0.0,10.0,92.5,3.6
prep_sweep_lr,92.7,0.0,0.0,92.7,4.98
prep_sweep_lr,84.3,0.0,0.0,84.3,6.16
prep_sweep_lr,79.4,0.0,0.0,79.4,7.95
prep_sweep_lr,79.9,0.0,0.0,79.9,8.78
prep_sweep_lr,91.2,0.0,0.0,91.2,7.09
prep_sweep_lr,79.1,0.0,0.0,79.1,8.74
prep_sweep_lr,78.5,0.0,0.0,78.5,9.44
prep_sweep_lr,78.7,0.0,0.0,78.7,9.84
prep_sweep_lr,74.5,0.0,10.0,84.5,8.82
prep_sweep_lr,76.0,0.0,0.0,76.0,10.49
prep_sweep_lr,65.9,10.0,0.0,75.9,10.4
prep_sweep_lr,71.0,0.0,0.0,71.0,11.68
prep_sweep_lr,71.0,0.0,0.0,71.0,11.66
prep_sweep_lr,71.2,0.0,0.0,71.2,9.65
prep_sweep_lr,77.1,0.0,0.0,77.1,9.44
prep_sweep_lr,70.4,0.0,10.0,80.4,8.52
prep_sweep_lr,71.9,0.0,10.0,81.9,7.44
prep_sweep_lr,58.2,0.0,10.0,68.2,7.42
prep_sweep_lr,57.0,10.0,0.0,67.0,5.6
prep_sweep_lr,67.1,0.0,0.0,67.1,4.81
prep_sweep_lr,62.5,0.0,0.0,62.5,4.55
prep_sweep_lr,61.5,0.0,10.0,71.5,1.97
prep_sweep_lr,64.7,0.0,0.0,64.7,1.92
prep_sweep_lr,60.3,0.0,0.0,60.3,3.17
prep_sweep_lr,60.1,0.0,10.0,70.1,1.89
prep_sweep_lr,65.2,0.0,0.0,65.2,3.24
prep_sweep_lr,60.2,0.0,0.0,60.2,4.93
prep_sweep_lr,59.3,0.0,0.0,59.3,3.97
sweep_lr,64.2,0.0,0.0,64.2,1.61
sweep_lr,61.1,0.0,0.0,61.1,1.91
sweep_lr,60.2,0.0,0.0,60.2,3.75
sweep_lr,62.4,0.0,10.0,72.4,6.99
sweep_lr,69.1,0.0,0.0,69.1,8.57
sweep_lr,59.6,0.0,0.0,59.6,9.54
sweep_lr,64.0,0.0,0.0,64.0,9.82
sweep_lr,60.4,0.0,0.0,60.4,10.09
sweep_lr,62.8,0.0,10.0,72.8,9.75
sweep_lr,63.8,0.0,0.0,63.8,10.14
sweep_lr,63.3,0.0,0.0,63.3,13.54
sweep_lr,55.7,0.0,10.0,65.7,16.32
sweep_lr,67.1,0.0,0.0,67.1,15.99
sweep_lr,66.1,0.0,10.0,76.1,17.97
sweep_lr,68.8,0.0,0.0,68.8,20.39
sweep_lr,71.1,0.0,10.0,81.1,15.97
sweep_lr,66.5,10.0,0.0,76.5,16.73
sweep_lr,69.0,0.0,0.0,69.0,17.96
sweep_lr,70.9,0.0,10.0,80.9,14.02
sweep_lr,66.3,10.0,0.0,76.3,13.31
sweep_lr,69.6,0.0,0.0,69.6,14.43
sweep_lr,69.0,0.0,10.0,79.0,10.13
sweep_lr,69.7,0.0,0.0,69.7,12.4
sweep_lr,71.1,0.0,0.0,71.1,11.14
sweep_lr,70.5,0.0,10.0,80.5,9.29
sweep_lr,68.2,0.0,0.0,68.2,11.74
sweep_lr,69.7,0.0,0.0,69.7,10.65
sweep_lr,68.3,0.0,0.0,68.3,10.41
sweep_lr,62.5,0.0,0.0,62.5,11.64
sweep_lr,61.4,0.0,0.0,61.4,11.53
sweep_lr,61.0,0.0,10.0,71.0,8.45
sweep_lr,56.7,10.0,0.0,66.7,9.89
sweep_lr,58.3,0.0,0.0,58.3,12.09
sweep_lr,60.8,0.0,0.0,60.8,11.17
sweep_lr,67.1,0.0,0.0,67.1,9.22
sweep_lr,58.0,0.0,0.0,58.0,11.9
sweep_lr,70.8,0.0,0.0,70.8,8.37
sweep_lr,60.3,0.0,0.0,60.3,11.67
sweep_lr,59.9,0.0,0.0,59.9,12.26
sweep_lr,61.0,0.0,0.0,61.0,11.77
sweep_lr,66.9,0.0,0.0,66.9,9.3
sweep_lr,59.7,0.0,0.0,59.7,12.87
sweep_lr,72.3,0.0,0.0,72.3,6.57
sweep_lr,63.3,0.0,0.0,63.3,9.79
sweep_lr,62.3,0.0,10.0,72.3,9.59
sweep_lr,64.2,0.0,0.0,64.2,8.39
sweep_lr,69.2,0.0,0.0,69.2,5.64
sweep_lr,58.7,0.0,0.0,58.7,8.75
sweep_lr,86.1,0.0,0.0,86.1,0.66
sweep_lr,88.1,0.0,0.0,88.1,4.43
sweep_lr,107.8,0.0,10.0,117.8,2.55
sweep_lr,135.1,0.0,10.0,145.1,5.23
sweep_lr,100.7,0.0,0.0,100.7,12.32
sweep_lr,79.7,0.0,20.0,99.7,16.1
sweep_lr,99.5,10.0,0.0,109.5,6.12
sweep_lr,105.5,0.0,0.0,105.5,6.64
sweep_lr,90.9,0.0,0.0,90.9,10.61
sweep_lr,61.1,0.0,0.0,61.1,17.52
sweep_lr,66.9,0.0,0.0,66.9,9.61
sweep_lr,60.6,0.0,0.0,60.6,8.37
sweep_lr,61.1,0.0,10.0,71.1,2.52
sweep_lr,66.9,0.0,0.0,66.9,3.11
sweep_lr,67.5,0.0,0.0,67.5,1.95
sweep_lr,62.4,10.0,0.0,72.4,0.76
sweep_lr,68.8,0.0,0.0,68.8,2.33
sweep_lr,60.0,0.0,10.0,70.0,8.58
sweep_lr,66.1,0.0,0.0,66.1,13.14
sweep_lr,61.8,0.0,0.0,61.8,15.07
sweep_lr,62.5,0.0,10.0,72.5,15.08
sweep_lr,73.3,0.0,0.0,73.3,14.27
sweep_lr,61.0,0.0,0.0,61.0,13.22
sweep_lr,62.1,0.0,0.0,62.1,12.14
sweep_lr,72.5,0.0,0.0,72.5,10.62
sweep_lr,71.5,0.0,0.0,71.5,8.92
sweep_lr,63.2,0.0,10.0,73.2,6.94
sweep_lr,65.8,0.0,0.0,65.8,6.06
sweep_lr,60.5,0.0,0.0,60.5,5.37
sweep_lr,58.9,0.0,0.0,58.9,4.74
sweep_lr,71.2,0.0,0.0,71.2,3.99
sweep_lr,69.6,0.0,0.0,69.6,3.53
sweep_lr,60.2,0.0,0.0,60.2,3.03
sweep_lr,62.2,10.0,0.0,72.2,2.5
sweep_lr,68.7,0.0,0.0,68.7,2.16
sweep_lr,59.4,0.0,0.0,59.4,1.86
sweep_lr,61.0,0.0,10.0,71.0,1.52
sweep_lr,68.5,0.0,0.0,68.5,1.31
sweep_lr,59.6,0.0,10.0,69.6,1.06
sweep_lr,66.3,0.0,0.0,66.3,0.91
sweep_lr,61.9,0.0,10.0,71.9,0.74
sweep_lr,55.7,0.0,10.0,65.7,0.64
sweep_lr,66.4,0.0,0.0,66.4,0.55
sweep_lr,61.5,0.0,0.0,61.5,10.41
sweep_lr,62.6,0.0,10.0,72.6,14.0
sweep_lr,67.2,0.0,0.0,67.2,17.81
sweep_lr,61.8,0.0,0.0,61.8,19.95
sweep_lr,62.1,0.0,10.0,72.1,15.69
sweep_lr,62.6,10.0,0.0,72.6,14.57
sweep_lr,69.2,0.0,0.0,69.2,15.08
sweep_lr,60.6,0.0,0.0,60.6,16.42
sweep_lr,60.8,0.0,10.0,70.8,10.92
sweep_lr,69.9,0.0,0.0,69.9,10.45
sweep_lr,58.2,0.0,0.0,58.2,13.01
sweep_lr,61.2,0.0,10.0,71.2,8.12
sweep_lr,66.9,0.0,0.0,66.9,7.66
sweep_lr,57.7,0.0,0.0,57.7,9.83
sweep_lr,71.6,0.0,0.0,71.6,4.24
sweep_lr,69.5,0.0,0.0,69.5,5.22
sweep_lr,60.8,0.0,0.0,60.8,8.33
sweep_lr,60.8,0.0,0.0,60.8,8.27
sweep_lr,67.7,0.0,0.0,67.7,5.39
sweep_lr,60.1,0.0,0.0,60.1,7.84
sweep_lr,61.1,0.0,10.0,71.1,4.35
sweep_lr,66.8,0.0,0.0,66.8,5.67
sweep_lr,59.7,0.0,0.0,59.7,7.54
sweep_lr,61.7,0.0,10.0,71.7,3.84
sweep_lr,69.1,0.0,0.0,69.1,5.05
sweep_lr,59.4,0.0,0.0,59.4,8.43
sweep_lr,61.0,0.0,10.0,71.0,4.61
sweep_lr,68.6,0.0,0.0,68.6,5.87
sweep_lr,62.0,0.0,10.0,72.0,6.04
sweep_lr,66.0,0.0,0.0,66.0,7.73
sweep_lr,60.6,0.0,0.0,60.6,9.99
sweep_lr,59.3,0.0,0.0,59.3,10.32
sweep_lr,61.6,0.0,10.0,71.6,6.97
sweep_lr,69.4,0.0,0.0,69.4,8.32
sweep_lr,60.7,0.0,0.0,60.7,11.26
sweep_lr,71.1,0.0,0.0,71.1,8.75
sweep_lr,62.4,0.0,10.0,72.4,8.99
sweep_lr,57.5,0.0,10.0,67.5,10.77
sweep_lr,67.1,0.0,0.0,67.1,11.22
sweep_lr,61.7,0.0,10.0,71.7,10.18
sweep_lr,70.8,0.0,0.0,70.8,10.62
sweep_lr,70.9,0.0,10.0,80.9,7.96
sweep_lr,66.4,0.0,10.0,76.4,9.51
sweep_lr,56.1,0.0,10.0,66.1,12.4
sweep_lr,66.2,0.0,0.0,66.2,12.0
sweep_lr,64.9,0.0,10.0,74.9,8.7
sweep_lr,56.2,0.0,10.0,66.2,10.93
sweep_lr,66.0,0.0,0.0,66.0,10.03
sweep_lr,68.7,0.0,0.0,68.7,8.98
sweep_lr,70.8,0.0,0.0,70.8,8.03
sweep_lr,69.8,0.0,10.0,79.8,5.54
sweep_lr,78.0,0.0,20.0,98.0,4.83
sweep_lr,90.3,0.0,0.0,90.3,5.44
sweep_lr,88.0,0.0,0.0,88.0,7.01
sweep_lr,85.7,0.0,10.0,95.7,5.4
sweep_lr,94.7,0.0,0.0,94.7,5.85
sweep_lr,66.6,0.0,0.0,66.6,14.88
sweep_lr,67.4,0.0,0.0,67.4,10.91
sweep_lr,61.2,0.0,10.0,71.2,8.78
sweep_lr,67.4,0.0,0.0,67.4,5.27
sweep_lr,58.4,0.0,0.0,58.4,12.73
sweep_lr,61.4,0.0,10.0,71.4,20.25
sweep_lr,67.2,0.0,0.0,67.2,26.88
sweep_lr,71.7,0.0,0.0,71.7,28.48
sweep_lr,67.4,0.0,0.0,67.4,30.0
sweep_lr,62.1,0.0,0.0,62.1,30.08
sweep_lr,60.5,0.0,0.0,60.5,27.38
sweep_lr,62.3,0.0,10.0,72.3,21.13
sweep_lr,68.6,0.0,0.0,68.6,20.61
sweep_lr,59.4,0.0,0.0,59.4,21.77
sweep_lr,60.9,0.0,10.0,70.9,15.18
sweep_lr,66.7,0.0,0.0,66.7,15.07
sweep_lr,60.0,0.0,0.0,60.0,16.15
sweep_lr,71.1,0.0,0.0,71.1,11.04
sweep_lr,63.4,0.0,10.0,73.4,10.93
sweep_lr,56.4,0.0,10.0,66.4,12.53
sweep_lr,66.3,0.0,0.0,66.3,12.0
sweep_lr,61.8,0.0,10.0,71.8,12.95
sweep_lr,66.4,0.0,0.0,66.4,11.46
sweep_lr,69.3,0.0,0.0,69.3,10.63
sweep_lr,64.8,0.0,10.0,74.8,10.7
sweep_lr,70.8,0.0,0.0,70.8,11.26
sweep_lr,71.5,0.0,10.0,81.5,8.39
sweep_lr,59.0,10.0,0.0,69.0,12.35
sweep_lr,68.0,0.0,0.0,68.0,12.84
sweep_lr,69.4,0.0,0.0,69.4,10.32
sweep_lr,67.1,0.0,10.0,77.1,2.71
sweep_lr,57.4,10.0,0.0,67.4,1.85
sweep_lr,66.7,0.0,0.0,66.7,4.4
sweep_lr,63.4,0.0,10.0,73.4,6.11
sweep_lr,58.0,10.0,0.0,68.0,6.02
sweep_lr,66.8,0.0,0.0,66.8,5.05
sweep_lr,63.0,0.0,0.0,63.0,3.48
sweep_lr,61.3,0.0,10.0,71.3,3.13
sweep_lr,64.7,0.0,0.0,64.7,4.21
sweep_lr,61.7,0.0,0.0,61.7,8.1
sweep_lr,62.4,0.0,10.0,72.4,8.94
sweep_lr,73.9,0.0,0.0,73.9,10.43
sweep_lr,69.4,0.0,0.0,69.4,12.88
sweep_lr,67.8,0.0,0.0,67.8,13.3
sweep_lr,61.5,0.0,10.0,71.5,12.55
sweep_lr,66.8,0.0,0.0,66.8,13.39
sweep_lr,62.7,0.0,10.0,72.7,10.87
sweep_lr,65.4,0.0,0.0,65.4,12.38
sweep_lr,60.2,0.0,0.0,60.2,13.38
sweep_lr,61.7,0.0,0.0,61.7,11.39
sweep_lr,71.0,0.0,0.0,71.0,8.05
sweep_lr,61.1,0.0,0.0,61.1,10.89
sweep_lr,60.2,0.0,0.0,60.2,10.33
sweep_lr,61.1,0.0,10.0,71.1,5.26
sweep_lr,67.1,0.0,0.0,67.1,3.77
sweep_lr,67.6,0.0,0.0,67.6,2.92
sweep_lr,70.7,0.0,0.0,70.7,3.91
sweep_lr,60.0,0.0,0.0,60.0,9.45
sweep_lr,60.0,0.0,0.0,60.0,11.58
sweep_lr,61.1,0.0,10.0,71.1,9.56
sweep_lr,56.7,10.0,0.0,66.7,9.81
sweep_lr,67.1,0.0,0.0,67.1,8.73
sweep_lr,71.1,0.0,0.0,71.1,7.22
sweep_lr,69.1,0.0,0.0,69.1,7.12
sweep_lr,60.4,0.0,0.0,60.4,9.71
sweep_lr,60.9,0.0,10.0,70.9,6.46
sweep_lr,69.1,0.0,0.0,69.1,5.54
sweep_lr,59.0,0.0,0.0,59.0,8.76
sweep_lr,70.8,0.0,0.0,70.8,5.95
sweep_lr,70.1,0.0,0.0,70.1,5.14
sweep_lr,65.0,10.0,0.0,75.0,5.22
sweep_lr,67.3,0.0,0.0,67.3,7.68
sweep_lr,62.1,0.0,0.0,62.1,8.56
sweep_lr,62.3,0.0,10.0,72.3,4.4
sweep_lr,66.8,0.0,0.0,66.8,5.58
sweep_lr,62.0,0.0,0.0,62.0,4.67
sweep_lr,61.9,0.0,0.0,61.9,10.17
sweep_lr,71.9,0.0,0.0,71.9,12.96
sweep_lr,69.5,0.0,0.0,69.5,13.27
sweep_lr,61.1,0.0,0.0,61.1,13.01
sweep_lr,71.3,0.0,0.0,71.3,11.77
sweep_lr,69.4,0.0,0.0,69.4,11.05
sweep_lr,61.8,0.0,10.0,71.8,9.71
sweep_lr,65.5,10.0,0.0,75.5,8.48
sweep_lr,60.9,10.0,0.0,70.9,8.35
sweep_lr,79.8,0.0,0.0,79.8,7.5
sweep_lr,86.5,0.0,0.0,86.5,6.41
sweep_lr,91.9,0.0,10.0,101.9,5.14
sweep_lr,96.6,0.0,10.0,106.6,4.04
sweep_lr,106.2,0.0,0.0,106.2,3.42
sweep_lr,70.4,0.0,0.0,70.4,3.17
sweep_lr,69.3,0.0,0.0,69.3,2.47
sweep_lr,63.6,0.0,10.0,73.6,2.45
sweep_lr,75.2,0.0,0.0,75.2,3.07
sweep_lr,69.4,0.0,0.0,69.4,3.73
sweep_lr,63.4,0.0,10.0,73.4,5.1
sweep_lr,68.8,0.0,0.0,68.8,5.8
sweep_lr,68.6,0.0,0.0,68.6,7.51
sweep_lr,62.4,0.0,0.0,62.4,8.6
sweep_lr,61.4,0.0,10.0,71.4,8.6
sweep_lr,64.8,0.0,0.0,64.8,8.52
sweep_lr,69.3,0.0,0.0,69.3,10.19
sweep_lr,59.8,0.0,0.0,59.8,16.09
sweep_lr,71.3,0.0,0.0,71.3,14.83
sweep_lr,69.9,0.0,0.0,69.9,16.22
sweep_lr,63.7,0.0,0.0,63.7,15.97
sweep_lr,63.9,10.0,0.0,73.9,15.11
sweep_lr,68.6,0.0,0.0,68.6,15.67
sweep_lr,63.1,0.0,10.0,73.1,13.26
sweep_lr,63.2,0.0,10.0,73.2,11.88
sweep_lr,67.1,0.0,0.0,67.1,12.46
sweep_lr,60.6,0.0,10.0,70.6,10.22
sweep_lr,62.5,0.0,10.0,72.5,8.39
sweep_lr,67.9,0.0,0.0,67.9,9.17
sweep_lr,59.6,0.0,0.0,59.6,11.11
sweep_lr,71.2,0.0,0.0,71.2,6.0
sweep_lr,69.8,0.0,0.0,69.8,6.24
sweep_lr,59.6,0.0,0.0,59.6,9.38
sweep_lr,62.2,10.0,0.0,72.2,4.2
sweep_lr,69.3,0.0,0.0,69.3,5.08
sweep_lr,59.0,0.0,0.0,59.0,8.3
sweep_lr,61.2,0.0,10.0,71.2,3.4
sweep_lr,67.0,0.0,0.0,67.0,4.65
sweep_lr,61.9,0.0,10.0,71.9,3.72
sweep_lr,66.1,0.0,10.0,76.1,5.61
sweep_lr,69.0,0.0,0.0,69.0,5.54
sweep_lr,69.5,0.0,0.0,69.5,5.47
sweep_lr,68.9,0.0,0.0,68.9,5.76
sweep_lr,64.3,0.0,10.0,74.3,4.48
sweep_lr,56.5,0.0,10.0,66.5,6.73
sweep_lr,67.2,0.0,0.0,67.2,5.61
sweep_lr,61.4,0.0,0.0,61.4,7.47
sweep_lr,61.6,0.0,0.0,61.6,6.4
sweep_lr,72.4,0.0,0.0,72.4,2.83
sweep_lr,69.9,0.0,0.0,69.9,4.08
sweep_lr,60.6,0.0,0.0,60.6,7.39
sweep_lr,73.4,0.0,0.0,73.4,2.73
sweep_lr,60.5,0.0,0.0,60.5,7.12
sweep_lr,59.1,0.0,0.0,59.1,6.67
sweep_lr,71.4,0.0,0.0,71.4,2.25
sweep_lr,61.6,0.0,0.0,61.6,5.74
sweep_lr,60.7,0.0,0.0,60.7,5.83
sweep_lr,70.7,0.0,0.0,70.7,2.44
sweep_lr,69.7,0.0,0.0,69.7,3.24
sweep_lr,73.1,0.0,0.0,73.1,3.54
sweep_lr,67.3,0.0,0.0,67.3,6.04
sweep_lr,62.5,0.0,0.0,62.5,7.23
sweep_lr,63.1,0.0,10.0,73.1,3.24
sweep_lr,66.1,0.0,0.0,66.1,5.68
sweep_lr,60.2,0.0,0.0,60.2,6.85
sweep_lr,60.9,0.0,10.0,70.9,3.29
sweep_lr,72.7,0.0,0.0,72.7,3.29
sweep_lr,68.7,0.0,0.0,68.7,5.33
sweep_lr,61.3,0.0,0.0,61.3,7.57
sweep_lr,71.1,0.0,0.0,71.1,4.19
sweep_lr,69.4,0.0,0.0,69.4,4.34
sweep_lr,60.2,0.0,0.0,60.2,7.0
sweep_lr,60.8,0.0,10.0,70.8,2.91
sweep_lr,66.7,0.0,0.0,66.7,4.08
sweep_lr,58.1,0.0,0.0,58.1,6.95
sweep_lr,62.0,10.0,0.0,72.0,5.2
sweep_lr,68.8,0.0,0.0,68.8,10.69
sweep_lr,63.8,0.0,10.0,73.8,16.1
sweep_lr,63.1,10.0,0.0,73.1,19.2
sweep_lr,70.2,0.0,0.0,70.2,17.75
sweep_lr,61.2,0.0,10.0,71.2,15.04
sweep_lr,66.0,0.0,0.0,66.0,22.18
sweep_lr,65.2,0.0,10.0,75.2,24.77
sweep_lr,65.6,0.0,10.0,75.6,25.69
sweep_lr,66.1,0.0,0.0,66.1,28.08
sweep_lr,60.4,0.0,0.0,60.4,27.11
sweep_lr,59.9,0.0,0.0,59.9,24.23
sweep_lr,71.9,0.0,0.0,71.9,17.56
sweep_lr,63.0,0.0,0.0,63.0,19.19
sweep_lr,63.8,10.0,0.0,73.8,13.93
sweep_lr,67.2,0.0,0.0,67.2,15.13
sweep_lr,61.9,0.0,0.0,61.9,15.36
sweep_lr,63.7,0.0,10.0,73.7,9.69
sweep_lr,64.3,0.0,0.0,64.3,11.69
sweep_lr,70.5,0.0,10.0,80.5,5.78
sweep_lr,74.9,0.0,0.0,74.9,7.82
sweep_lr,67.9,0.0,10.0,77.9,7.44
sweep_lr,73.1,0.0,0.0,73.1,8.75
sweep_lr,71.8,0.0,0.0,71.8,8.87
sweep_lr,70.6,0.0,0.0,70.6,8.81
sweep_lr,65.2,0.0,10.0,75.2,6.95
sweep_lr,67.3,0.0,0.0,67.3,8.57
sweep_lr,70.4,0.0,10.0,80.4,3.87
sweep_lr,70.5,0.0,0.0,70.5,7.51
sweep_lr,69.3,0.0,0.0,69.3,7.14
sweep_lr,67.6,0.0,0.0,67.6,6.99
sweep_lr,65.1,0.0,0.0,65.1,5.39
sweep_lr,65.0,0.0,10.0,75.0,4.11
sweep_lr,65.8,0.0,0.0,65.8,6.76
sweep_lr,64.4,0.0,10.0,74.4,3.98
sweep_lr,57.3,10.0,0.0,67.3,6.11
sweep_lr,67.0,0.0,0.0,67.0,5.96
sweep_lr,63.0,0.0,10.0,73.0,4.62
sweep_lr,57.0,0.0,10.0,67.0,5.95
sweep_lr,66.8,0.0,0.0,66.8,5.19
sweep_lr,61.4,0.0,0.0,61.4,6.48
sweep_lr,59.6,0.0,0.0,59.6,6.38
sweep_lr,60.9,0.0,10.0,70.9,2.27
sweep_lr,67.4,0.0,0.0,67.4,3.63
sweep_lr,57.9,0.0,0.0,57.9,6.54
sweep_lr,62.4,0.0,10.0,72.4,0.92
sweep_lr,67.3,0.0,0.0,67.3,3.03
sweep_lr,60.8,0.0,10.0,70.8,2.85
sweep_lr,65.7,0.0,0.0,65.7,4.66
sweep_lr,62.2,0.0,10.0,72.2,2.81
sweep_lr,67.5,0.0,0.0,67.5,4.48
sweep_lr,67.7,0.0,0.0,67.7,4.66
sweep_lr,65.7,0.0,10.0,75.7,3.03
sweep_lr,67.7,0.0,0.0,67.7,5.76
sweep_lr,69.4,0.0,0.0,69.4,5.22
sweep_lr,64.1,10.0,0.0,74.1,4.32
sweep_lr,70.4,0.0,0.0,70.4,5.62
sweep_lr,70.5,0.0,10.0,80.5,5.62
sweep_lr,69.0,0.0,0.0,69.0,6.84
sweep_lr,69.6,0.0,0.0,69.6,6.44
sweep_lr,68.8,0.0,0.0,68.8,6.43
sweep_lr,62.3,0.0,0.0,62.3,8.09
sweep_lr,61.7,0.0,0.0,61.7,7.46
sweep_lr,60.9,0.0,10.0,70.9,4.67
sweep_lr,67.8,0.0,0.0,67.8,5.82
sweep_lr,62.9,10.0,0.0,72.9,5.82
sweep_lr,67.9,0.0,0.0,67.9,7.8
sweep_lr,63.1,0.0,10.0,73.1,7.11
sweep_lr,65.5,10.0,0.0,75.5,7.16
sweep_lr,67.0,0.0,10.0,77.0,12.01
sweep_lr,66.2,0.0,10.0,76.2,13.54
sweep_lr,56.3,0.0,10.0,66.3,13.54
sweep_lr,65.8,0.0,0.0,65.8,12.78
sweep_lr,70.5,0.0,0.0,70.5,11.88
sweep_lr,60.6,0.0,0.0,60.6,11.06
sweep_lr,61.1,0.0,10.0,71.1,9.64
sweep_lr,67.3,0.0,0.0,67.3,8.81
sweep_lr,60.4,0.0,0.0,60.4,8.12
sweep_lr,70.9,0.0,0.0,70.9,6.47
sweep_lr,61.4,0.0,0.0,61.4,6.08
sweep_lr,63.3,0.0,10.0,73.3,5.4
sweep_lr,66.1,0.0,0.0,66.1,4.19
sweep_lr,62.3,0.0,10.0,72.3,4.18
sweep_lr,56.8,0.0,10.0,66.8,3.73
sweep_lr,67.3,0.0,0.0,67.3,9.74
sweep_lr,63.1,0.0,10.0,73.1,15.32
sweep_lr,57.2,10.0,0.0,67.2,19.29
sweep_lr,66.7,0.0,0.0,66.7,19.78
sweep_lr,62.0,0.0,10.0,72.0,17.2
sweep_lr,64.4,10.0,0.0,74.4,15.28
sweep_lr,67.5,0.0,0.0,67.5,16.75
sweep_lr,62.9,0.0,0.0,62.9,16.86
sweep_lr,61.5,0.0,0.0,61.5,15.38
sweep_lr,62.6,0.0,10.0,72.6,9.85
sweep_lr,67.4,0.0,0.0,67.4,10.69
sweep_lr,58.3,0.0,0.0,58.3,12.25
sweep_lr,61.5,0.0,10.0,71.5,6.56
sweep_lr,68.6,0.0,0.0,68.6,7.23
sweep_lr,59.7,0.0,10.0,69.7,7.63
sweep_lr,64.4,0.0,0.0,64.4,7.41
sweep_lr,60.8,0.0,10.0,70.8,4.66
sweep_lr,64.9,0.0,10.0,74.9,6.22
sweep_lr,74.7,0.0,0.0,74.7,4.0
sweep_lr,60.2,0.0,0.0,60.2,8.81
sweep_lr,59.6,0.0,10.0,69.6,4.67
sweep_lr,65.3,0.0,0.0,65.3,5.62
sweep_lr,62.9,0.0,10.0,72.9,3.55
sweep_lr,63.5,0.0,0.0,63.5,6.73
prep_sweep_ud,71.6,0.0,0.0,71.6,3.94
prep_sweep_ud,62.1,0.0,0.0,62.1,7.01
prep_sweep_ud,61.3,0.0,0.0,61.3,6.73
prep_sweep_ud,72.6,0.0,0.0,72.6,2.9
prep_sweep_ud,61.8,0.0,0.0,61.8,6.86
prep_sweep_ud,59.4,0.0,0.0,59.4,7.02
prep_sweep_ud,60.9,0.0,10.0,70.9,2.89
prep_sweep_ud,67.3,0.0,0.0,67.3,4.26
prep_sweep_ud,60.5,0.0,0.0,60.5,6.7
prep_sweep_ud,62.1,0.0,10.0,72.1,2.72
prep_sweep_ud,68.4,0.0,0.0,68.4,4.17
prep_sweep_ud,76.3,0.0,10.0,86.3,0.92
prep_sweep_ud,64.4,0.0,10.0,74.4,5.73
prep_sweep_ud,70.7,0.0,0.0,70.7,6.47
prep_sweep_ud,70.3,0.0,0.0,70.3,6.11
prep_sweep_ud,69.5,0.0,10.0,79.5,3.56
prep_sweep_ud,75.9,0.0,0.0,75.9,4.82
prep_sweep_ud,71.7,0.0,0.0,71.7,6.46
prep_sweep_ud,71.1,0.0,10.0,81.1,3.73
prep_sweep_ud,66.7,0.0,10.0,76.7,8.01
prep_sweep_ud,56.6,0.0,10.0,66.6,7.89
prep_sweep_ud,67.9,0.0,0.0,67.9,6.01
prep_sweep_ud,76.4,0.0,0.0,76.4,3.12
prep_sweep_ud,70.1,0.0,0.0,70.1,5.89
prep_sweep_ud,69.0,0.0,0.0,69.0,5.83
prep_sweep_ud,62.9,0.0,0.0,62.9,7.27
prep_sweep_ud,63.5,0.0,10.0,73.5,6.68
prep_sweep_ud,64.8,0.0,0.0,64.8,5.76
prep_sweep_ud,60.0,0.0,0.0,60.0,6.12
prep_sweep_ud,62.3,10.0,0.0,72.3,1.58
prep_sweep_ud,67.7,0.0,0.0,67.7,3.72
prep_sweep_ud,65.7,0.0,10.0,75.7,2.14
prep_sweep_ud,65.5,0.0,0.0,65.5,5.36
prep_sweep_ud,65.3,0.0,0.0,65.3,5.87
prep_sweep_ud,62.8,0.0,10.0,72.8,3.4
prep_sweep_ud,67.3,0.0,0.0,67.3,10.08
prep_sweep_ud,69.0,0.0,0.0,69.0,18.71
prep_sweep_ud,63.3,0.0,0.0,63.3,22.62
prep_sweep_ud,66.9,0.0,0.0,66.9,21.93
prep_sweep_ud,69.7,0.0,0.0,69.7,21.23
prep_sweep_ud,64.7,0.0,10.0,74.7,20.62
prep_sweep_ud,57.2,10.0,0.0,67.2,17.08
prep_sweep_ud,67.9,0.0,0.0,67.9,15.44
prep_sweep_ud,63.5,0.0,10.0,73.5,11.63
prep_sweep_ud,57.1,10.0,0.0,67.1,10.66
prep_sweep_ud,67.0,0.0,0.0,67.0,10.28
prep_sweep_ud,63.5,0.0,0.0,63.5,13.64
prep_sweep_ud,63.5,0.0,10.0,73.5,15.57
prep_sweep_ud,72.6,0.0,0.0,72.6,16.45
prep_sweep_ud,60.2,0.0,0.0,60.2,20.85
prep_sweep_ud,60.9,0.0,0.0,60.9,19.45
prep_sweep_ud,61.1,0.0,0.0,61.1,17.85
prep_sweep_ud,66.8,0.0,0.0,66.8,14.66
prep_sweep_ud,58.4,0.0,0.0,58.4,15.9
prep_sweep_ud,62.1,0.0,10.0,72.1,9.65
prep_sweep_ud,67.4,0.0,0.0,67.4,1.68
prep_sweep_ud,61.5,0.0,0.0,61.5,5.5
prep_sweep_ud,61.6,0.0,10.0,71.6,5.59
prep_sweep_ud,69.5,0.0,0.0,69.5,7.28
prep_sweep_ud,59.5,0.0,0.0,59.5,11.04
prep_sweep_ud,73.4,0.0,0.0,73.4,5.9
prep_sweep_ud,62.2,0.0,0.0,62.2,3.76
prep_sweep_ud,63.3,0.0,10.0,73.3,6.32
prep_sweep_ud,66.1,0.0,0.0,66.1,20.23
prep_sweep_ud,64.3,0.0,0.0,64.3,27.62
prep_sweep_ud,63.2,0.0,10.0,73.2,27.12
prep_sweep_ud,66.5,0.0,0.0,66.5,28.81
prep_sweep_ud,64.7,0.0,10.0,74.7,24.29
prep_sweep_ud,,,0.0,74.9,23.49
prep_sweep_ud,,,10.0,79.3,23.16
prep_sweep_ud,,,10.0,76.9,18.8
prep_sweep_ud,,,10.0,67.1,19.85
prep_sweep_ud,,,0.0,67.4,17.31
prep_sweep_ud,,,10.0,72.5,13.18
prep_sweep_ud,,,10.0,74.2,10.96
prep_sweep_ud,,,0.0,74.2,9.94
prep_sweep_ud,,,0.0,69.4,10.72
prep_sweep_ud,,,0.0,60.4,12.67
prep_sweep_ud,70.9,0.0,0.0,70.9,7.77
prep_sweep_ud,60.9,0.0,0.0,60.9,3.18
prep_sweep_ud,63.0,0.0,10.0,73.0,9.74
prep_sweep_ud,62.3,10.0,0.0,72.3,12.71
prep_sweep_ud,69.2,0.0,0.0,69.2,16.74
prep_sweep_ud,58.4,0.0,0.0,58.4,21.78
prep_sweep_ud,70.9,0.0,10.0,80.9,17.32
prep_sweep_ud,67.1,0.0,10.0,77.1,18.09
prep_sweep_ud,68.9,0.0,0.0,68.9,20.03
prep_sweep_ud,70.3,0.0,0.0,70.3,19.96
prep_sweep_ud,67.0,0.0,10.0,77.0,16.02
prep_sweep_ud,67.7,0.0,0.0,67.7,17.46
prep_sweep_ud,69.6,0.0,0.0,69.6,15.48
prep_sweep_ud,65.4,0.0,0.0,65.4,15.33
prep_sweep_ud,65.9,0.0,10.0,75.9,11.04
prep_sweep_ud,66.6,0.0,0.0,66.6,13.2
prep_sweep_ud,61.3,0.0,0.0,61.3,14.35
prep_sweep_ud,63.6,0.0,0.0,63.6,11.85
prep_sweep_ud,65.1,0.0,0.0,65.1,10.73
prep_sweep_ud,69.4,0.0,0.0,69.4,8.63
prep_sweep_ud,59.4,0.0,0.0,59.4,11.55
prep_sweep_ud,62.9,0.0,10.0,72.9,7.62
prep_sweep_ud,68.7,0.0,0.0,68.7,9.15
prep_sweep_ud,62.4,0.0,0.0,62.4,11.27
prep_sweep_ud,71.9,0.0,0.0,71.9,8.08
prep_sweep_ud,62.9,0.0,10.0,72.9,8.0
prep_sweep_ud,57.3,0.0,10.0,67.3,9.08
prep_sweep_ud,69.4,0.0,0.0,69.4,7.75
prep_sweep_ud,65.6,0.0,10.0,75.6,9.07
prep_sweep_ud,67.5,0.0,0.0,67.5,9.38
prep_sweep_ud,68.0,0.0,0.0,68.0,9.42
prep_sweep_ud,62.9,10.0,0.0,72.9,8.96
prep_sweep_ud,69.3,0.0,0.0,69.3,11.72
prep_sweep_ud,69.4,0.0,10.0,79.4,16.92
prep_sweep_ud,65.7,0.0,10.0,75.7,23.87
prep_sweep_ud,65.3,0.0,10.0,75.3,28.17
prep_sweep_ud,65.9,0.0,0.0,65.9,28.93
prep_sweep_ud,62.7,0.0,0.0,62.7,31.02
prep_sweep_ud,62.9,0.0,10.0,72.9,26.79
prep_sweep_ud,73.4,0.0,0.0,73.4,25.58
prep_sweep_ud,60.2,0.0,0.0,60.2,27.83
prep_sweep_ud,58.7,0.0,0.0,58.7,25.55
sweep_ud,58.9,0.0,10.0,68.9,18.6
sweep_ud,61.4,0.0,0.0,61.4,18.94
sweep_ud,60.3,0.0,0.0,60.3,17.42
sweep_ud,72.3,0.0,0.0,72.3,12.64
sweep_ud,60.6,0.0,0.0,60.6,15.38
sweep_ud,58.9,0.0,0.0,58.9,14.25
sweep_ud,60.5,0.0,10.0,70.5,9.41
sweep_ud,67.0,0.0,0.0,67.0,9.86
sweep_ud,59.1,0.0,0.0,59.1,11.89
sweep_ud,59.1,0.0,0.0,59.1,10.85
sweep_ud,66.8,0.0,0.0,66.8,8.35
sweep_ud,59.5,0.0,0.0,59.5,9.6
sweep_ud,59.5,0.0,0.0,59.5,9.1
sweep_ud,67.0,0.0,10.0,77.0,4.23
sweep_ud,68.0,0.0,10.0,78.0,5.38
sweep_ud,73.0,0.0,10.0,83.0,4.7
sweep_ud,70.2,0.0,0.0,70.2,9.45
sweep_ud,69.3,0.0,0.0,69.3,3.59
sweep_ud,68.1,0.0,0.0,68.1,6.56
sweep_ud,64.7,0.0,10.0,74.7,9.55
sweep_ud,67.8,0.0,0.0,67.8,10.17
sweep_ud,67.8,0.0,0.0,67.8,9.87
sweep_ud,63.3,0.0,10.0,73.3,8.74
sweep_ud,68.2,0.0,0.0,68.2,7.98
sweep_ud,69.8,0.0,0.0,69.8,7.09
sweep_ud,65.2,0.0,10.0,75.2,6.21
sweep_ud,65.5,0.0,10.0,75.5,5.65
sweep_ud,65.8,0.0,0.0,65.8,5.11
sweep_ud,64.4,0.0,0.0,64.4,4.86
sweep_ud,62.9,0.0,10.0,72.9,4.15
sweep_ud,67.0,0.0,0.0,67.0,3.62
sweep_ud,61.4,0.0,10.0,71.4,2.92
sweep_ud,75.1,0.0,0.0,75.1,2.7
sweep_ud,70.6,0.0,10.0,80.6,2.58
sweep_ud,58.6,0.0,10.0,68.6,3.27
sweep_ud,71.0,0.0,0.0,71.0,3.61
sweep_ud,69.4,0.0,10.0,79.4,2.86
sweep_ud,67.0,0.0,10.0,77.0,2.33
sweep_ud,67.2,0.0,0.0,67.2,2.01
sweep_ud,69.6,0.0,0.0,69.6,1.38
sweep_ud,64.7,0.0,10.0,74.7,1.32
sweep_ud,65.2,0.0,10.0,75.2,1.54
sweep_ud,65.1,0.0,0.0,65.1,1.66
sweep_ud,69.7,0.0,0.0,69.7,1.71
sweep_ud,58.4,0.0,10.0,68.4,1.84
sweep_ud,62.7,0.0,10.0,72.7,1.99
sweep_ud,67.0,0.0,0.0,67.0,3.52
sweep_ud,68.0,0.0,0.0,68.0,10.51
sweep_ud,58.0,0.0,0.0,58.0,14.98
sweep_ud,66.8,0.0,0.0,66.8,15.29
sweep_ud,58.3,0.0,0.0,58.3,15.87
sweep_ud,58.8,0.0,0.0,58.8,16.08
sweep_ud,67.3,0.0,0.0,67.3,13.32
sweep_ud,59.7,0.0,0.0,59.7,12.21
sweep_ud,59.6,0.0,10.0,69.6,8.83
sweep_ud,67.6,0.0,0.0,67.6,8.22
sweep_ud,67.2,0.0,0.0,67.2,6.82
sweep_ud,57.9,0.0,0.0,57.9,6.13
sweep_ud,60.8,10.0,0.0,70.8,3.54
sweep_ud,58.4,0.0,0.0,58.4,4.06
sweep_ud,57.6,0.0,0.0,57.6,3.9
sweep_ud,70.9,0.0,0.0,70.9,2.08
sweep_ud,58.6,0.0,0.0,58.6,2.16
sweep_ud,62.7,0.0,10.0,72.7,0.89
sweep_ud,64.5,0.0,0.0,64.5,1.0
sweep_ud,59.4,0.0,0.0,59.4,1.87
sweep_ud,68.7,0.0,0.0,68.7,1.21
sweep_ud,73.6,0.0,0.0,73.6,1.77
sweep_ud,59.3,0.0,0.0,59.3,3.31
sweep_ud,61.5,0.0,10.0,71.5,3.03
sweep_ud,71.4,0.0,0.0,71.4,4.45
sweep_ud,58.4,0.0,0.0,58.4,6.47
sweep_ud,57.6,0.0,0.0,57.6,6.85
sweep_ud,71.0,0.0,0.0,71.0,6.23
sweep_ud,61.2,0.0,0.0,61.2,9.87
sweep_ud,60.3,0.0,0.0,60.3,11.95
sweep_ud,70.8,0.0,0.0,70.8,8.97
sweep_ud,59.0,0.0,0.0,59.0,10.52
sweep_ud,58.5,10.0,0.0,68.5,8.05
sweep_ud,73.0,0.0,0.0,73.0,8.59
sweep_ud,60.9,0.0,10.0,70.9,10.17
sweep_ud,61.8,0.0,10.0,71.8,8.22
sweep_ud,71.8,0.0,10.0,81.8,6.52
sweep_ud,63.8,10.0,0.0,73.8,10.36
sweep_ud,67.8,0.0,0.0,67.8,10.24
sweep_ud,67.5,0.0,10.0,77.5,5.73
sweep_ud,68.2,0.0,0.0,68.2,4.45
sweep_ud,67.6,0.0,0.0,67.6,8.03
sweep_ud,68.9,0.0,10.0,78.9,10.74
sweep_ud,68.4,0.0,0.0,68.4,11.72
sweep_ud,70.5,0.0,0.0,70.5,12.57
sweep_ud,69.1,0.0,0.0,69.1,16.1
sweep_ud,63.7,0.0,10.0,73.7,19.73
sweep_ud,65.6,0.0,0.0,65.6,23.09
sweep_ud,64.5,0.0,0.0,64.5,23.12
sweep_ud,64.1,0.0,0.0,64.1,22.65
sweep_ud,66.4,0.0,0.0,66.4,21.03
sweep_ud,66.8,0.0,0.0,66.8,20.28
sweep_ud,62.7,0.0,10.0,72.7,17.33
sweep_ud,72.0,0.0,0.0,72.0,16.38
sweep_ud,65.1,0.0,0.0,65.1,17.52
sweep_ud,60.1,0.0,0.0,60.1,17.51
sweep_ud,59.6,0.0,0.0,59.6,15.69
sweep_ud,71.2,0.0,0.0,71.2,10.66
sweep_ud,60.8,0.0,10.0,70.8,10.28
sweep_ud,68.9,0.0,10.0,78.9,7.41
sweep_ud,70.3,0.0,10.0,80.3,7.02
sweep_ud,56.4,10.0,0.0,66.4,11.35
sweep_ud,68.1,0.0,0.0,68.1,9.99
sweep_ud,66.7,0.0,0.0,66.7,9.6
sweep_ud,62.7,0.0,10.0,72.7,7.05
sweep_ud,68.3,0.0,0.0,68.3,8.11
sweep_ud,67.2,0.0,0.0,67.2,8.07
sweep_ud,62.1,0.0,0.0,62.1,9.22
sweep_ud,70.7,0.0,0.0,70.7,6.58
sweep_ud,73.9,0.0,0.0,73.9,5.59
sweep_ud,62.8,0.0,10.0,72.8,4.36
sweep_ud,65.8,0.0,0.0,65.8,7.07
sweep_ud,73.9,0.0,0.0,73.9,9.72
sweep_ud,62.0,0.0,10.0,72.0,11.06
sweep_ud,62.3,0.0,10.0,72.3,10.94
sweep_ud,70.9,0.0,0.0,70.9,10.17
sweep_ud,59.6,0.0,0.0,59.6,9.6
sweep_ud,62.3,0.0,10.0,72.3,8.37
sweep_ud,73.0,0.0,0.0,73.0,7.49
sweep_ud,58.7,0.0,0.0,58.7,6.62
sweep_ud,58.6,0.0,10.0,68.6,5.4
sweep_ud,70.7,0.0,0.0,70.7,4.47
sweep_ud,61.2,0.0,0.0,61.2,3.79
sweep_ud,60.8,0.0,10.0,70.8,3.41
sweep_ud,72.3,0.0,0.0,72.3,3.37
sweep_ud,58.8,0.0,0.0,58.8,3.25
sweep_ud,62.3,0.0,10.0,72.3,3.2
sweep_ud,72.8,0.0,0.0,72.8,3.24
sweep_ud,62.5,0.0,0.0,62.5,3.24
sweep_ud,71.4,0.0,0.0,71.4,3.35
sweep_ud,74.0,0.0,0.0,74.0,3.27
sweep_ud,59.2,0.0,10.0,69.2,3.24
sweep_ud,72.6,0.0,0.0,72.6,2.89
sweep_ud,64.4,0.0,0.0,64.4,2.69
sweep_ud,60.0,0.0,0.0,60.0,2.79
sweep_ud,59.4,0.0,0.0,59.4,2.65
sweep_ud,71.0,0.0,0.0,71.0,2.13
sweep_ud,62.4,0.0,10.0,72.4,1.84
sweep_ud,66.0,0.0,0.0,66.0,1.82
sweep_ud,67.5,0.0,10.0,77.5,5.31
sweep_ud,66.7,0.0,0.0,66.7,12.99
sweep_ud,68.7,0.0,0.0,68.7,16.4
sweep_ud,68.7,0.0,0.0,68.7,15.66
sweep_ud,68.8,0.0,0.0,68.8,16.24
sweep_ud,71.2,0.0,10.0,81.2,16.05
sweep_ud,71.4,0.0,10.0,81.4,12.19
sweep_ud,57.8,10.0,0.0,67.8,11.01
sweep_ud,67.4,0.0,0.0,67.4,8.94
sweep_ud,79.1,0.0,0.0,79.1,4.9
sweep_ud,71.4,10.0,0.0,81.4,3.04
sweep_ud,64.3,0.0,10.0,74.3,3.75
sweep_ud,73.7,0.0,0.0,73.7,4.05
sweep_ud,81.5,0.0,0.0,81.5,3.49
sweep_ud,76.2,0.0,0.0,76.2,3.1
sweep_ud,76.6,0.0,0.0,76.6,3.96
sweep_ud,73.0,0.0,10.0,83.0,3.08
sweep_ud,72.2,0.0,0.0,72.2,4.51
sweep_ud,76.1,0.0,0.0,76.1,2.14
sweep_ud,71.7,0.0,0.0,71.7,3.35
sweep_ud,71.5,0.0,10.0,81.5,3.03
sweep_ud,70.3,0.0,10.0,80.3,3.81
sweep_ud,66.9,0.0,0.0,66.9,3.53
sweep_ud,68.7,0.0,0.0,68.7,2.63
sweep_ud,67.0,0.0,10.0,77.0,1.63
sweep_ud,64.8,0.0,10.0,74.8,1.9
sweep_ud,66.4,0.0,0.0,66.4,2.63
sweep_ud,66.5,0.0,0.0,66.5,3.7
sweep_ud,62.8,0.0,10.0,72.8,5.68
sweep_ud,63.0,0.0,10.0,73.0,7.01
sweep_ud,73.5,0.0,10.0,83.5,7.98
sweep_ud,66.3,0.0,0.0,66.3,8.49
sweep_ud,69.2,0.0,0.0,69.2,10.74
sweep_ud,67.4,0.0,0.0,67.4,15.29
sweep_ud,63.1,0.0,0.0,63.1,20.58
sweep_ud,65.9,0.0,0.0,65.9,20.7
sweep_ud,69.0,10.0,0.0,79.0,17.34
sweep_ud,69.0,0.0,10.0,79.0,17.36
sweep_ud,72.3,0.0,10.0,82.3,19.84
sweep_ud,72.4,0.0,0.0,72.4,17.72
sweep_ud,71.3,0.0,0.0,71.3,16.83
sweep_ud,69.9,0.0,0.0,69.9,13.02
sweep_ud,73.4,0.0,0.0,73.4,13.88
sweep_ud,73.5,0.0,10.0,83.5,9.96
sweep_ud,74.9,0.0,0.0,74.9,12.15
sweep_ud,77.2,0.0,10.0,87.2,7.79
sweep_ud,76.6,0.0,0.0,76.6,10.0
sweep_ud,75.4,0.0,0.0,75.4,8.65
sweep_ud,75.5,0.0,0.0,75.5,9.07
sweep_ud,70.7,0.0,0.0,70.7,5.94
sweep_ud,69.2,0.0,0.0,69.2,8.43
sweep_ud,68.4,0.0,10.0,78.4,10.43
sweep_ud,64.9,0.0,0.0,64.9,10.66
sweep_ud,65.2,0.0,0.0,65.2,10.06
sweep_ud,64.4,0.0,0.0,64.4,9.18
sweep_ud,63.4,0.0,10.0,73.4,8.34
sweep_ud,62.5,0.0,10.0,72.5,7.07
sweep_ud,71.8,0.0,0.0,71.8,6.22
sweep_ud,60.1,0.0,0.0,60.1,5.4
sweep_ud,58.4,0.0,10.0,68.4,4.46
sweep_ud,70.8,0.0,0.0,70.8,3.88
sweep_ud,59.1,0.0,0.0,59.1,3.36
sweep_ud,57.6,0.0,0.0,57.6,2.88
sweep_ud,70.8,0.0,0.0,70.8,2.33
sweep_ud,67.9,0.0,0.0,67.9,2.02
sweep_ud,58.9,0.0,10.0,68.9,1.65
sweep_ud,73.9,0.0,0.0,73.9,1.68
sweep_ud,60.3,0.0,0.0,60.3,2.0
sweep_ud,68.8,0.0,0.0,68.8,1.6
sweep_ud,65.2,0.0,0.0,65.2,1.22
sweep_ud,61.6,0.0,10.0,71.6,1.06
sweep_ud,54.1,10.0,0.0,64.1,2.3
sweep_ud,64.4,0.0,10.0,74.4,10.32
sweep_ud,56.3,10.0,0.0,66.3,17.59
sweep_ud,67.9,0.0,0.0,67.9,19.26
sweep_ud,66.5,0.0,0.0,66.5,20.07
sweep_ud,62.8,0.0,10.0,72.8,17.56
sweep_ud,61.8,10.0,0.0,71.8,16.7
sweep_ud,64.3,0.0,0.0,64.3,17.56
sweep_ud,64.0,0.0,0.0,64.0,16.25
sweep_ud,64.3,0.0,0.0,64.3,14.85
sweep_ud,65.6,0.0,0.0,65.6,12.52
sweep_ud,62.1,0.0,10.0,72.1,9.4
sweep_ud,62.4,0.0,10.0,72.4,8.6
sweep_ud,72.1,0.0,0.0,72.1,8.24
sweep_ud,58.2,0.0,0.0,58.2,12.16
sweep_ud,58.0,0.0,0.0,58.0,11.05
sweep_ud,71.2,0.0,0.0,71.2,4.88
sweep_ud,67.9,0.0,0.0,67.9,0.97
sweep_ud,57.6,0.0,0.0,57.6,2.52
sweep_ud,71.0,0.0,0.0,71.0,5.02
sweep_ud,59.2,0.0,0.0,59.2,6.52
sweep_ud,58.6,0.0,0.0,58.6,7.84
sweep_ud,70.7,0.0,0.0,70.7,8.04
sweep_ud,59.4,0.0,0.0,59.4,8.59
sweep_ud,58.3,0.0,0.0,58.3,10.8
sweep_ud,71.1,0.0,0.0,71.1,11.41
sweep_ud,58.6,0.0,0.0,58.6,12.2
sweep_ud,59.2,0.0,0.0,59.2,11.76
sweep_ud,70.9,0.0,10.0,80.9,13.54
sweep_ud,66.6,0.0,0.0,66.6,20.82
sweep_ud,68.6,0.0,0.0,68.6,22.93
sweep_ud,67.1,0.0,0.0,67.1,23.91
sweep_ud,62.1,0.0,0.0,62.1,24.68
sweep_ud,71.4,0.0,0.0,71.4,20.21
sweep_ud,69.7,0.0,10.0,79.7,16.58
sweep_ud,77.9,0.0,0.0,77.9,16.14
sweep_ud,81.2,0.0,0.0,81.2,14.71
sweep_ud,77.9,0.0,0.0,77.9,15.22
sweep_ud,72.2,0.0,0.0,72.2,15.97
sweep_ud,71.4,0.0,10.0,81.4,11.36
sweep_ud,75.4,0.0,0.0,75.4,12.52
sweep_ud,72.0,0.0,0.0,72.0,13.47
sweep_ud,70.6,0.0,0.0,70.6,12.61
sweep_ud,69.5,10.0,0.0,79.5,8.72
sweep_ud,70.0,0.0,0.0,70.0,11.23
sweep_ud,69.0,0.0,10.0,79.0,11.13
sweep_ud,61.9,0.0,10.0,71.9,11.12
sweep_ud,66.5,0.0,0.0,66.5,8.25
sweep_ud,68.2,0.0,0.0,68.2,9.45
sweep_ud,67.2,0.0,0.0,67.2,10.76
sweep_ud,66.7,0.0,0.0,66.7,11.15
sweep_ud,69.8,0.0,10.0,79.8,10.56
sweep_ud,64.3,10.0,0.0,74.3,9.72
sweep_ud,69.2,0.0,0.0,69.2,8.81
sweep_ud,68.2,0.0,0.0,68.2,7.84
sweep_ud,70.5,0.0,10.0,80.5,6.85
sweep_ud,65.6,0.0,0.0,65.6,5.97
sweep_ud,66.2,0.0,0.0,66.2,5.14
sweep_ud,67.2,0.0,0.0,67.2,4.51
sweep_ud,73.6,0.0,0.0,73.6,4.16
sweep_ud,68.4,0.0,0.0,68.4,3.88
sweep_ud,66.5,0.0,0.0,66.5,3.86
sweep_ud,61.5,0.0,0.0,61.5,10.11
sweep_ud,61.6,0.0,10.0,71.6,14.59
sweep_ud,71.4,0.0,0.0,71.4,18.01
sweep_ud,59.9,0.0,0.0,59.9,21.96
sweep_ud,61.0,0.0,0.0,61.0,20.77
sweep_ud,72.8,0.0,0.0,72.8,15.42
sweep_ud,59.5,0.0,0.0,59.5,17.07
sweep_ud,57.8,0.0,0.0,57.8,13.88
sweep_ud,70.7,0.0,0.0,70.7,9.05
sweep_ud,67.8,0.0,0.0,67.8,9.06
sweep_ud,70.5,0.0,0.0,70.5,7.19
sweep_ud,73.7,0.0,0.0,73.7,8.16
sweep_ud,58.7,0.0,10.0,68.7,9.17
sweep_ud,69.9,0.0,0.0,69.9,7.9
sweep_ud,79.5,0.0,0.0,79.5,7.5
sweep_ud,69.9,0.0,0.0,69.9,8.35
sweep_ud,69.9,0.0,0.0,69.9,8.33
sweep_ud,70.4,0.0,10.0,80.4,6.25
sweep_ud,57.8,0.0,10.0,67.8,4.72
sweep_ud,67.1,0.0,0.0,67.1,1.82
sweep_ud,65.3,0.0,0.0,65.3,1.04
sweep_ud,60.9,0.0,0.0,60.9,2.92
sweep_ud,61.2,0.0,10.0,71.2,6.19
sweep_ud,73.3,0.0,0.0,73.3,8.68
sweep_ud,60.5,0.0,0.0,60.5,11.63
sweep_ud,59.1,0.0,0.0,59.1,12.78
sweep_ud,72.8,0.0,0.0,72.8,15.74
sweep_ud,61.0,0.0,10.0,71.0,21.93
sweep_ud,72.5,0.0,0.0,72.5,21.71
sweep_ud,68.2,0.0,10.0,78.2,20.26
sweep_ud,56.2,0.0,10.0,66.2,26.21
sweep_ud,66.1,0.0,0.0,66.1,21.55
sweep_ud,64.7,0.0,0.0,64.7,20.0
sweep_ud,61.4,0.0,10.0,71.4,15.78
sweep_ud,66.4,0.0,0.0,66.4,16.11
sweep_ud,66.4,0.0,0.0,66.4,14.84
sweep_ud,61.0,0.0,0.0,61.0,15.36
sweep_ud,59.8,0.0,0.0,59.8,14.4
sweep_ud,70.7,0.0,0.0,70.7,10.51
sweep_ud,60.1,0.0,0.0,60.1,13.83
sweep_ud,59.6,0.0,10.0,69.6,11.81
sweep_ud,61.0,10.0,0.0,71.0,12.29
sweep_ud,58.6,0.0,0.0,58.6,10.15
sweep_ud,60.9,0.0,10.0,70.9,10.03
sweep_ud,71.2,0.0,0.0,71.2,10.29
sweep_ud,67.9,0.0,0.0,67.9,9.95
sweep_ud,68.9,0.0,0.0,68.9,9.0
sweep_ud,92.6,0.0,0.0,92.6,7.75
sweep_ud,107.3,0.0,0.0,107.3,6.71
sweep_ud,120.8,10.0,0.0,130.8,5.62
sweep_ud,99.2,0.0,0.0,99.2,5.29
sweep_ud,91.6,10.0,0.0,101.6,4.94
sweep_ud,81.5,0.0,0.0,81.5,3.91
sweep_ud,79.8,0.0,10.0,89.8,3.99
sweep_ud,79.5,0.0,10.0,89.5,4.09
sweep_ud,85.0,0.0,0.0,85.0,10.4
sweep_ud,64.8,0.0,10.0,74.8,16.46
sweep_ud,74.3,0.0,0.0,74.3,17.72
sweep_ud,69.5,0.0,0.0,69.5,19.61
sweep_ud,67.8,0.0,0.0,67.8,19.13
sweep_ud,69.2,0.0,10.0,79.2,17.38
sweep_ud,66.2,0.0,10.0,76.2,14.3
sweep_ud,66.0,0.0,0.0,66.0,16.36
sweep_ud,64.4,0.0,0.0,64.4,14.66
sweep_ud,61.0,0.0,0.0,61.0,13.88
sweep_ud,63.2,0.0,10.0,73.2,8.55
sweep_ud,73.4,0.0,0.0,73.4,8.35
sweep_ud,59.7,0.0,0.0,59.7,13.14
sweep_ud,59.9,0.0,10.0,69.9,10.09
sweep_ud,72.5,0.0,0.0,72.5,9.33
sweep_ud,62.9,0.0,0.0,62.9,9.54
sweep_ud,71.6,0.0,0.0,71.6,7.9
sweep_ud,64.3,0.0,0.0,64.3,7.03
sweep_ud,61.8,0.0,0.0,61.8,6.25
sweep_ud,60.8,0.0,0.0,60.8,5.37
sweep_ud,72.7,0.0,10.0,82.7,7.07
sweep_ud,73.8,0.0,0.0,73.8,7.62
sweep_ud,67.7,0.0,0.0,67.7,8.32
sweep_ud,66.5,0.0,0.0,66.5,8.92
sweep_ud,63.4,0.0,10.0,73.4,8.8
sweep_ud,65.1,0.0,0.0,65.1,8.2
sweep_ud,74.2,0.0,0.0,74.2,7.47
sweep_ud,58.7,0.0,0.0,58.7,7.2
sweep_ud,57.7,0.0,10.0,67.7,6.85
sweep_ud,60.6,10.0,0.0,70.6,7.52
sweep_ud,58.2,0.0,0.0,58.2,9.3
sweep_ud,58.5,0.0,10.0,68.5,11.02
sweep_ud,70.7,0.0,0.0,70.7,13.95
sweep_ud,60.8,0.0,0.0,60.8,17.92
sweep_ud,65.0,0.0,0.0,65.0,18.64
sweep_ud,64.9,0.0,10.0,74.9,15.31
sweep_ud,57.3,0.0,10.0,67.3,18.3
sweep_ud,67.3,0.0,0.0,67.3,16.94
sweep_ud,66.8,0.0,0.0,66.8,12.68
sweep_ud,67.2,0.0,0.0,67.2,14.96
sweep_ud,69.3,0.0,0.0,69.3,13.21
sweep_ud,68.5,0.0,10.0,78.5,9.5
sweep_ud,68.9,0.0,10.0,78.9,9.67
sweep_ud,83.1,0.0,0.0,83.1,8.11
sweep_ud,85.7,0.0,0.0,85.7,8.14
sweep_ud,82.8,0.0,0.0,82.8,11.06
sweep_ud,76.3,0.0,0.0,76.3,11.97
sweep_ud,79.6,0.0,10.0,89.6,7.92
sweep_ud,76.8,0.0,0.0,76.8,10.07
sweep_ud,76.6,0.0,0.0,76.6,11.19
sweep_ud,75.5,0.0,0.0,75.5,11.38
sweep_ud,83.2,0.0,0.0,83.2,10.19
sweep_ud,76.6,0.0,0.0,76.6,9.14
sweep_ud,89.3,0.0,0.0,89.3,7.3
sweep_ud,81.5,0.0,0.0,81.5,6.3
sweep_ud,80.5,0.0,0.0,80.5,5.5
sweep_ud,79.4,10.0,0.0,89.4,4.7
sweep_ud,78.9,0.0,0.0,78.9,4.32
sweep_ud,79.1,0.0,0.0,79.1,3.63
sweep_ud,88.1,0.0,0.0,88.1,2.75
sweep_ud,78.3,0.0,0.0,78.3,2.34
sweep_ud,89.3,0.0,0.0,89.3,3.14
sweep_ud,85.7,0.0,0.0,85.7,4.17
sweep_ud,80.6,0.0,10.0,90.6,4.75
sweep_ud,92.5,0.0,0.0,92.5,4.59
sweep_ud,84.1,0.0,0.0,84.1,4.07
sweep_ud,82.5,0.0,10.0,92.5,3.58
sweep_ud,93.4,0.0,0.0,93.4,9.82
sweep_ud,87.5,0.0,0.0,87.5,17.41
sweep_ud,83.2,0.0,10.0,93.2,18.44
sweep_ud,92.9,0.0,0.0,92.9,18.26
sweep_ud,84.4,0.0,0.0,84.4,18.51
sweep_ud,79.9,0.0,0.0,79.9,18.62
sweep_ud,80.8,0.0,10.0,90.8,14.8
sweep_ud,80.6,0.0,10.0,90.6,12.97
sweep_ud,76.8,0.0,0.0,76.8,16.31
sweep_ud,76.7,0.0,10.0,86.7,12.41
sweep_ud,91.1,0.0,0.0,91.1,9.06
sweep_ud,79.7,0.0,0.0,79.7,12.64
sweep_ud,78.6,0.0,0.0,78.6,11.89
sweep_ud,89.3,0.0,10.0,99.3,4.94
sweep_ud,95.0,0.0,0.0,95.0,4.75
sweep_ud,87.6,0.0,0.0,87.6,3.56
sweep_ud,67.7,0.0,0.0,67.7,7.46
prep_sweep_fb,64.2,0.0,0.0,64.2,3.09
prep_sweep_fb,74.1,0.0,0.0,74.1,2.42
prep_sweep_fb,60.4,0.0,10.0,70.4,3.82
prep_sweep_fb,72.9,0.0,0.0,72.9,3.79
prep_sweep_fb,64.9,0.0,0.0,64.9,6.47
prep_sweep_fb,63.3,0.0,10.0,73.3,9.36
prep_sweep_fb,64.6,0.0,0.0,64.6,10.97
prep_sweep_fb,73.6,0.0,0.0,73.6,12.01
prep_sweep_fb,59.4,0.0,0.0,59.4,12.39
prep_sweep_fb,59.0,0.0,0.0,59.0,13.04
prep_sweep_fb,70.6,0.0,0.0,70.6,15.83
prep_sweep_fb,58.4,0.0,10.0,68.4,21.16
prep_sweep_fb,54.7,10.0,0.0,64.7,22.14
prep_sweep_fb,73.6,0.0,0.0,73.6,18.99
prep_sweep_fb,63.7,0.0,10.0,73.7,19.55
prep_sweep_fb,64.9,0.0,0.0,64.9,20.98
prep_sweep_fb,75.9,0.0,0.0,75.9,15.42
prep_sweep_fb,70.2,0.0,0.0,70.2,16.37
prep_sweep_fb,71.4,0.0,10.0,81.4,11.57
prep_sweep_fb,70.8,0.0,10.0,80.8,11.86
prep_sweep_fb,57.6,10.0,0.0,67.6,14.66
prep_sweep_fb,69.6,0.0,0.0,69.6,12.65
prep_sweep_fb,69.4,0.0,10.0,79.4,11.73
prep_sweep_fb,56.6,0.0,10.0,66.6,12.44
prep_sweep_fb,68.3,0.0,0.0,68.3,13.0
prep_sweep_fb,69.2,0.0,10.0,79.2,8.95
prep_sweep_fb,57.6,10.0,0.0,67.6,12.52
prep_sweep_fb,66.6,0.0,0.0,66.6,8.97
prep_sweep_fb,65.4,0.0,0.0,65.4,11.27
prep_sweep_fb,59.8,0.0,0.0,59.8,14.69
prep_sweep_fb,59.7,0.0,0.0,59.7,16.45
prep_sweep_fb,72.5,0.0,0.0,72.5,14.48
prep_sweep_fb,60.6,0.0,0.0,60.6,16.26
prep_sweep_fb,59.9,0.0,0.0,59.9,17.75
prep_sweep_fb,70.9,0.0,0.0,70.9,17.01
prep_sweep_fb,58.3,0.0,0.0,58.3,18.7
prep_sweep_fb,58.0,0.0,0.0,58.0,19.83
prep_sweep_fb,72.1,0.0,0.0,72.1,16.16
prep_sweep_fb,62.1,0.0,0.0,62.1,12.03
prep_sweep_fb,72.0,0.0,0.0,72.0,5.01
prep_sweep_fb,74.0,0.0,0.0,74.0,2.31
prep_sweep_fb,62.0,0.0,0.0,62.0,4.07
prep_sweep_fb,72.5,0.0,0.0,72.5,5.4
prep_sweep_fb,73.6,0.0,0.0,73.6,6.08
prep_sweep_fb,61.3,0.0,0.0,61.3,6.44
prep_sweep_fb,60.8,0.0,10.0,70.8,5.73
prep_sweep_fb,70.7,0.0,0.0,70.7,5.09
prep_sweep_fb,60.2,0.0,10.0,70.2,4.67
prep_sweep_fb,75.1,0.0,0.0,75.1,3.89
prep_sweep_fb,77.0,0.0,0.0,77.0,3.76
prep_sweep_fb,73.0,0.0,10.0,83.0,3.29
prep_sweep_fb,73.0,0.0,10.0,83.0,3.21
prep_sweep_fb,62.7,10.0,0.0,72.7,2.45
prep_sweep_fb,70.0,0.0,10.0,80.0,2.0
prep_sweep_fb,69.2,0.0,0.0,69.2,1.46
prep_sweep_fb,67.9,10.0,0.0,77.9,0.74
prep_sweep_fb,69.1,0.0,0.0,69.1,0.51
prep_sweep_fb,68.0,10.0,0.0,78.0,0.28
prep_sweep_fb,74.7,0.0,0.0,74.7,0.24
prep_sweep_fb,73.0,0.0,10.0,83.0,0.24
prep_sweep_fb,64.8,0.0,10.0,74.8,0.33
prep_sweep_fb,74.6,0.0,0.0,74.6,0.41
prep_sweep_fb,69.7,0.0,0.0,69.7,0.45
prep_sweep_fb,68.5,0.0,0.0,68.5,0.52
prep_sweep_fb,69.2,0.0,10.0,79.2,0.55
prep_sweep_fb,65.7,0.0,10.0,75.7,0.62
prep_sweep_fb,67.1,0.0,0.0,67.1,0.67
prep_sweep_fb,68.7,0.0,0.0,68.7,0.7
prep_sweep_fb,67.4,0.0,0.0,67.4,0.67
prep_sweep_fb,67.9,0.0,10.0,77.9,0.65
prep_sweep_fb,71.6,0.0,10.0,81.6,0.72
prep_sweep_fb,58.1,10.0,0.0,68.1,0.96
prep_sweep_fb,67.3,0.0,0.0,67.3,1.38
prep_sweep_fb,68.8,0.0,10.0,78.8,1.6
prep_sweep_fb,67.7,0.0,0.0,67.7,2.25
prep_sweep_fb,67.9,0.0,0.0,67.9,2.91
prep_sweep_fb,65.5,0.0,0.0,65.5,3.47
prep_sweep_fb,60.7,0.0,0.0,60.7,4.36
prep_sweep_fb,59.5,0.0,10.0,69.5,4.08
prep_sweep_fb,60.8,0.0,10.0,70.8,4.22
prep_sweep_fb,67.6,0.0,0.0,67.6,4.24
prep_sweep_fb,59.4,0.0,10.0,69.4,2.86
prep_sweep_fb,71.9,0.0,0.0,71.9,2.32
prep_sweep_fb,60.6,0.0,0.0,60.6,1.64
prep_sweep_fb,60.7,10.0,0.0,70.7,0.58
prep_sweep_fb,73.5,0.0,0.0,73.5,0.89
prep_sweep_fb,57.2,0.0,10.0,67.2,1.51
prep_sweep_fb,66.2,0.0,0.0,66.2,1.84
prep_sweep_fb,64.8,0.0,0.0,64.8,1.92
prep_sweep_fb,59.4,0.0,0.0,59.4,1.98
prep_sweep_fb,61.3,0.0,10.0,71.3,1.8
prep_sweep_fb,71.2,0.0,0.0,71.2,1.69
prep_sweep_fb,68.0,0.0,0.0,68.0,1.61
prep_sweep_fb,57.8,0.0,0.0,57.8,1.57
prep_sweep_fb,71.8,0.0,0.0,71.8,1.47
prep_sweep_fb,61.1,0.0,0.0,61.1,1.55
prep_sweep_fb,65.1,0.0,0.0,65.1,1.4
prep_sweep_fb,65.2,0.0,0.0,65.2,1.39
prep_sweep_fb,62.8,0.0,10.0,72.8,1.29
prep_sweep_fb,73.8,0.0,0.0,73.8,1.29
prep_sweep_fb,67.9,0.0,0.0,67.9,1.25
prep_sweep_fb,64.3,0.0,0.0,64.3,1.24
prep_sweep_fb,63.8,0.0,10.0,73.8,0.88
prep_sweep_fb,73.4,0.0,0.0,73.4,0.72
prep_sweep_fb,60.2,0.0,0.0,60.2,0.72
prep_sweep_fb,61.3,0.0,10.0,71.3,0.44
prep_sweep_fb,70.6,0.0,0.0,70.6,0.21
prep_sweep_fb,58.5,0.0,0.0,58.5,0.08
prep_sweep_fb,58.6,0.0,0.0,58.6,0.3
prep_sweep_fb,70.6,0.0,0.0,70.6,0.61
prep_sweep_fb,60.5,0.0,0.0,60.5,1.11
prep_sweep_fb,69.6,0.0,0.0,69.6,1.69
prep_sweep_fb,64.6,0.0,0.0,64.6,2.6
prep_sweep_fb,59.5,0.0,0.0,59.5,3.74
prep_sweep_fb,69.3,0.0,0.0,69.3,3.82
prep_sweep_fb,67.4,0.0,0.0,67.4,4.34
prep_sweep_fb,65.7,10.0,0.0,75.7,3.83
prep_sweep_fb,69.6,0.0,10.0,79.6,2.76
prep_sweep_fb,71.1,0.0,10.0,81.1,2.48
prep_sweep_fb,67.5,0.0,0.0,67.5,2.26
sweep_fb,68.2,0.0,0.0,68.2,1.92
sweep_fb,67.0,0.0,0.0,67.0,1.69
sweep_fb,57.0,0.0,10.0,67.0,1.33
sweep_fb,67.3,0.0,0.0,67.3,1.51
sweep_fb,65.8,0.0,0.0,65.8,1.93
sweep_fb,61.5,0.0,0.0,61.5,2.75
sweep_fb,60.2,0.0,10.0,70.2,2.76
sweep_fb,71.2,0.0,0.0,71.2,3.47
sweep_fb,59.0,0.0,0.0,59.0,4.69
sweep_fb,60.3,0.0,10.0,70.3,4.54
sweep_fb,71.7,0.0,0.0,71.7,5.14
sweep_fb,58.9,0.0,0.0,58.9,5.85
sweep_fb,58.2,0.0,0.0,58.2,5.86
sweep_fb,70.8,0.0,0.0,70.8,4.48
sweep_fb,62.7,0.0,0.0,62.7,4.88
sweep_fb,61.8,0.0,10.0,71.8,4.46
sweep_fb,71.3,0.0,0.0,71.3,6.14
sweep_fb,60.3,0.0,0.0,60.3,8.07
sweep_fb,62.2,0.0,10.0,72.2,9.89
sweep_fb,71.0,0.0,0.0,71.0,13.71
sweep_fb,59.0,0.0,0.0,59.0,18.74
sweep_fb,62.2,0.0,10.0,72.2,14.36
sweep_fb,71.8,0.0,0.0,71.8,13.98
sweep_fb,60.3,0.0,0.0,60.3,17.08
sweep_fb,72.3,0.0,0.0,72.3,11.52
sweep_fb,64.6,0.0,0.0,64.6,13.01
sweep_fb,60.8,0.0,0.0,60.8,13.03
sweep_fb,59.9,0.0,10.0,69.9,10.35
sweep_fb,71.1,0.0,0.0,71.1,7.46
sweep_fb,60.4,0.0,0.0,60.4,10.75
sweep_fb,60.0,0.0,10.0,70.0,6.58
sweep_fb,73.0,0.0,10.0,83.0,2.51
sweep_fb,56.5,10.0,0.0,66.5,8.43
sweep_fb,67.4,0.0,0.0,67.4,7.65
sweep_fb,66.1,0.0,0.0,66.1,7.32
sweep_fb,62.8,0.0,10.0,72.8,5.02
sweep_fb,62.8,0.0,10.0,72.8,4.81
sweep_fb,74.0,0.0,0.0,74.0,4.48
sweep_fb,58.9,0.0,0.0,58.9,9.92
sweep_fb,58.7,0.0,0.0,58.7,5.39
sweep_fb,60.6,0.0,10.0,70.6,14.17
sweep_fb,59.3,0.0,0.0,59.3,18.32
sweep_fb,69.7,0.0,0.0,69.7,18.93
sweep_fb,73.6,0.0,0.0,73.6,20.7
sweep_fb,64.3,10.0,0.0,74.3,21.19
sweep_fb,70.5,0.0,0.0,70.5,23.29
sweep_fb,69.2,0.0,10.0,79.2,21.69
sweep_fb,65.5,0.0,10.0,75.5,25.15
sweep_fb,65.9,0.0,0.0,65.9,23.25
sweep_fb,69.4,0.0,10.0,79.4,16.39
sweep_fb,56.8,0.0,10.0,66.8,19.12
sweep_fb,67.4,0.0,0.0,67.4,16.4
sweep_fb,66.1,0.0,0.0,66.1,15.04
sweep_fb,62.6,0.0,10.0,72.6,11.83
sweep_fb,65.5,0.0,0.0,65.5,12.58
sweep_fb,67.5,0.0,0.0,67.5,10.85
sweep_fb,63.3,0.0,10.0,73.3,8.66
sweep_fb,62.5,10.0,0.0,72.5,8.27
sweep_fb,64.7,0.0,0.0,64.7,10.23
sweep_fb,62.1,0.0,0.0,62.1,10.45
sweep_fb,61.5,0.0,0.0,61.5,10.02
sweep_fb,60.6,0.0,10.0,70.6,3.61
sweep_fb,67.1,0.0,0.0,67.1,5.42
sweep_fb,58.9,0.0,10.0,68.9,10.03
sweep_fb,60.6,0.0,10.0,70.6,11.14
sweep_fb,67.3,0.0,0.0,67.3,11.08
sweep_fb,58.8,0.0,0.0,58.8,10.53
sweep_fb,72.3,0.0,0.0,72.3,9.38
sweep_fb,59.5,0.0,0.0,59.5,8.43
sweep_fb,59.3,0.0,0.0,59.3,7.47
sweep_fb,70.6,0.0,0.0,70.6,6.28
sweep_fb,67.8,0.0,0.0,67.8,5.53
sweep_fb,59.2,0.0,0.0,59.2,4.96
sweep_fb,72.6,0.0,0.0,72.6,4.29
sweep_fb,58.8,0.0,0.0,58.8,4.38
sweep_fb,58.6,0.0,10.0,68.6,3.77
sweep_fb,70.6,0.0,0.0,70.6,3.63
sweep_fb,62.4,0.0,10.0,72.4,2.99
sweep_fb,61.6,0.0,10.0,71.6,8.9
sweep_fb,71.6,0.0,0.0,71.6,14.03
sweep_fb,59.7,0.0,0.0,59.7,20.8
sweep_fb,72.1,0.0,0.0,72.1,17.19
sweep_fb,64.8,0.0,0.0,64.8,19.43
sweep_fb,59.3,0.0,0.0,59.3,19.72
sweep_fb,58.7,0.0,0.0,58.7,17.92
sweep_fb,70.6,0.0,0.0,70.6,11.61
sweep_fb,58.5,0.0,0.0,58.5,14.7
sweep_fb,57.0,0.0,0.0,57.0,13.5
sweep_fb,70.8,0.0,0.0,70.8,7.04
sweep_fb,58.8,0.0,0.0,58.8,10.74
sweep_fb,58.2,0.0,0.0,58.2,9.99
sweep_fb,70.5,0.0,0.0,70.5,5.5
sweep_fb,62.9,0.0,0.0,62.9,8.31
sweep_fb,62.8,0.0,10.0,72.8,5.37
sweep_fb,72.8,0.0,0.0,72.8,5.53
sweep_fb,60.7,0.0,10.0,70.7,9.55
sweep_fb,73.9,0.0,0.0,73.9,5.36
sweep_fb,67.5,0.0,0.0,67.5,7.65
sweep_fb,63.4,0.0,0.0,63.4,8.77
sweep_fb,73.3,0.0,0.0,73.3,5.69
sweep_fb,64.6,0.0,0.0,64.6,8.16
sweep_fb,60.8,0.0,10.0,70.8,5.72
sweep_fb,66.6,0.0,0.0,66.6,4.06
sweep_fb,64.9,0.0,0.0,64.9,3.15
sweep_fb,62.6,0.0,0.0,62.6,4.41
sweep_fb,61.2,0.0,10.0,71.2,5.5
sweep_fb,71.0,0.0,0.0,71.0,4.28
sweep_fb,67.6,0.0,0.0,67.6,3.44
sweep_fb,57.7,0.0,10.0,67.7,2.75
sweep_fb,72.3,0.0,0.0,72.3,2.53
sweep_fb,58.6,0.0,0.0,58.6,3.95
sweep_fb,61.1,0.0,10.0,71.1,2.87
sweep_fb,72.8,0.0,0.0,72.8,3.81
sweep_fb,59.7,0.0,0.0,59.7,7.36
sweep_fb,59.1,0.0,10.0,69.1,10.0
sweep_fb,70.9,0.0,0.0,70.9,11.19
sweep_fb,68.0,0.0,0.0,68.0,10.98
sweep_fb,58.5,0.0,10.0,68.5,8.83
sweep_fb,70.8,0.0,0.0,70.8,7.46
sweep_fb,58.5,0.0,10.0,68.5,6.03
sweep_fb,63.0,0.0,10.0,73.0,5.48
sweep_fb,73.5,0.0,0.0,73.5,4.92
sweep_fb,59.1,0.0,0.0,59.1,4.34
sweep_fb,58.9,0.0,0.0,58.9,3.74
sweep_fb,60.5,0.0,10.0,70.5,2.96
sweep_fb,67.4,0.0,0.0,67.4,2.52
sweep_fb,57.6,0.0,0.0,57.6,3.12
sweep_fb,71.7,0.0,0.0,71.7,3.22
sweep_fb,58.8,0.0,0.0,58.8,4.74
sweep_fb,66.0,0.0,0.0,66.0,4.04
sweep_fb,68.3,0.0,10.0,78.3,2.31
sweep_fb,68.1,0.0,0.0,68.1,1.82
sweep_fb,69.0,0.0,0.0,69.0,0.84
sweep_fb,69.0,0.0,10.0,79.0,3.03
sweep_fb,68.1,0.0,0.0,68.1,4.3
sweep_fb,69.6,0.0,0.0,69.6,4.74
sweep_fb,69.2,0.0,10.0,79.2,4.98
sweep_fb,57.7,10.0,0.0,67.7,5.05
sweep_fb,67.4,0.0,0.0,67.4,5.88
sweep_fb,65.7,0.0,10.0,75.7,8.68
sweep_fb,75.6,0.0,0.0,75.6,12.59
sweep_fb,69.1,0.0,10.0,79.1,14.21
sweep_fb,63.9,10.0,0.0,73.9,16.5
sweep_fb,69.5,0.0,0.0,69.5,18.8
sweep_fb,70.9,0.0,10.0,80.9,17.3
sweep_fb,71.2,0.0,10.0,81.2,11.14
sweep_fb,68.9,0.0,0.0,68.9,9.38
sweep_fb,68.5,0.0,0.0,68.5,6.95
sweep_fb,67.9,0.0,0.0,67.9,4.46
sweep_fb,67.9,0.0,0.0,67.9,1.26
sweep_fb,68.0,0.0,0.0,68.0,0.41
sweep_fb,67.4,0.0,0.0,67.4,1.3
sweep_fb,62.9,0.0,10.0,72.9,2.86
sweep_fb,66.5,0.0,0.0,66.5,2.46
sweep_fb,65.8,0.0,0.0,65.8,6.03
sweep_fb,62.5,0.0,10.0,72.5,13.34
sweep_fb,66.6,0.0,0.0,66.6,18.05
sweep_fb,66.6,0.0,0.0,66.6,19.25
sweep_fb,63.0,0.0,10.0,73.0,17.37
sweep_fb,72.5,0.0,0.0,72.5,16.67
sweep_fb,65.4,0.0,0.0,65.4,17.7
sweep_fb,61.1,0.0,0.0,61.1,17.54
sweep_fb,65.6,0.0,0.0,65.6,14.63
sweep_fb,65.7,0.0,0.0,65.7,13.33
sweep_fb,60.8,0.0,0.0,60.8,13.83
sweep_fb,61.7,10.0,0.0,71.7,9.56
sweep_fb,73.8,0.0,0.0,73.8,8.55
sweep_fb,61.7,0.0,0.0,61.7,12.47
sweep_fb,61.9,0.0,10.0,71.9,7.57
sweep_fb,72.2,0.0,0.0,72.2,6.81
sweep_fb,58.7,0.0,0.0,58.7,10.6
sweep_fb,62.7,0.0,10.0,72.7,5.16
sweep_fb,72.1,0.0,0.0,72.1,5.43
sweep_fb,58.9,0.0,0.0,58.9,9.8
sweep_fb,58.4,0.0,0.0,58.4,8.72
sweep_fb,60.7,0.0,10.0,70.7,4.0
sweep_fb,67.3,0.0,10.0,77.3,2.71
sweep_fb,62.2,0.0,10.0,72.2,4.67
sweep_fb,65.2,0.0,0.0,65.2,6.86
sweep_fb,61.4,0.0,0.0,61.4,7.76
sweep_fb,59.4,0.0,10.0,69.4,4.69
sweep_fb,71.7,0.0,0.0,71.7,3.54
sweep_fb,60.1,0.0,0.0,60.1,7.77
sweep_fb,58.6,0.0,0.0,58.6,7.61
sweep_fb,71.4,0.0,0.0,71.4,1.1
sweep_fb,61.3,0.0,0.0,61.3,6.78
sweep_fb,60.4,0.0,10.0,70.4,11.53
sweep_fb,61.1,10.0,0.0,71.1,12.51
sweep_fb,67.2,0.0,0.0,67.2,12.32
sweep_fb,57.9,0.0,10.0,67.9,11.37
sweep_fb,71.7,0.0,0.0,71.7,10.36
sweep_fb,58.9,0.0,0.0,58.9,9.28
sweep_fb,57.1,0.0,0.0,57.1,8.23
sweep_fb,70.7,0.0,0.0,70.7,6.9
sweep_fb,59.4,0.0,0.0,59.4,6.01
sweep_fb,59.8,0.0,10.0,69.8,4.94
sweep_fb,74.2,0.0,0.0,74.2,4.25
sweep_fb,65.1,0.0,0.0,65.1,3.66
sweep_fb,74.8,0.0,0.0,74.8,2.98
sweep_fb,73.9,0.0,0.0,73.9,6.82
sweep_fb,61.5,0.0,10.0,71.5,16.89
sweep_fb,62.8,10.0,0.0,72.8,18.2
sweep_fb,73.5,0.0,0.0,73.5,18.5
sweep_fb,59.6,0.0,10.0,69.6,19.95
sweep_fb,63.2,10.0,0.0,73.2,16.97
sweep_fb,64.6,0.0,0.0,64.6,18.46
sweep_fb,61.3,0.0,10.0,71.3,14.7
sweep_fb,67.6,0.0,0.0,67.6,14.41
sweep_fb,66.1,0.0,0.0,66.1,13.65
sweep_fb,61.2,0.0,0.0,61.2,14.0
sweep_fb,59.6,0.0,0.0,59.6,12.95
sweep_fb,60.6,10.0,0.0,70.6,8.1
sweep_fb,67.5,0.0,0.0,67.5,8.76
sweep_fb,59.2,0.0,10.0,69.2,8.0
sweep_fb,72.6,0.0,0.0,72.6,6.3
sweep_fb,61.3,0.0,0.0,61.3,10.0
sweep_fb,61.9,0.0,10.0,71.9,5.78
sweep_fb,71.6,0.0,0.0,71.6,5.51
sweep_fb,59.5,0.0,0.0,59.5,9.39
sweep_fb,60.8,0.0,10.0,70.8,4.84
sweep_fb,71.8,0.0,0.0,71.8,4.53
sweep_fb,60.5,0.0,0.0,60.5,8.51
sweep_fb,65.1,0.0,0.0,65.1,7.6
sweep_fb,74.0,0.0,0.0,74.0,6.35
sweep_fb,63.4,0.0,10.0,73.4,7.99
sweep_fb,63.3,0.0,10.0,73.3,8.68
sweep_fb,73.6,0.0,0.0,73.6,9.6
sweep_fb,74.2,0.0,0.0,74.2,11.94
sweep_fb,68.2,0.0,0.0,68.2,14.67
sweep_fb,68.4,0.0,0.0,68.4,16.17
sweep_fb,63.9,0.0,10.0,73.9,13.3
sweep_fb,66.3,0.0,0.0,66.3,10.13
sweep_fb,66.3,0.0,0.0,66.3,8.72
sweep_fb,62.3,0.0,10.0,72.3,9.5
sweep_fb,67.9,0.0,10.0,77.9,9.85
sweep_fb,75.4,0.0,0.0,75.4,9.61
sweep_fb,71.1,0.0,0.0,71.1,9.02
sweep_fb,70.4,0.0,10.0,80.4,7.91
sweep_fb,70.2,0.0,10.0,80.2,7.04
sweep_fb,56.8,0.0,10.0,66.8,6.17
sweep_fb,66.7,0.0,0.0,66.7,5.37
sweep_fb,66.2,0.0,0.0,66.2,4.73
sweep_fb,62.8,0.0,10.0,72.8,3.94
sweep_fb,66.1,0.0,0.0,66.1,3.55
sweep_fb,67.6,0.0,10.0,77.6,3.71
sweep_fb,68.5,0.0,0.0,68.5,3.78
sweep_fb,70.8,0.0,10.0,80.8,4.19
sweep_fb,70.6,0.0,10.0,80.6,4.57
sweep_fb,68.0,0.0,0.0,68.0,5.09
sweep_fb,69.0,0.0,0.0,69.0,5.42
sweep_fb,67.9,0.0,0.0,67.9,7.0
sweep_fb,63.8,10.0,0.0,73.8,9.33
sweep_fb,67.2,0.0,0.0,67.2,11.8
sweep_fb,66.9,0.0,0.0,66.9,14.4
sweep_fb,61.8,0.0,0.0,61.8,17.61
sweep_fb,61.8,0.0,10.0,71.8,15.61
sweep_fb,72.1,0.0,0.0,72.1,15.34
sweep_fb,62.7,0.0,0.0,62.7,18.3
sweep_fb,66.0,0.0,0.0,66.0,16.35
sweep_fb,67.5,0.0,0.0,67.5,14.56
sweep_fb,64.9,0.0,10.0,74.9,14.34
sweep_fb,65.5,0.0,0.0,65.5,13.52
sweep_fb,66.6,0.0,10.0,76.6,12.02
sweep_fb,66.1,10.0,0.0,76.1,8.63
sweep_fb,67.6,0.0,0.0,67.6,11.34
sweep_fb,65.7,0.0,0.0,65.7,11.14
sweep_fb,60.4,0.0,0.0,60.4,11.4
sweep_fb,58.6,0.0,0.0,58.6,10.36
sweep_fb,71.8,0.0,0.0,71.8,5.21
sweep_fb,62.7,0.0,0.0,62.7,8.21
sweep_fb,63.4,0.0,10.0,73.4,5.27
sweep_fb,74.0,0.0,0.0,74.0,5.1
sweep_fb,62.9,0.0,0.0,62.9,8.85
sweep_fb,72.2,0.0,0.0,72.2,5.33
sweep_fb,65.2,0.0,0.0,65.2,7.12
sweep_fb,71.8,0.0,0.0,71.8,4.57
sweep_fb,68.7,0.0,0.0,68.7,5.69
sweep_fb,67.8,0.0,0.0,67.8,5.95
sweep_fb,75.8,0.0,0.0,75.8,3.76
sweep_fb,70.5,0.0,0.0,70.5,6.13
sweep_fb,62.4,0.0,10.0,72.4,1.52
sweep_fb,69.8,0.0,0.0,69.8,2.58
sweep_fb,71.0,0.0,10.0,81.0,5.45
sweep_fb,71.1,0.0,10.0,81.1,5.5
sweep_fb,69.6,0.0,0.0,69.6,4.9
sweep_fb,68.8,0.0,0.0,68.8,4.16
sweep_fb,67.1,0.0,0.0,67.1,3.41
sweep_fb,60.9,0.0,0.0,60.9,4.74
sweep_fb,61.1,0.0,10.0,71.1,7.69
sweep_fb,73.7,0.0,0.0,73.7,8.43
sweep_fb,63.0,0.0,0.0,63.0,8.72
sweep_fb,63.6,0.0,10.0,73.6,8.51
sweep_fb,72.0,0.0,0.0,72.0,8.53
sweep_fb,58.9,0.0,0.0,58.9,9.31
sweep_fb,57.8,0.0,0.0,57.8,10.36
sweep_fb,66.8,0.0,0.0,66.8,9.95
sweep_fb,58.7,0.0,0.0,58.7,11.47
sweep_fb,58.7,0.0,0.0,58.7,11.81
sweep_fb,57.9,0.0,10.0,67.9,9.28
sweep_fb,67.9,0.0,0.0,67.9,9.29
sweep_fb,71.2,0.0,0.0,71.2,6.36
sweep_fb,74.3,0.0,0.0,74.3,5.42
sweep_fb,62.1,0.0,10.0,72.1,3.39
sweep_fb,66.1,0.0,0.0,66.1,2.78
sweep_fb,73.8,0.0,0.0,73.8,2.35
sweep_fb,61.5,0.0,10.0,71.5,1.86
sweep_fb,66.9,0.0,0.0,66.9,1.68
sweep_fb,66.6,0.0,0.0,66.6,1.63
sweep_fb,61.5,0.0,0.0,61.5,1.9
sweep_fb,66.1,0.0,0.0,66.1,1.56
sweep_fb,66.8,0.0,0.0,66.8,2.13
sweep_fb,63.9,0.0,10.0,73.9,2.3
sweep_fb,63.9,0.0,10.0,73.9,8.33
sweep_fb,72.2,0.0,0.0,72.2,13.43
sweep_fb,68.3,0.0,0.0,68.3,16.79
sweep_fb,59.3,0.0,10.0,69.3,17.41
sweep_fb,71.6,0.0,0.0,71.6,15.8
sweep_fb,59.8,0.0,0.0,59.8,17.92
sweep_fb,60.0,0.0,0.0,60.0,16.46
sweep_fb,68.7,0.0,0.0,68.7,12.18
sweep_fb,64.3,0.0,10.0,74.3,13.2
sweep_fb,65.8,0.0,0.0,65.8,9.97
sweep_fb,73.9,0.0,0.0,73.9,7.28
sweep_fb,59.9,0.0,0.0,59.9,12.19
sweep_fb,60.7,0.0,10.0,70.7,8.03
sweep_fb,70.8,0.0,0.0,70.8,7.53
sweep_fb,68.4,0.0,0.0,68.4,8.26
sweep_fb,58.9,0.0,0.0,58.9,11.1
sweep_fb,57.3,0.0,0.0,57.3,10.42
sweep_fb,68.1,0.0,0.0,68.1,5.82
sweep_fb,58.1,0.0,0.0,58.1,3.55
sweep_fb,57.3,0.0,0.0,57.3,2.63
sweep_fb,58.5,0.0,0.0,58.5,1.43
sweep_fb,64.7,0.0,0.0,64.7,1.79
sweep_fb,67.7,0.0,10.0,77.7,2.18
sweep_fb,69.3,0.0,0.0,69.3,2.08
sweep_fb,70.0,0.0,10.0,80.0,2.69
sweep_fb,63.9,10.0,0.0,73.9,1.75
sweep_fb,69.9,0.0,0.0,69.9,1.14
sweep_fb,70.9,0.0,0.0,70.9,2.16
sweep_fb,69.5,0.0,10.0,79.5,2.99
sweep_fb,64.2,0.0,0.0,64.2,3.36
sweep_fb,64.4,10.0,0.0,74.4,2.46
sweep_fb,64.8,0.0,0.0,64.8,2.27
sweep_fb,60.0,0.0,0.0,60.0,1.9
sweep_fb,61.4,0.0,10.0,71.4,1.92
sweep_fb,65.7,0.0,0.0,65.7,2.41
sweep_fb,61.2,0.0,0.0,61.2,1.85
sweep_fb,60.9,0.0,10.0,70.9,1.42
sweep_fb,71.9,0.0,0.0,71.9,1.22
sweep_fb,59.8,0.0,0.0,59.8,0.86
sweep_fb,60.1,0.0,0.0,60.1,0.78
sweep_fb,59.6,0.0,10.0,69.6,1.04
sweep_fb,68.4,0.0,0.0,68.4,1.45
sweep_fb,69.2,0.0,0.0,69.2,2.86
sweep_fb,65.5,0.0,0.0,65.5,3.11
sweep_fb,60.2,0.0,0.0,60.2,3.13
sweep_fb,60.0,0.0,10.0,70.0,3.15
sweep_fb,71.3,0.0,0.0,71.3,2.88
sweep_fb,63.4,0.0,0.0,63.4,2.95
sweep_fb,65.7,0.0,0.0,65.7,3.39
sweep_fb,66.4,0.0,0.0,66.4,4.47
sweep_fb,62.2,0.0,10.0,72.2,5.97
sweep_fb,75.2,0.0,0.0,75.2,6.34
sweep_fb,65.8,0.0,0.0,65.8,6.54
sweep_fb,67.3,0.0,0.0,67.3,6.19
sweep_fb,63.2,10.0,0.0,73.2,4.6
sweep_fb,65.7,0.0,0.0,65.7,3.2
sweep_fb,66.5,0.0,10.0,76.5,2.42
sweep_fb,63.7,10.0,0.0,73.7,2.86
sweep_fb,73.5,0.0,0.0,73.5,3.57
sweep_fb,63.4,0.0,0.0,63.4,3.93
sweep_fb,60.8,0.0,10.0,70.8,4.4
sweep_fb,66.3,0.0,0.0,66.3,5.29
sweep_fb,65.6,0.0,0.0,65.6,5.88
sweep_fb,62.4,0.0,10.0,72.4,6.8
sweep_fb,71.0,0.0,0.0,71.0,7.87
sweep_fb,71.9,0.0,0.0,71.9,8.91
sweep_fb,61.9,10.0,0.0,71.9,8.7
sweep_fb,74.0,0.0,0.0,74.0,8.85
sweep_fb,64.4,0.0,0.0,64.4,7.84
sweep_fb,61.4,0.0,10.0,71.4,4.78
sweep_fb,73.2,0.0,0.0,73.2,3.13
sweep_fb,67.1,0.0,10.0,77.1,0.95
sweep_fb,72.1,0.0,0.0,72.1,0.77
sweep_fb,66.6,0.0,0.0,66.6,0.24
sweep_fb,66.9,0.0,0.0,66.9,0.47
sweep_fb,71.7,0.0,0.0,71.7,1.47
sweep_fb,69.0,0.0,10.0,79.0,2.23
sweep_fb,73.3,0.0,0.0,73.3,2.69
sweep_fb,69.0,0.0,0.0,69.0,6.29
sweep_fb,68.4,0.0,10.0,78.4,12.48
sweep_fb,68.3,0.0,10.0,78.3,15.93
sweep_fb,65.7,0.0,0.0,65.7,20.97
sweep_fb,65.6,0.0,0.0,65.6,19.64
sweep_fb,70.0,10.0,0.0,80.0,13.96
sweep_fb,67.4,0.0,0.0,67.4,17.49
sweep_fb,65.9,0.0,0.0,65.9,16.5
sweep_fb,66.2,0.0,10.0,76.2,11.1
sweep_fb,66.9,0.0,0.0,66.9,13.56
sweep_fb,65.6,0.0,0.0,65.6,13.66
sweep_fb,66.4,0.0,0.0,66.4,13.72
sweep_fb,61.1,10.0,0.0,71.1,13.03
sweep_fb,73.8,0.0,0.0,73.8,12.48
sweep_fb,65.4,0.0,0.0,65.4,15.06
sweep_fb,74.4,0.0,0.0,74.4,12.84
sweep_fb,68.2,0.0,10.0,78.2,11.98
sweep_fb,78.3,0.0,0.0,78.3,12.06
sweep_fb,68.4,0.0,0.0,68.4,14.6
sweep_fb,68.1,0.0,0.0,68.1,14.15
sweep_fb,68.4,0.0,10.0,78.4,10.35
sweep_fb,63.7,0.0,10.0,73.7,11.24
sweep_fb,72.1,0.0,0.0,72.1,10.86
sweep_fb,65.8,0.0,0.0,65.8,12.09
sweep_fb,62.4,0.0,10.0,72.4,9.26
sweep_fb,72.4,0.0,0.0,72.4,8.65
sweep_fb,66.9,0.0,0.0,66.9,10.6
sweep_fb,55.0,10.0,0.0,65.0,12.96
sweep_fb,73.8,0.0,0.0,73.8,11.57
sweep_fb,65.0,0.0,0.0,65.0,17.61
prep_clutch,59.6,10.0,0.0,69.6,19.79
prep_clutch,74.3,0.0,0.0,74.3,19.8
prep_clutch,66.1,0.0,0.0,66.1,23.05
prep_clutch,71.8,0.0,0.0,71.8,21.26
prep_clutch,73.9,0.0,0.0,73.9,19.62
prep_clutch,65.3,0.0,10.0,75.3,18.39
prep_clutch,65.3,0.0,0.0,65.3,19.46
prep_clutch,66.5,0.0,0.0,66.5,17.21
prep_clutch,65.3,0.0,0.0,65.3,15.49
prep_clutch,62.5,10.0,0.0,72.5,11.44
prep_clutch,74.2,0.0,0.0,74.2,9.46
prep_clutch,64.2,0.0,0.0,64.2,11.35
prep_clutch,65.8,0.0,0.0,65.8,10.48
prep_clutch,74.2,0.0,0.0,74.2,7.04
prep_clutch,70.1,0.0,10.0,80.1,9.2
prep_clutch,66.6,0.0,0.0,66.6,11.44
prep_clutch,66.7,0.0,0.0,66.7,10.48
prep_clutch,66.4,0.0,0.0,66.4,9.59
prep_clutch,62.4,0.0,10.0,72.4,7.42
prep_clutch,64.8,0.0,0.0,64.8,8.86
prep_clutch,65.7,0.0,0.0,65.7,7.85
prep_clutch,61.4,0.0,10.0,71.4,6.01
prep_clutch,71.3,0.0,0.0,71.3,5.63
prep_clutch,64.9,0.0,0.0,64.9,4.85
prep_clutch,60.0,0.0,10.0,70.0,7.69
prep_clutch,71.7,0.0,0.0,71.7,10.89
prep_clutch,63.4,0.0,10.0,73.4,12.2
prep_clutch,65.9,0.0,0.0,65.9,12.14
prep_clutch,69.5,0.0,10.0,79.5,11.19
prep_clutch,69.3,0.0,0.0,69.3,10.73
prep_clutch,66.2,0.0,0.0,66.2,9.04
prep_clutch,74.2,0.0,0.0,74.2,7.78
prep_clutch,63.9,0.0,0.0,63.9,6.8
prep_clutch,70.7,0.0,0.0,70.7,5.7
prep_clutch,68.2,0.0,0.0,68.2,4.91
prep_clutch,61.9,10.0,0.0,71.9,3.99
prep_clutch,67.4,0.0,0.0,67.4,3.5
prep_clutch,70.8,0.0,0.0,70.8,3.89
prep_clutch,71.0,0.0,10.0,81.0,4.5
prep_clutch,66.5,0.0,0.0,66.5,6.08
prep_clutch,74.0,0.0,0.0,74.0,6.45
prep_clutch,63.5,0.0,0.0,63.5,6.6
prep_clutch,59.4,0.0,10.0,69.4,4.99
prep_clutch,74.3,0.0,0.0,74.3,3.75
prep_clutch,64.6,0.0,0.0,64.6,4.07
prep_clutch,60.1,0.0,0.0,60.1,12.47
prep_clutch,58.5,0.0,10.0,68.5,15.05
prep_clutch,71.1,0.0,0.0,71.1,15.37
prep_clutch,63.1,0.0,10.0,73.1,16.34
prep_clutch,72.4,0.0,0.0,72.4,16.01
prep_clutch,65.4,0.0,0.0,65.4,17.57
prep_clutch,70.9,0.0,0.0,70.9,14.13
prep_clutch,74.5,0.0,0.0,74.5,11.85
prep_clutch,65.6,0.0,0.0,65.6,14.19
prep_clutch,61.7,0.0,10.0,71.7,11.14
prep_clutch,72.0,0.0,0.0,72.0,9.98
prep_clutch,63.5,0.0,0.0,63.5,12.16
prep_clutch,58.5,0.0,0.0,58.5,12.47
prep_clutch,58.6,0.0,10.0,68.6,7.94
prep_clutch,71.3,0.0,0.0,71.3,6.71
prep_clutch,65.6,0.0,0.0,65.6,9.02
prep_clutch,66.4,0.0,0.0,66.4,8.23
prep_clutch,68.9,0.0,10.0,78.9,4.58
prep_clutch,66.8,0.0,0.0,66.8,8.18
prep_clutch,65.8,0.0,0.0,65.8,7.79
prep_clutch,65.1,0.0,0.0,65.1,7.26
prep_clutch,62.0,0.0,10.0,72.0,5.0
prep_clutch,65.1,0.0,0.0,65.1,6.79
prep_clutch,64.7,0.0,0.0,64.7,6.63
prep_clutch,62.8,0.0,10.0,72.8,5.04
prep_clutch,65.8,0.0,0.0,65.8,2.75
prep_clutch,65.1,0.0,0.0,65.1,4.49
prep_clutch,60.3,0.0,10.0,70.3,8.68
prep_clutch,72.5,0.0,0.0,72.5,9.77
prep_clutch,72.9,0.0,0.0,72.9,10.07
prep_clutch,59.8,0.0,10.0,69.8,10.32
prep_clutch,71.2,0.0,0.0,71.2,9.89
prep_clutch,63.1,0.0,0.0,63.1,9.12
prep_clutch,59.4,0.0,0.0,59.4,8.37
prep_clutch,58.8,0.0,10.0,68.8,7.44
prep_clutch,71.4,0.0,0.0,71.4,6.78
prep_clutch,60.8,0.0,10.0,70.8,5.8
prep_clutch,60.1,0.0,10.0,70.1,5.4
prep_clutch,71.3,0.0,0.0,71.3,5.43
prep_clutch,60.8,0.0,10.0,70.8,6.28
prep_clutch,59.9,0.0,10.0,69.9,8.35
prep_clutch,72.0,10.0,0.0,82.0,11.52
prep_clutch,69.1,0.0,0.0,69.1,17.98
prep_clutch,67.8,0.0,10.0,77.8,19.98
prep_clutch,79.8,0.0,0.0,79.8,18.24
prep_clutch,70.6,0.0,10.0,80.6,16.91
prep_clutch,70.8,10.0,0.0,80.8,15.6
prep_clutch,73.6,0.0,0.0,73.6,16.99
prep_clutch,69.0,0.0,0.0,69.0,16.79
prep_clutch,67.3,0.0,0.0,67.3,15.23
prep_clutch,66.4,0.0,0.0,66.4,13.64
prep_clutch,61.8,10.0,0.0,71.8,10.51
prep_clutch,73.9,0.0,0.0,73.9,8.73
prep_clutch,64.7,0.0,0.0,64.7,11.21
prep_clutch,58.9,0.0,0.0,58.9,11.75
prep_clutch,58.7,0.0,10.0,68.7,6.82
prep_clutch,71.7,0.0,10.0,81.7,5.08
prep_clutch,64.8,0.0,0.0,64.8,8.14
prep_clutch,67.0,0.0,0.0,67.0,7.07
prep_clutch,67.5,0.0,10.0,77.5,3.74
prep_clutch,74.7,0.0,0.0,74.7,4.93
prep_clutch,69.3,0.0,0.0,69.3,7.21
prep_clutch,61.5,0.0,10.0,71.5,7.07
prep_clutch,67.2,0.0,0.0,67.2,7.52
prep_clutch,65.3,0.0,0.0,65.3,7.15
prep_clutch,65.9,0.0,0.0,65.9,6.3
prep_clutch,61.9,10.0,0.0,71.9,2.61
prep_clutch,73.7,0.0,0.0,73.7,8.24
prep_clutch,67.8,0.0,0.0,67.8,11.83
prep_clutch,66.3,0.0,0.0,66.3,13.52
prep_clutch,65.6,0.0,0.0,65.6,13.18
prep_clutch,66.3,0.0,10.0,76.3,11.96
prep_clutch,64.8,0.0,0.0,64.8,10.75
prep_clutch,74.5,0.0,0.0,74.5,9.53
prep_clutch,63.4,0.0,0.0,63.4,8.44
prep_clutch,57.7,0.0,0.0,57.7,7.51
clutch,68.8,0.0,0.0,68.8,6.02
clutch,65.1,0.0,10.0,75.1,5.73
clutch,62.7,0.0,10.0,72.7,5.68
clutch,71.7,0.0,0.0,71.7,5.63
clutch,63.7,0.0,0.0,63.7,5.59
clutch,69.7,0.0,0.0,69.7,5.54
clutch,65.7,0.0,0.0,65.7,5.51
clutch,64.2,0.0,0.0,64.2,5.49
clutch,59.9,0.0,0.0,59.9,5.47
clutch,58.6,0.0,10.0,68.6,5.44
clutch,71.5,0.0,0.0,71.5,5.43
clutch,57.2,0.0,0.0,57.2,5.41
clutch,57.1,0.0,10.0,67.1,5.4
clutch,82.0,0.0,0.0,82.0,5.39
clutch,68.5,0.0,0.0,68.5,5.38
clutch,71.4,0.0,10.0,81.4,5.37
clutch,73.3,0.0,0.0,73.3,5.37
clutch,70.4,0.0,0.0,70.4,5.36
clutch,71.7,0.0,10.0,81.7,5.36
clutch,74.5,0.0,0.0,74.5,5.36
clutch,69.6,0.0,0.0,69.6,5.35
clutch,69.1,0.0,10.0,79.1,5.35
clutch,72.0,0.0,0.0,72.0,5.35
clutch,68.8,0.0,0.0,68.8,5.35
clutch,70.8,0.0,10.0,80.8,5.35
clutch,73.4,0.0,10.0,83.4,5.34
clutch,65.5,10.0,0.0,75.5,5.34
clutch,76.5,0.0,0.0,76.5,5.34
clutch,75.3,0.0,10.0,85.3,5.34
clutch,81.7,0.0,10.0,91.7,5.34
clutch,72.9,0.0,10.0,82.9,5.34
clutch,81.0,0.0,0.0,81.0,5.34
clutch,80.1,0.0,0.0,80.1,5.34
clutch,77.5,0.0,0.0,77.5,5.34
clutch,75.9,0.0,0.0,75.9,5.34
clutch,69.4,0.0,0.0,69.4,5.34
clutch,68.7,0.0,0.0,68.7,5.34
clutch,68.9,0.0,0.0,68.9,5.34
clutch,55.9,10.0,0.0,65.9,5.34
clutch,73.6,0.0,0.0,73.6,0.0
clutch,64.9,0.0,0.0,64.9,11.62
clutch,58.5,0.0,0.0,58.5,18.06
clutch,60.5,0.0,10.0,70.5,15.55
clutch,71.2,0.0,0.0,71.2,15.33
clutch,58.6,0.0,0.0,58.6,18.94
clutch,58.9,0.0,0.0,58.9,17.55
clutch,71.9,0.0,0.0,71.9,11.84
clutch,57.6,0.0,0.0,57.6,16.09
clutch,58.5,0.0,0.0,58.5,13.25
clutch,62.9,0.0,0.0,62.9,5.84
clutch,62.2,10.0,0.0,72.2,5.72
clutch,65.0,0.0,0.0,65.0,9.25
clutch,63.5,0.0,0.0,63.5,12.8
clutch,57.6,0.0,0.0,57.6,17.08
clutch,59.1,0.0,0.0,59.1,20.52
clutch,71.9,0.0,0.0,71.9,19.05
clutch,58.9,0.0,0.0,58.9,23.64
clutch,69.6,0.0,0.0,69.6,19.05
clutch,72.6,0.0,0.0,72.6,17.0
clutch,58.4,0.0,0.0,58.4,15.56
clutch,57.1,0.0,0.0,57.1,7.74
clutch,71.9,0.0,0.0,71.9,4.73
clutch,60.9,0.0,10.0,70.9,5.72
clutch,72.1,0.0,0.0,72.1,6.28
clutch,63.5,0.0,0.0,63.5,6.97
clutch,60.9,0.0,0.0,60.9,6.94
clutch,69.9,0.0,10.0,79.9,6.59
clutch,68.9,0.0,0.0,68.9,7.58
clutch,69.2,0.0,0.0,69.2,5.64
clutch,68.8,0.0,10.0,78.8,5.34
clutch,68.5,0.0,0.0,68.5,5.3
clutch,73.9,0.0,0.0,73.9,5.24
clutch,84.3,0.0,10.0,94.3,5.17
clutch,105.9,0.0,20.0,125.9,5.11
clutch,129.1,0.0,10.0,139.1,5.08
clutch,112.4,0.0,0.0,112.4,5.05
clutch,119.6,0.0,10.0,129.6,5.03
clutch,108.8,0.0,0.0,108.8,5.02
clutch,104.0,0.0,0.0,104.0,5.01
clutch,60.8,0.0,0.0,60.8,5.0
clutch,66.2,0.0,0.0,66.2,4.99
clutch,65.3,0.0,0.0,65.3,0.0
clutch,65.6,0.0,0.0,65.6,8.93
clutch,60.0,0.0,10.0,70.0,14.53
clutch,72.1,0.0,0.0,72.1,15.44
clutch,76.5,0.0,0.0,76.5,15.8
clutch,70.1,0.0,0.0,70.1,18.37
clutch,79.3,0.0,0.0,79.3,14.12
clutch,77.1,0.0,10.0,87.1,6.36
clutch,73.8,0.0,10.0,83.8,4.99
clutch,74.1,0.0,0.0,74.1,4.36
clutch,88.4,0.0,0.0,88.4,4.02
clutch,77.3,0.0,0.0,77.3,4.53
clutch,77.8,0.0,10.0,87.8,5.19
clutch,77.3,0.0,10.0,87.3,5.62
clutch,77.1,0.0,0.0,77.1,6.07
clutch,77.1,0.0,10.0,87.1,6.61
clutch,77.7,0.0,10.0,87.7,8.3
clutch,73.7,0.0,10.0,83.7,12.83
clutch,65.2,10.0,0.0,75.2,16.05
clutch,74.3,0.0,0.0,74.3,9.9
clutch,71.0,0.0,0.0,71.0,8.48
clutch,69.6,0.0,10.0,79.6,8.5
clutch,73.1,0.0,0.0,73.1,8.51
clutch,68.7,0.0,0.0,68.7,8.51
clutch,66.9,0.0,0.0,66.9,8.52
clutch,60.9,10.0,0.0,70.9,8.53
clutch,68.0,0.0,0.0,68.0,8.53
clutch,66.6,0.0,0.0,66.6,8.54
clutch,70.1,0.0,0.0,70.1,8.54
clutch,54.9,10.0,0.0,64.9,8.55
clutch,73.6,0.0,0.0,73.6,8.55
clutch,64.3,0.0,0.0,64.3,8.55
clutch,59.9,0.0,0.0,59.9,8.55
clutch,69.0,0.0,0.0,69.0,8.56
clutch,72.5,0.0,0.0,72.5,8.56
clutch,59.0,0.0,0.0,59.0,8.56
clutch,58.3,0.0,0.0,58.3,8.56
clutch,72.4,0.0,0.0,72.4,8.56
clutch,63.4,10.0,0.0,73.4,8.56
clutch,73.5,0.0,0.0,73.5,8.56
clutch,63.6,0.0,0.0,63.6,8.56
clutch,59.0,0.0,10.0,69.0,8.56
clutch,71.0,0.0,0.0,71.0,0.0
clutch,73.6,0.0,0.0,73.6,6.6
clutch,59.6,0.0,10.0,69.6,9.1
clutch,72.1,0.0,0.0,72.1,9.26
clutch,63.8,0.0,0.0,63.8,8.57
clutch,65.1,0.0,0.0,65.1,6.41
clutch,74.5,0.0,0.0,74.5,4.61
clutch,65.0,0.0,0.0,65.0,4.32
clutch,65.8,0.0,0.0,65.8,3.77
clutch,65.1,0.0,0.0,65.1,3.59
clutch,64.7,0.0,0.0,64.7,3.64
clutch,60.9,0.0,10.0,70.9,3.34
clutch,71.4,0.0,0.0,71.4,2.97
clutch,63.4,0.0,0.0,63.4,2.61
clutch,57.9,0.0,0.0,57.9,2.66
clutch,58.0,0.0,0.0,58.0,2.69
clutch,71.4,0.0,0.0,71.4,2.54
clutch,57.5,0.0,0.0,57.5,2.85
clutch,57.1,0.0,10.0,67.1,2.88
clutch,62.9,0.0,0.0,62.9,3.08
clutch,62.0,0.0,10.0,72.0,4.56
clutch,71.6,0.0,0.0,71.6,6.31
clutch,72.4,0.0,0.0,72.4,8.91
clutch,58.8,0.0,0.0,58.8,13.24
clutch,57.2,0.0,10.0,67.2,13.88
clutch,71.7,0.0,10.0,81.7,13.44
clutch,66.7,0.0,0.0,66.7,17.4
clutch,67.3,0.0,10.0,77.3,16.9
clutch,60.7,0.0,0.0,60.7,18.31
clutch,66.0,0.0,0.0,66.0,15.34
clutch,74.7,0.0,0.0,74.7,10.99
clutch,63.9,0.0,0.0,63.9,13.93
clutch,58.6,0.0,0.0,58.6,14.18
clutch,57.0,0.0,10.0,67.0,9.32
clutch,71.7,0.0,0.0,71.7,7.26
clutch,59.5,0.0,10.0,69.5,9.19
clutch,72.0,0.0,0.0,72.0,8.44
clutch,72.6,0.0,0.0,72.6,10.12
clutch,61.6,0.0,10.0,71.6,15.82
clutch,60.6,0.0,10.0,70.6,16.02
clutch,71.7,0.0,0.0,71.7,13.7
clutch,57.9,0.0,0.0,57.9,11.47
clutch,67.1,0.0,0.0,67.1,14.69
clutch,63.3,0.0,0.0,63.3,11.23
clutch,58.5,0.0,0.0,58.5,10.18
clutch,69.4,0.0,0.0,69.4,9.99
clutch,63.5,0.0,0.0,63.5,9.89
clutch,59.8,0.0,10.0,69.8,9.77
clutch,72.2,0.0,0.0,72.2,9.69
clutch,64.4,0.0,0.0,64.4,9.63
clutch,66.7,0.0,0.0,66.7,9.56
clutch,65.9,0.0,10.0,75.9,9.5
clutch,60.7,0.0,10.0,70.7,9.47
clutch,67.1,0.0,0.0,67.1,9.44
clutch,67.8,0.0,10.0,77.8,9.41
clutch,69.9,0.0,10.0,79.9,9.38
clutch,67.0,0.0,0.0,67.0,9.36
clutch,66.2,0.0,0.0,66.2,9.35
clutch,68.6,0.0,0.0,68.6,9.34
clutch,63.9,0.0,10.0,73.9,9.32
clutch,73.7,0.0,0.0,73.7,9.31
clutch,66.6,0.0,0.0,66.6,9.3
clutch,73.8,0.0,0.0,73.8,9.29
clutch,74.0,0.0,0.0,74.0,9.29
clutch,65.2,0.0,0.0,65.2,9.28
clutch,60.0,0.0,10.0,70.0,9.28
clutch,71.9,0.0,0.0,71.9,9.28
clutch,73.0,0.0,0.0,73.0,9.27
clutch,60.4,0.0,0.0,60.4,9.27
clutch,60.6,0.0,10.0,70.6,9.27
clutch,72.0,0.0,0.0,72.0,9.27
clutch,65.7,0.0,0.0,65.7,0.0
clutch,66.1,0.0,0.0,66.1,8.89
clutch,66.4,0.0,0.0,66.4,14.53
clutch,73.5,0.0,0.0,73.5,16.35
clutch,67.5,0.0,0.0,67.5,19.29
clutch,66.2,0.0,0.0,66.2,19.07
clutch,63.9,0.0,10.0,73.9,12.29
clutch,73.4,0.0,0.0,73.4,7.52
clutch,66.3,0.0,0.0,66.3,4.45
clutch,62.0,0.0,10.0,72.0,2.0
clutch,72.6,0.0,0.0,72.6,1.97
clutch,63.2,0.0,0.0,63.2,2.11
clutch,58.1,0.0,0.0,58.1,2.16
clutch,58.3,0.0,0.0,58.3,2.05
clutch,72.3,0.0,0.0,72.3,1.14
clutch,60.0,0.0,10.0,70.0,0.73
clutch,60.6,10.0,0.0,70.6,1.02
clutch,72.2,0.0,0.0,72.2,2.55
clutch,57.8,0.0,0.0,57.8,5.52
clutch,70.9,0.0,0.0,70.9,6.14
clutch,63.4,0.0,0.0,63.4,9.11
clutch,59.5,0.0,10.0,69.5,9.82
clutch,74.3,0.0,10.0,84.3,6.37
clutch,74.2,0.0,0.0,74.2,11.0
clutch,68.9,0.0,0.0,68.9,12.96
clutch,67.7,0.0,0.0,67.7,12.44
clutch,67.6,0.0,10.0,77.6,11.85
clutch,65.7,0.0,10.0,75.7,11.51
clutch,83.7,0.0,10.0,93.7,4.08
clutch,98.9,0.0,10.0,108.9,5.2
clutch,103.7,10.0,0.0,113.7,8.71
clutch,84.9,0.0,10.0,94.9,13.81
clutch,94.1,0.0,0.0,94.1,14.98
clutch,83.9,0.0,0.0,83.9,15.21
clutch,84.7,0.0,0.0,84.7,15.14
clutch,81.0,0.0,0.0,81.0,14.74
clutch,99.1,0.0,0.0,99.1,14.71
clutch,112.5,0.0,0.0,112.5,18.07
clutch,99.0,0.0,0.0,99.0,25.71
clutch,65.1,0.0,0.0,65.1,35.73
clutch,59.7,0.0,0.0,59.7,32.55
clutch,58.7,0.0,10.0,68.7,12.95
clutch,71.3,0.0,10.0,81.3,11.53
clutch,62.1,0.0,10.0,72.1,11.71
clutch,61.0,0.0,10.0,71.0,11.87
clutch,71.6,0.0,0.0,71.6,12.01
clutch,58.4,0.0,0.0,58.4,12.13
clutch,57.3,0.0,0.0,57.3,12.23
clutch,72.2,10.0,0.0,82.2,12.37
clutch,67.7,0.0,10.0,77.7,12.44
clutch,84.4,0.0,0.0,84.4,12.53
clutch,92.6,0.0,0.0,92.6,12.58
clutch,87.8,0.0,0.0,87.8,12.62
clutch,96.7,0.0,0.0,96.7,12.66
clutch,70.9,0.0,0.0,70.9,12.7
clutch,69.5,0.0,10.0,79.5,12.72
clutch,83.9,0.0,0.0,83.9,12.74
clutch,88.3,0.0,0.0,88.3,12.76
clutch,97.3,0.0,0.0,97.3,12.78
clutch,105.3,0.0,10.0,115.3,12.79
clutch,95.9,10.0,0.0,105.9,12.8
clutch,85.1,0.0,10.0,95.1,12.81
clutch,85.2,0.0,10.0,95.2,12.81
clutch,104.0,0.0,0.0,104.0,12.82
clutch,58.5,0.0,0.0,58.5,12.82
clutch,58.5,0.0,0.0,58.5,12.82
clutch,72.2,0.0,0.0,72.2,12.83
clutch,58.4,0.0,0.0,58.4,12.83
clutch,67.9,0.0,0.0,67.9,0.0
clutch,63.6,0.0,10.0,73.6,10.27
clutch,67.2,0.0,0.0,67.2,17.96
clutch,65.4,0.0,0.0,65.4,19.88
clutch,64.8,0.0,0.0,64.8,19.78
clutch,60.6,10.0,0.0,70.6,16.95
clutch,74.2,0.0,0.0,74.2,14.73
clutch,64.3,0.0,0.0,64.3,9.49
clutch,69.6,0.0,0.0,69.6,3.02
clutch,65.2,0.0,0.0,65.2,3.0
clutch,63.5,0.0,0.0,63.5,4.68
clutch,58.7,0.0,0.0,58.7,6.28
clutch,57.1,0.0,0.0,57.1,6.83
clutch,71.8,0.0,0.0,71.8,6.28
clutch,58.4,0.0,0.0,58.4,6.12
clutch,58.4,0.0,10.0,68.4,5.71
clutch,72.5,0.0,0.0,72.5,5.47
clutch,59.3,0.0,10.0,69.3,4.72
clutch,59.9,0.0,10.0,69.9,4.31
clutch,72.0,0.0,0.0,72.0,3.79
clutch,58.8,0.0,0.0,58.8,3.79
clutch,60.5,0.0,10.0,70.5,3.89
clutch,71.6,0.0,0.0,71.6,6.23
clutch,59.2,0.0,10.0,69.2,11.27
clutch,60.5,0.0,10.0,70.5,13.78
clutch,72.2,0.0,0.0,72.2,14.51
clutch,58.4,0.0,0.0,58.4,19.47
clutch,67.2,0.0,0.0,67.2,14.84
clutch,68.4,0.0,10.0,78.4,10.5
clutch,68.6,0.0,0.0,68.6,13.68
clutch,67.7,0.0,0.0,67.7,13.07
clutch,68.4,0.0,0.0,68.4,11.63
clutch,66.6,0.0,0.0,66.6,11.66
clutch,67.9,0.0,10.0,77.9,6.91
clutch,68.7,0.0,0.0,68.7,10.3
clutch,64.9,0.0,0.0,64.9,10.21
clutch,67.8,0.0,10.0,77.8,5.08
clutch,68.0,0.0,0.0,68.0,8.17
clutch,64.0,10.0,0.0,74.0,6.0
clutch,65.5,0.0,0.0,65.5,8.21
clutch,65.0,0.0,10.0,75.0,4.44
clutch,62.3,0.0,10.0,72.3,5.04
clutch,60.3,0.0,10.0,70.3,5.2
clutch,72.0,0.0,0.0,72.0,4.29
clutch,65.4,0.0,10.0,75.4,5.11
clutch,70.1,0.0,0.0,70.1,6.5
clutch,71.2,0.0,0.0,71.2,6.6
clutch,69.6,0.0,10.0,79.6,7.12
clutch,63.9,10.0,0.0,73.9,6.41
clutch,63.8,10.0,0.0,73.8,6.53
clutch,70.7,0.0,0.0,70.7,7.44
clutch,80.2,0.0,0.0,80.2,5.15
clutch,74.1,0.0,0.0,74.1,5.26
clutch,70.1,0.0,10.0,80.1,7.19
clutch,75.1,0.0,0.0,75.1,6.73
clutch,74.5,0.0,0.0,74.5,6.42
clutch,71.4,0.0,0.0,71.4,6.16
clutch,63.6,0.0,10.0,73.6,5.88
clutch,73.8,0.0,0.0,73.8,5.7
clutch,69.5,0.0,0.0,69.5,5.55
clutch,70.8,0.0,0.0,70.8,5.42
clutch,71.4,0.0,10.0,81.4,5.27
clutch,67.8,0.0,0.0,67.8,5.18
clutch,67.3,0.0,0.0,67.3,5.1
clutch,66.3,0.0,0.0,66.3,5.04
clutch,60.4,0.0,10.0,70.4,4.96
clutch,60.4,0.0,10.0,70.4,4.92
clutch,72.1,0.0,0.0,72.1,4.88
clutch,61.5,0.0,10.0,71.5,4.83
clutch,73.4,0.0,0.0,73.4,4.81
clutch,63.8,0.0,0.0,63.8,4.78
clutch,59.2,0.0,0.0,59.2,4.76
clutch,57.9,0.0,0.0,57.9,4.75
clutch,71.5,0.0,0.0,71.5,4.73
clutch,57.6,0.0,0.0,57.6,4.72
clutch,56.8,0.0,0.0,56.8,4.71
clutch,71.4,0.0,0.0,71.4,4.69
clutch,57.6,0.0,0.0,57.6,4.69
clutch,57.6,0.0,0.0,57.6,4.68
clutch,71.3,0.0,0.0,71.3,4.67
clutch,57.9,0.0,0.0,57.9,4.67
clutch,57.8,0.0,0.0,57.8,4.67
clutch,71.9,0.0,0.0,71.9,4.66
clutch,61.1,0.0,10.0,71.1,4.66
clutch,70.8,0.0,0.0,70.8,4.66
clutch,65.6,0.0,0.0,65.6,4.65
clutch,72.8,10.0,0.0,82.8,0.0
clutch,86.8,0.0,10.0,96.8,5.16
clutch,98.4,0.0,0.0,98.4,7.35
clutch,102.2,0.0,10.0,112.2,6.24
clutch,94.6,10.0,0.0,104.6,6.41
clutch,68.0,0.0,10.0,78.0,7.25
clutch,85.2,0.0,0.0,85.2,4.88
clutch,92.5,0.0,0.0,92.5,2.95
clutch,99.0,0.0,0.0,99.0,2.0
clutch,95.3,0.0,0.0,95.3,1.83
clutch,59.6,0.0,0.0,59.6,5.62
clutch,59.8,0.0,10.0,69.8,6.21
clutch,71.7,0.0,0.0,71.7,11.63
clutch,58.0,0.0,10.0,68.0,18.87
clutch,74.2,0.0,0.0,74.2,17.83
clutch,66.7,0.0,0.0,66.7,20.65
clutch,73.1,0.0,0.0,73.1,17.75
clutch,65.6,0.0,0.0,65.6,18.64
clutch,65.7,0.0,0.0,65.7,16.89
clutch,67.4,0.0,0.0,67.4,14.88
clutch,66.8,0.0,0.0,66.8,13.62
clutch,65.6,0.0,0.0,65.6,12.46
clutch,70.7,0.0,0.0,70.7,9.41
clutch,74.9,0.0,0.0,74.9,7.39
clutch,65.3,0.0,0.0,65.3,10.34
clutch,62.1,0.0,10.0,72.1,7.34
clutch,73.8,0.0,0.0,73.8,6.02
clutch,63.8,0.0,0.0,63.8,8.83
clutch,61.6,0.0,10.0,71.6,5.8
clutch,72.3,0.0,0.0,72.3,5.0
clutch,72.7,0.0,10.0,82.7,2.13
clutch,74.2,0.0,0.0,74.2,5.42
clutch,66.0,0.0,0.0,66.0,3.37
clutch,66.8,0.0,0.0,66.8,5.68
clutch,61.9,0.0,10.0,71.9,5.2
clutch,73.8,0.0,0.0,73.8,4.88
clutch,63.3,0.0,0.0,63.3,4.61
clutch,57.8,0.0,0.0,57.8,4.37
clutch,57.0,0.0,10.0,67.0,4.11
clutch,72.2,0.0,0.0,72.2,3.94
clutch,66.9,0.0,0.0,66.9,3.76
clutch,67.2,0.0,10.0,77.2,3.61
clutch,68.3,0.0,10.0,78.3,3.55
clutch,66.4,0.0,0.0,66.4,3.44
clutch,74.8,0.0,0.0,74.8,3.37
clutch,63.4,0.0,0.0,63.4,3.31
clutch,61.4,10.0,0.0,71.4,3.24
clutch,65.3,0.0,0.0,65.3,3.2
clutch,66.9,0.0,0.0,66.9,3.17
clutch,61.5,0.0,10.0,71.5,3.13
clutch,59.6,0.0,10.0,69.6,3.1
clutch,70.7,0.0,0.0,70.7,3.08
clutch,57.5,0.0,0.0,57.5,3.07
clutch,56.9,0.0,0.0,56.9,3.05
clutch,63.1,0.0,0.0,63.1,3.03
clutch,72.0,0.0,0.0,72.0,3.02
clutch,66.0,0.0,0.0,66.0,3.01
clutch,66.9,0.0,0.0,66.9,3.0
clutch,67.4,0.0,0.0,67.4,2.99
clutch,66.8,0.0,0.0,66.8,0.0
clutch,67.6,0.0,0.0,67.6,8.77
clutch,73.3,0.0,0.0,73.3,15.02
clutch,65.3,0.0,0.0,65.3,14.73
clutch,63.7,0.0,0.0,63.7,13.29
clutch,58.3,0.0,0.0,58.3,12.3
clutch,57.4,0.0,10.0,67.4,9.11
clutch,71.9,0.0,0.0,71.9,8.9
clutch,57.9,0.0,0.0,57.9,10.38
clutch,58.8,0.0,0.0,58.8,12.21
clutch,71.3,0.0,0.0,71.3,10.73
clutch,58.0,0.0,0.0,58.0,16.26
clutch,68.8,0.0,0.0,68.8,12.4
clutch,67.2,0.0,10.0,77.2,12.77
clutch,64.4,10.0,0.0,74.4,11.15
clutch,74.3,0.0,0.0,74.3,10.7
clutch,63.8,0.0,0.0,63.8,13.44
clutch,59.0,0.0,0.0,59.0,13.45
clutch,69.0,0.0,0.0,69.0,8.5
clutch,63.6,0.0,0.0,63.6,9.33
clutch,61.8,0.0,10.0,71.8,6.57
clutch,60.8,10.0,0.0,70.8,6.49
clutch,71.9,0.0,0.0,71.9,6.01
clutch,62.1,0.0,10.0,72.1,6.82
clutch,71.4,0.0,0.0,71.4,6.59
clutch,72.1,0.0,0.0,72.1,6.35
clutch,57.7,0.0,0.0,57.7,10.68
clutch,57.5,0.0,0.0,57.5,10.0
clutch,72.1,0.0,0.0,72.1,6.33
clutch,61.7,0.0,10.0,71.7,8.16
clutch,60.4,0.0,10.0,70.4,8.68
clutch,71.9,0.0,0.0,71.9,8.57
clutch,59.5,0.0,10.0,69.5,9.96
clutch,70.3,0.0,0.0,70.3,9.52
clutch,64.7,0.0,0.0,64.7,10.92
clutch,68.2,0.0,0.0,68.2,10.77
clutch,80.1,0.0,0.0,80.1,9.06
clutch,96.3,0.0,0.0,96.3,8.68
clutch,87.8,0.0,10.0,97.8,9.78
clutch,100.0,0.0,0.0,100.0,9.48
clutch,59.7,0.0,0.0,59.7,20.1
clutch,69.7,0.0,10.0,79.7,16.26
clutch,77.8,0.0,10.0,87.8,5.83
clutch,94.0,0.0,0.0,94.0,6.24
clutch,87.8,0.0,10.0,97.8,5.97
clutch,112.3,0.0,0.0,112.3,5.77
clutch,106.7,0.0,0.0,106.7,5.65
clutch,63.7,0.0,0.0,63.7,5.56
clutch,62.9,0.0,10.0,72.9,5.47
clutch,72.0,0.0,0.0,72.0,5.42
clutch,66.3,0.0,0.0,66.3,5.38
clutch,65.6,0.0,0.0,65.6,5.33
clutch,65.7,0.0,0.0,65.7,5.3
clutch,65.8,0.0,0.0,65.8,5.28
clutch,61.7,10.0,0.0,71.7,5.26
clutch,74.0,0.0,0.0,74.0,5.25
clutch,73.1,0.0,0.0,73.1,5.24
clutch,58.3,0.0,0.0,58.3,5.23
clutch,56.9,0.0,0.0,56.9,5.22
clutch,72.6,0.0,0.0,72.6,5.21
clutch,72.4,0.0,0.0,72.4,5.2
clutch,66.5,0.0,0.0,66.5,5.2
clutch,65.1,0.0,0.0,65.1,5.2
clutch,69.7,0.0,0.0,69.7,5.19
clutch,68.8,0.0,0.0,68.8,5.19
clutch,78.4,0.0,10.0,88.4,5.19
clutch,94.0,0.0,0.0,94.0,5.19
clutch,85.1,0.0,0.0,85.1,5.18
clutch,97.4,0.0,0.0,97.4,5.18
clutch,89.3,0.0,10.0,99.3,5.18
clutch,101.7,0.0,0.0,101.7,5.18
clutch,57.9,0.0,0.0,57.9,5.18
clutch,57.1,0.0,10.0,67.1,5.18
clutch,63.2,0.0,0.0,63.2,0.0
clutch,58.2,0.0,0.0,58.2,10.53
clutch,69.4,0.0,0.0,69.4,13.94
clutch,66.0,0.0,0.0,66.0,17.84
clutch,62.0,0.0,10.0,72.0,17.01
clutch,71.7,0.0,0.0,71.7,16.36
clutch,73.0,0.0,0.0,73.0,15.02
clutch,63.2,0.0,10.0,73.2,14.65
clutch,62.2,10.0,0.0,72.2,13.55
clutch,63.2,0.0,0.0,63.2,14.81
clutch,60.7,0.0,0.0,60.7,14.01
clutch,60.5,10.0,0.0,70.5,9.12
clutch,71.8,0.0,0.0,71.8,8.09
clutch,65.8,0.0,0.0,65.8,10.56
clutch,66.8,0.0,0.0,66.8,8.77
clutch,61.6,0.0,10.0,71.6,9.58
clutch,67.0,0.0,0.0,67.0,7.6
clutch,66.2,0.0,0.0,66.2,7.16
clutch,66.8,0.0,0.0,66.8,6.44
clutch,72.5,0.0,0.0,72.5,4.96
clutch,74.6,0.0,0.0,74.6,4.52
clutch,67.6,0.0,10.0,77.6,4.66
clutch,74.1,0.0,0.0,74.1,5.63
clutch,65.1,0.0,0.0,65.1,7.88
clutch,64.5,0.0,0.0,64.5,7.2
clutch,60.8,0.0,10.0,70.8,4.42
clutch,60.1,10.0,0.0,70.1,3.94
clutch,72.1,0.0,10.0,82.1,3.17
clutch,73.9,0.0,0.0,73.9,7.9
clutch,66.7,0.0,0.0,66.7,9.91
clutch,67.2,0.0,10.0,77.2,9.39
clutch,74.1,0.0,0.0,74.1,9.05
clutch,74.8,0.0,0.0,74.8,8.75
clutch,64.4,0.0,0.0,64.4,8.5
clutch,60.1,0.0,10.0,70.1,8.22
clutch,74.0,0.0,0.0,74.0,8.05
clutch,66.4,0.0,0.0,66.4,7.9
clutch,63.6,0.0,10.0,73.6,7.73
clutch,72.4,0.0,0.0,72.4,7.63
clutch,63.3,0.0,0.0,63.3,7.54
clutch,60.9,0.0,10.0,70.9,7.44
clutch,73.9,0.0,0.0,73.9,7.38
clutch,64.5,0.0,0.0,64.5,7.33
clutch,62.8,10.0,0.0,72.8,7.27
clutch,74.3,0.0,0.0,74.3,7.23
clutch,63.6,0.0,0.0,63.6,7.2
clutch,61.3,0.0,10.0,71.3,7.17
prep_gripper,70.4,0.0,0.0,70.4,7.14
prep_gripper,63.8,0.0,0.0,63.8,7.12
prep_gripper,61.5,0.0,10.0,71.5,7.1
prep_gripper,71.6,0.0,0.0,71.6,7.09
prep_gripper,66.2,0.0,0.0,66.2,7.08
prep_gripper,60.8,0.0,0.0,60.8,7.07
prep_gripper,58.6,0.0,0.0,58.6,7.06
prep_gripper,72.2,0.0,0.0,72.2,7.05
prep_gripper,59.0,0.0,0.0,59.0,7.05
prep_gripper,57.8,0.0,0.0,57.8,7.04
prep_gripper,71.5,0.0,0.0,71.5,7.04
prep_gripper,68.2,0.0,0.0,68.2,0.0
prep_gripper,65.9,0.0,0.0,65.9,9.72
prep_gripper,65.5,0.0,0.0,65.5,15.21
prep_gripper,71.5,0.0,0.0,71.5,16.07
prep_gripper,66.9,0.0,0.0,66.9,18.18
prep_gripper,68.6,0.0,0.0,68.6,17.16
prep_gripper,66.0,0.0,0.0,66.0,17.4
prep_gripper,74.6,0.0,0.0,74.6,12.54
prep_gripper,65.6,0.0,10.0,75.6,14.46
prep_gripper,66.8,0.0,0.0,66.8,13.45
prep_gripper,66.6,0.0,0.0,66.6,12.13
prep_gripper,65.3,0.0,0.0,65.3,11.1
prep_gripper,60.9,0.0,10.0,70.9,8.16
prep_gripper,72.2,0.0,0.0,72.2,6.9
prep_gripper,67.0,0.0,0.0,67.0,8.41
prep_gripper,66.3,0.0,0.0,66.3,8.79
prep_gripper,79.8,0.0,10.0,89.8,1.69
prep_gripper,90.4,0.0,0.0,90.4,2.73
prep_gripper,65.9,10.0,0.0,75.9,8.28
prep_gripper,76.2,0.0,0.0,76.2,8.06
prep_gripper,74.5,0.0,0.0,74.5,7.48
prep_gripper,70.8,0.0,10.0,80.8,8.16
prep_gripper,70.7,0.0,10.0,80.7,13.19
prep_gripper,73.2,10.0,0.0,83.2,15.24
prep_gripper,75.5,0.0,0.0,75.5,17.55
prep_gripper,78.7,0.0,0.0,78.7,18.55
prep_gripper,87.3,0.0,0.0,87.3,18.86
prep_gripper,77.2,0.0,0.0,77.2,20.6
prep_gripper,77.3,0.0,10.0,87.3,19.47
prep_gripper,77.4,0.0,10.0,87.4,18.72
prep_gripper,73.2,0.0,10.0,83.2,20.18
prep_gripper,75.1,0.0,0.0,75.1,11.26
prep_gripper,75.7,0.0,0.0,75.7,8.61
prep_gripper,70.3,0.0,0.0,70.3,8.73
prep_gripper,68.8,0.0,10.0,78.8,8.85
prep_gripper,69.5,10.0,0.0,79.5,8.99
prep_gripper,67.3,0.0,0.0,67.3,9.08
prep_gripper,66.3,0.0,10.0,76.3,9.16
prep_gripper,78.7,0.0,10.0,88.7,9.26
prep_gripper,65.0,0.0,0.0,65.0,9.29
prep_gripper,83.5,0.0,0.0,83.5,9.36
prep_gripper,94.0,0.0,0.0,94.0,9.41
prep_gripper,100.5,0.0,0.0,100.5,9.44
prep_gripper,100.7,0.0,0.0,100.7,9.47
prep_gripper,73.8,0.0,0.0,73.8,9.49
prep_gripper,69.5,0.0,0.0,69.5,9.51
prep_gripper,80.2,0.0,0.0,80.2,9.53
prep_gripper,70.6,0.0,10.0,80.6,9.54
prep_gripper,74.6,0.0,0.0,74.6,9.55
prep_gripper,75.2,0.0,0.0,75.2,9.56
prep_gripper,69.7,0.0,0.0,69.7,9.57
prep_gripper,68.4,0.0,0.0,68.4,9.57
prep_gripper,80.6,0.0,0.0,80.6,9.58
prep_gripper,70.2,0.0,0.0,70.2,9.58
prep_gripper,69.7,0.0,0.0,69.7,9.59
prep_gripper,69.3,0.0,0.0,69.3,9.59
prep_gripper,66.3,0.0,0.0,66.3,9.59
prep_gripper,65.5,0.0,0.0,65.5,9.59
prep_gripper,64.0,0.0,0.0,64.0,9.6
prep_gripper,59.2,0.0,10.0,69.2,9.6
prep_gripper,60.8,0.0,10.0,70.8,9.6
prep_gripper,72.7,0.0,0.0,72.7,9.6
prep_gripper,58.5,0.0,0.0,58.5,9.6
prep_gripper,58.7,0.0,0.0,58.7,0.0
prep_gripper,57.3,0.0,10.0,67.3,9.41
prep_gripper,57.9,0.0,0.0,57.9,16.4
prep_gripper,58.3,10.0,0.0,68.3,13.5
prep_gripper,62.4,10.0,0.0,72.4,14.26
prep_gripper,58.9,0.0,0.0,58.9,15.57
prep_gripper,58.1,0.0,0.0,58.1,16.23
prep_gripper,57.0,0.0,10.0,67.0,14.29
prep_gripper,67.5,0.0,0.0,67.5,14.33
prep_gripper,66.7,0.0,0.0,66.7,14.93
prep_gripper,66.2,0.0,0.0,66.2,15.16
prep_gripper,60.4,0.0,10.0,70.4,13.56
prep_gripper,60.0,0.0,10.0,70.0,12.69
prep_gripper,72.4,0.0,0.0,72.4,11.9
prep_gripper,60.6,0.0,0.0,60.6,14.67
prep_gripper,58.7,0.0,10.0,68.7,11.03
prep_gripper,72.8,0.0,0.0,72.8,9.32
prep_gripper,59.5,0.0,10.0,69.5,11.53
prep_gripper,72.0,0.0,0.0,72.0,11.06
prep_gripper,72.9,0.0,0.0,72.9,11.78
prep_gripper,60.2,0.0,0.0,60.2,16.46
prep_gripper,59.0,0.0,10.0,69.0,14.64
prep_gripper,69.7,0.0,0.0,69.7,14.24
prep_gripper,61.3,0.0,10.0,71.3,13.93
prep_gripper,60.7,0.0,10.0,70.7,13.07
prep_gripper,70.4,0.0,0.0,70.4,12.24
prep_gripper,58.4,0.0,0.0,58.4,16.09
prep_gripper,59.2,0.0,10.0,69.2,10.73
prep_gripper,70.5,0.0,0.0,70.5,9.55
prep_gripper,58.1,0.0,0.0,58.1,5.08
prep_gripper,57.8,10.0,0.0,67.8,7.5
prep_gripper,71.9,0.0,0.0,71.9,9.56
prep_gripper,58.4,0.0,0.0,58.4,10.45
prep_gripper,58.6,0.0,10.0,68.6,10.75
prep_gripper,68.6,0.0,0.0,68.6,10.62
prep_gripper,58.5,0.0,0.0,58.5,10.64
prep_gripper,57.3,0.0,0.0,57.3,10.21
prep_gripper,57.2,10.0,0.0,67.2,8.72
prep_gripper,57.8,0.0,0.0,57.8,8.38
prep_gripper,59.0,0.0,10.0,69.0,6.84
prep_gripper,69.9,0.0,0.0,69.9,5.99
prep_gripper,57.8,0.0,0.0,57.8,5.11
prep_gripper,57.1,0.0,0.0,57.1,4.27
prep_gripper,66.8,0.0,0.0,66.8,3.14
prep_gripper,57.8,0.0,0.0,57.8,2.95
gripper,60.4,0.0,10.0,70.4,3.39
gripper,70.3,0.0,0.0,70.3,4.39
gripper,57.9,0.0,0.0,57.9,4.31
gripper,57.2,0.0,0.0,57.2,5.02
gripper,57.2,0.0,10.0,67.2,1.48
gripper,58.3,0.0,0.0,58.3,1.57
gripper,57.8,0.0,10.0,67.8,1.51
gripper,70.7,0.0,0.0,70.7,1.47
gripper,66.7,0.0,0.0,66.7,1.43
gripper,70.4,0.0,10.0,80.4,1.41
gripper,69.7,0.0,0.0,69.7,1.39
gripper,66.0,0.0,0.0,66.0,1.38
gripper,67.3,0.0,0.0,67.3,1.37
gripper,68.9,0.0,10.0,78.9,1.36
gripper,63.9,0.0,10.0,73.9,1.35
gripper,73.3,0.0,0.0,73.3,1.35
gripper,67.7,0.0,10.0,77.7,1.35
gripper,62.7,0.0,10.0,72.7,1.34
gripper,72.9,0.0,0.0,72.9,1.34
gripper,63.8,0.0,0.0,63.8,1.34
gripper,63.7,0.0,10.0,73.7,1.34
gripper,72.5,0.0,0.0,72.5,1.34
gripper,65.0,0.0,0.0,65.0,1.34
gripper,66.7,0.0,10.0,76.7,1.34
gripper,60.6,0.0,10.0,70.6,1.34
gripper,82.8,0.0,0.0,82.8,1.34
gripper,74.2,0.0,0.0,74.2,1.33
gripper,69.8,0.0,10.0,79.8,1.33
gripper,68.9,0.0,0.0,68.9,1.33
gripper,78.0,0.0,0.0,78.0,1.33
gripper,65.7,0.0,0.0,65.7,1.33
gripper,65.5,0.0,0.0,65.5,1.33
gripper,72.7,0.0,10.0,82.7,1.33
gripper,63.3,0.0,0.0,63.3,1.33
gripper,62.0,10.0,0.0,72.0,1.33
gripper,72.4,0.0,0.0,72.4,1.33
gripper,75.0,0.0,0.0,75.0,1.33
gripper,63.8,0.0,0.0,63.8,1.33
gripper,62.5,0.0,0.0,62.5,1.33
gripper,57.8,0.0,0.0,57.8,1.33
gripper,57.2,0.0,0.0,57.2,1.33
gripper,61.6,0.0,0.0,61.6,1.33
gripper,57.1,0.0,0.0,57.1,1.33
gripper,56.8,0.0,0.0,56.8,1.33
gripper,61.9,0.0,0.0,61.9,1.33
gripper,57.1,0.0,0.0,57.1,1.33
gripper,57.2,0.0,10.0,67.2,1.33
gripper,61.5,0.0,0.0,61.5,1.33
gripper,57.6,0.0,0.0,57.6,1.33
gripper,57.7,0.0,10.0,67.7,1.33
gripper,61.4,0.0,0.0,61.4,1.33
gripper,57.2,0.0,0.0,57.2,1.33
gripper,57.3,0.0,0.0,57.3,1.33
gripper,62.2,0.0,0.0,62.2,1.33
gripper,56.9,0.0,0.0,56.9,1.34
gripper,57.8,0.0,0.0,57.8,1.34
gripper,61.8,0.0,0.0,61.8,1.34
gripper,58.1,0.0,0.0,58.1,1.34
gripper,57.2,0.0,0.0,57.2,1.34
gripper,61.5,0.0,10.0,71.5,1.33
gripper,73.1,0.0,0.0,73.1,1.33
gripper,72.6,0.0,0.0,72.6,1.33
gripper,73.2,0.0,0.0,73.2,1.33
gripper,66.2,0.0,0.0,66.2,1.33
gripper,64.6,0.0,0.0,64.6,1.33
gripper,65.5,0.0,0.0,65.5,1.33
gripper,59.0,0.0,0.0,59.0,1.33
gripper,58.2,0.0,0.0,58.2,1.33
gripper,62.0,0.0,0.0,62.0,1.33
gripper,56.9,0.0,0.0,56.9,1.33
gripper,57.1,0.0,10.0,67.1,1.33
gripper,61.6,0.0,0.0,61.6,1.33
gripper,57.1,0.0,10.0,67.1,1.33
gripper,59.3,0.0,10.0,69.3,1.33
gripper,61.8,0.0,0.0,61.8,1.33
gripper,58.3,0.0,0.0,58.3,1.33
gripper,56.9,0.0,0.0,56.9,1.33
gripper,62.3,0.0,0.0,62.3,1.33
gripper,57.1,0.0,0.0,57.1,1.33
gripper,56.9,0.0,0.0,56.9,1.33
gripper,61.9,0.0,0.0,61.9,1.33
gripper,56.9,0.0,0.0,56.9,1.33
gripper,57.3,0.0,0.0,57.3,1.33
gripper,62.2,0.0,0.0,62.2,1.33
gripper,57.1,0.0,0.0,57.1,1.33
gripper,56.9,0.0,10.0,66.9,1.33
gripper,61.6,0.0,0.0,61.6,1.33
gripper,57.3,0.0,0.0,57.3,1.33
gripper,57.0,0.0,0.0,57.0,1.33
gripper,61.5,0.0,0.0,61.5,1.33
gripper,57.4,0.0,0.0,57.4,1.33
gripper,56.9,0.0,10.0,66.9,1.33
gripper,61.9,0.0,0.0,61.9,1.33
gripper,56.7,0.0,0.0,56.7,1.33
gripper,56.8,0.0,0.0,56.8,1.33
gripper,62.8,0.0,0.0,62.8,1.33
gripper,58.1,0.0,0.0,58.1,1.33
gripper,58.3,0.0,0.0,58.3,1.34
gripper,62.6,0.0,0.0,62.6,1.34
gripper,57.2,0.0,0.0,57.2,1.34
gripper,57.2,0.0,10.0,67.2,1.34
gripper,63.1,0.0,0.0,63.1,1.34
gripper,57.0,0.0,0.0,57.0,1.34
gripper,56.9,0.0,10.0,66.9,1.34
gripper,61.8,0.0,0.0,61.8,1.33
gripper,57.0,0.0,0.0,57.0,1.33
gripper,57.0,0.0,10.0,67.0,1.33
gripper,61.3,0.0,0.0,61.3,1.33
gripper,58.6,0.0,0.0,58.6,1.33
gripper,58.5,0.0,10.0,68.5,1.33
gripper,61.8,0.0,0.0,61.8,1.33
gripper,58.0,0.0,10.0,68.0,1.33
gripper,58.3,0.0,10.0,68.3,1.33
gripper,61.7,0.0,0.0,61.7,1.33
gripper,58.0,0.0,0.0,58.0,1.33
gripper,57.0,0.0,10.0,67.0,1.33
gripper,62.7,0.0,0.0,62.7,1.33
gripper,56.9,0.0,0.0,56.9,1.33
gripper,56.7,0.0,0.0,56.7,1.33
gripper,61.6,0.0,0.0,61.6,1.33
gripper,57.3,0.0,0.0,57.3,1.33
gripper,56.9,0.0,10.0,66.9,1.33
gripper,62.6,0.0,0.0,62.6,1.33
gripper,57.1,0.0,0.0,57.1,1.33
gripper,57.0,0.0,10.0,67.0,1.33
gripper,62.0,0.0,0.0,62.0,1.33
gripper,57.0,0.0,0.0,57.0,1.33
gripper,57.0,0.0,10.0,67.0,1.33
gripper,62.0,0.0,0.0,62.0,1.33
gripper,57.1,0.0,0.0,57.1,1.33
gripper,56.6,0.0,10.0,66.6,1.33
gripper,61.6,0.0,0.0,61.6,1.33
gripper,57.3,0.0,0.0,57.3,1.33
gripper,57.0,0.0,0.0,57.0,1.33
gripper,61.6,0.0,0.0,61.6,1.33
gripper,57.0,0.0,0.0,57.0,1.33
gripper,57.0,0.0,0.0,57.0,1.33
gripper,61.7,0.0,0.0,61.7,1.33
gripper,57.2,0.0,0.0,57.2,1.33
gripper,57.0,0.0,10.0,67.0,1.33
gripper,62.0,0.0,10.0,72.0,1.33
gripper,61.3,0.0,10.0,71.3,1.34
gripper,60.3,0.0,10.0,70.3,1.34
gripper,61.7,0.0,0.0,61.7,1.34
gripper,57.4,0.0,10.0,67.4,1.33
gripper,58.2,0.0,10.0,68.2,1.33
gripper,63.0,0.0,10.0,73.0,1.33
gripper,62.1,10.0,0.0,72.1,1.33
gripper,73.1,0.0,0.0,73.1,1.33
gripper,63.4,0.0,0.0,63.4,1.33
gripper,57.1,0.0,0.0,57.1,1.33
gripper,58.2,0.0,10.0,68.2,1.33
gripper,62.6,0.0,0.0,62.6,1.33
gripper,57.4,0.0,0.0,57.4,1.33
gripper,56.9,0.0,10.0,66.9,1.33
gripper,61.6,0.0,0.0,61.6,1.33
gripper,58.3,0.0,0.0,58.3,1.33
gripper,57.3,0.0,0.0,57.3,1.33
gripper,71.2,0.0,0.0,71.2,1.33
gripper,57.0,0.0,0.0,57.0,1.33
gripper,57.1,0.0,0.0,57.1,1.33
gripper,61.5,0.0,0.0,61.5,1.33
gripper,58.0,0.0,0.0,58.0,1.33
gripper,56.6,0.0,0.0,56.6,1.33
gripper,62.6,0.0,0.0,62.6,1.33
gripper,59.0,0.0,10.0,69.0,1.33
gripper,69.4,0.0,0.0,69.4,1.33
gripper,61.9,0.0,0.0,61.9,1.33
gripper,57.1,0.0,0.0,57.1,1.33
gripper,56.9,0.0,0.0,56.9,1.33
gripper,61.7,0.0,0.0,61.7,1.33
gripper,58.0,0.0,10.0,68.0,1.33
gripper,69.7,0.0,0.0,69.7,1.33
gripper,61.8,0.0,0.0,61.8,1.33
gripper,57.0,0.0,0.0,57.0,1.33
gripper,56.7,0.0,10.0,66.7,1.33
gripper,61.8,0.0,0.0,61.8,1.33
gripper,57.1,0.0,0.0,57.1,1.33
gripper,58.1,0.0,10.0,68.1,1.33
gripper,62.0,0.0,0.0,62.0,1.33
gripper,57.0,0.0,0.0,57.0,1.33
gripper,57.2,0.0,0.0,57.2,1.33
gripper,61.9,0.0,0.0,61.9,1.33
gripper,56.9,0.0,0.0,56.9,1.33
gripper,57.8,0.0,0.0,57.8,1.33
gripper,61.8,0.0,0.0,61.8,1.33
gripper,57.1,0.0,0.0,57.1,1.34
gripper,56.8,0.0,0.0,56.8,1.34
gripper,61.7,0.0,0.0,61.7,1.33
gripper,58.1,0.0,0.0,58.1,1.33
gripper,56.8,0.0,0.0,56.8,1.33
gripper,61.4,0.0,0.0,61.4,1.33
gripper,57.9,0.0,10.0,67.9,1.33
gripper,58.5,10.0,0.0,68.5,1.33
gripper,61.8,0.0,0.0,61.8,1.33
gripper,58.1,0.0,0.0,58.1,1.33
gripper,56.7,0.0,10.0,66.7,1.33
gripper,61.8,0.0,0.0,61.8,1.33
gripper,57.1,0.0,0.0,57.1,1.33
gripper,57.7,0.0,10.0,67.7,1.33
gripper,62.5,0.0,10.0,72.5,1.33
gripper,60.1,0.0,10.0,70.1,1.33
gripper,59.6,0.0,10.0,69.6,1.33
gripper,61.7,0.0,0.0,61.7,1.33
gripper,57.3,10.0,0.0,67.3,1.33
gripper,78.3,0.0,10.0,88.3,1.33
gripper,88.4,10.0,0.0,98.4,1.33
gripper,111.1,0.0,10.0,121.1,1.33
gripper,116.9,10.0,0.0,126.9,1.33
gripper,86.2,0.0,0.0,86.2,1.33
gripper,87.3,0.0,10.0,97.3,1.33
gripper,72.8,0.0,0.0,72.8,1.33
gripper,65.1,0.0,0.0,65.1,1.33
gripper,62.0,0.0,0.0,62.0,1.33
gripper,57.0,0.0,0.0,57.0,1.33
gripper,56.8,0.0,0.0,56.8,1.33
gripper,71.3,0.0,0.0,71.3,1.33
gripper,57.1,0.0,0.0,57.1,1.33
gripper,57.4,0.0,10.0,67.4,1.33
gripper,71.3,0.0,0.0,71.3,1.33
gripper,57.1,0.0,0.0,57.1,1.33
gripper,57.1,0.0,0.0,57.1,1.33
gripper,61.8,0.0,0.0,61.8,1.34
gripper,58.6,0.0,10.0,68.6,1.34
gripper,58.6,0.0,0.0,58.6,1.34
gripper,62.3,0.0,0.0,62.3,1.34
gripper,58.0,0.0,10.0,68.0,1.34
gripper,58.9,0.0,10.0,68.9,1.34
gripper,61.9,0.0,0.0,61.9,1.33
gripper,57.1,0.0,0.0,57.1,1.33
gripper,56.9,0.0,0.0,56.9,1.33
gripper,62.0,0.0,10.0,72.0,1.33
gripper,61.1,0.0,10.0,71.1,1.33
gripper,71.8,0.0,0.0,71.8,1.33
gripper,61.9,0.0,0.0,61.9,1.33
gripper,57.6,0.0,0.0,57.6,1.33
gripper,56.9,0.0,0.0,56.9,1.33
gripper,61.9,0.0,10.0,71.9,1.33
gripper,62.0,10.0,0.0,72.0,1.33
gripper,72.4,0.0,0.0,72.4,1.33
gripper,61.9,0.0,0.0,61.9,1.33
gripper,57.9,0.0,0.0,57.9,1.33
gripper,56.8,0.0,10.0,66.8,1.33
gripper,61.7,0.0,0.0,61.7,1.33
gripper,57.1,0.0,0.0,57.1,1.33
gripper,58.0,0.0,0.0,58.0,1.33
gripper,62.0,0.0,0.0,62.0,1.33
gripper,58.8,0.0,10.0,68.8,1.33
gripper,71.8,0.0,0.0,71.8,1.33
gripper,63.7,0.0,0.0,63.7,1.33
gripper,57.2,0.0,0.0,57.2,1.33
gripper,58.5,0.0,10.0,68.5,1.33
gripper,62.0,0.0,0.0,62.0,1.33
gripper,57.9,0.0,0.0,57.9,1.33
gripper,57.6,0.0,0.0,57.6,1.33
gripper,61.8,0.0,0.0,61.8,1.33
gripper,58.4,0.0,0.0,58.4,1.33
gripper,57.1,0.0,0.0,57.1,1.33
gripper,61.9,0.0,0.0,61.9,1.33
gripper,57.3,0.0,0.0,57.3,1.33
gripper,57.0,0.0,0.0,57.0,1.33
gripper,61.3,0.0,0.0,61.3,1.33
gripper,57.0,0.0,0.0,57.0,1.33
gripper,58.3,10.0,0.0,68.3,1.33
gripper,61.9,0.0,0.0,61.9,1.33
gripper,57.0,0.0,0.0,57.0,0.0
gripper,56.9,0.0,10.0,66.9,9.03
gripper,62.5,0.0,0.0,62.5,15.36
gripper,58.3,0.0,0.0,58.3,19.34
gripper,56.8,0.0,0.0,56.8,19.72
gripper,61.6,0.0,10.0,71.6,13.96
gripper,61.0,0.0,10.0,71.0,14.21
gripper,61.6,10.0,0.0,71.6,14.87
gripper,62.0,0.0,0.0,62.0,18.37
gripper,58.0,0.0,0.0,58.0,18.32
gripper,56.7,0.0,10.0,66.7,14.21
gripper,61.9,0.0,0.0,61.9,14.75
gripper,57.0,0.0,0.0,57.0,15.07
gripper,57.0,0.0,0.0,57.0,13.48
gripper,61.7,0.0,0.0,61.7,10.52
gripper,57.8,0.0,0.0,57.8,11.13
gripper,67.9,0.0,0.0,67.9,7.51
gripper,71.6,0.0,0.0,71.6,5.78
gripper,57.1,0.0,0.0,57.1,10.0
gripper,57.6,0.0,10.0,67.6,6.15
gripper,61.7,0.0,0.0,61.7,7.54
gripper,57.1,0.0,0.0,57.1,8.74
gripper,57.0,0.0,10.0,67.0,5.59
gripper,61.6,0.0,0.0,61.6,7.24
gripper,57.0,0.0,10.0,67.0,6.32
gripper,58.4,10.0,0.0,68.4,6.5
gripper,72.4,0.0,0.0,72.4,6.4
gripper,57.3,0.0,0.0,57.3,10.78
gripper,57.0,0.0,0.0,57.0,10.48
gripper,61.8,0.0,0.0,61.8,8.29
gripper,58.0,0.0,0.0,58.0,8.71
gripper,56.7,0.0,0.0,56.7,6.16
gripper,61.9,0.0,0.0,61.9,3.36
gripper,57.5,0.0,0.0,57.5,3.07
gripper,57.4,0.0,0.0,57.4,4.85
gripper,62.8,0.0,0.0,62.8,7.93
gripper,58.2,0.0,0.0,58.2,10.08
gripper,56.6,0.0,0.0,56.6,11.11
gripper,61.6,0.0,0.0,61.6,12.71
gripper,59.8,0.0,10.0,69.8,15.39
gripper,60.7,0.0,10.0,70.7,16.8
gripper,62.1,0.0,0.0,62.1,18.9
gripper,57.0,0.0,0.0,57.0,21.66
gripper,56.9,0.0,10.0,66.9,18.71
gripper,61.8,0.0,0.0,61.8,19.11
gripper,57.5,0.0,0.0,57.5,19.21
gripper,56.6,0.0,0.0,56.6,18.55
gripper,61.6,0.0,0.0,61.6,15.93
gripper,59.1,10.0,0.0,69.1,12.67
gripper,64.4,0.0,0.0,64.4,13.38
gripper,63.1,0.0,0.0,63.1,13.03
gripper,57.5,0.0,0.0,57.5,13.64
gripper,56.9,0.0,0.0,56.9,12.49
gripper,62.5,0.0,0.0,62.5,9.45
gripper,57.8,0.0,0.0,57.8,10.43
gripper,57.1,0.0,10.0,67.1,2.98
gripper,71.4,0.0,0.0,71.4,17.31
gripper,75.5,0.0,0.0,75.5,22.45
gripper,64.0,0.0,0.0,64.0,28.5
gripper,65.4,0.0,0.0,65.4,27.47
gripper,59.5,0.0,10.0,69.5,14.87
gripper,60.0,0.0,10.0,70.0,14.46
gripper,62.1,0.0,0.0,62.1,14.38
gripper,58.0,0.0,0.0,58.0,14.31
gripper,57.2,0.0,10.0,67.2,14.23
gripper,62.4,0.0,0.0,62.4,14.19
gripper,57.4,0.0,0.0,57.4,14.14
gripper,57.8,0.0,0.0,57.8,14.11
gripper,62.0,0.0,0.0,62.0,14.07
gripper,57.0,0.0,0.0,57.0,14.05
gripper,56.8,0.0,0.0,56.8,14.03
gripper,62.9,0.0,0.0,62.9,14.01
gripper,57.3,0.0,0.0,57.3,13.99
gripper,56.9,0.0,0.0,56.9,13.98
gripper,62.2,0.0,0.0,62.2,13.97
gripper,57.4,0.0,0.0,57.4,13.96
gripper,56.8,0.0,0.0,56.8,13.95
gripper,62.0,0.0,0.0,62.0,13.94
gripper,57.2,0.0,0.0,57.2,13.94
gripper,56.6,0.0,10.0,66.6,13.93
gripper,61.7,0.0,0.0,61.7,13.93
gripper,60.4,0.0,10.0,70.4,13.93
gripper,60.5,10.0,0.0,70.5,13.92
gripper,61.6,0.0,0.0,61.6,13.92
gripper,57.1,0.0,0.0,57.1,13.92
gripper,57.6,0.0,0.0,57.6,13.92
gripper,61.9,0.0,0.0,61.9,13.92
gripper,60.6,0.0,10.0,70.6,13.92
gripper,72.6,0.0,0.0,72.6,13.91
gripper,62.2,0.0,0.0,62.2,13.91
gripper,57.3,0.0,0.0,57.3,13.91
gripper,56.8,0.0,0.0,56.8,13.91
gripper,61.7,0.0,0.0,61.7,13.91
gripper,58.3,0.0,0.0,58.3,13.91
gripper,59.0,0.0,10.0,69.0,13.91
gripper,62.8,0.0,0.0,62.8,13.91
gripper,58.0,0.0,0.0,58.0,13.91
gripper,56.9,0.0,0.0,56.9,13.91
gripper,62.2,0.0,0.0,62.2,13.91
gripper,57.8,0.0,0.0,57.8,13.91
gripper,56.8,0.0,0.0,56.8,13.91
gripper,71.2,0.0,0.0,71.2,13.91
gripper,57.0,0.0,0.0,57.0,13.91
gripper,56.7,0.0,10.0,66.7,13.91
gripper,61.6,0.0,0.0,61.6,13.91
gripper,58.1,0.0,0.0,58.1,13.91
gripper,57.2,0.0,10.0,67.2,13.91
gripper,71.7,0.0,0.0,71.7,13.91
gripper,57.5,0.0,0.0,57.5,13.91
gripper,58.6,0.0,10.0,68.6,13.91
gripper,62.2,0.0,0.0,62.2,13.91
gripper,57.1,0.0,0.0,57.1,13.91
gripper,56.9,0.0,0.0,56.9,13.91
gripper,62.0,0.0,0.0,62.0,13.91
gripper,58.4,0.0,10.0,68.4,13.91
gripper,58.2,0.0,10.0,68.2,13.91
gripper,51.6,10.0,0.0,61.6,13.91
gripper,56.9,0.0,0.0,56.9,13.91
gripper,57.5,0.0,10.0,67.5,13.91
gripper,71.5,0.0,0.0,71.5,13.91
gripper,57.1,0.0,0.0,57.1,13.91
gripper,56.9,0.0,0.0,56.9,13.91
gripper,71.1,0.0,0.0,71.1,13.91
gripper,57.4,0.0,0.0,57.4,13.91
gripper,56.9,0.0,10.0,66.9,13.91
gripper,61.8,0.0,0.0,61.8,13.91
gripper,58.7,0.0,0.0,58.7,13.91
gripper,58.0,0.0,0.0,58.0,13.91
gripper,61.8,0.0,0.0,61.8,13.91
gripper,58.5,0.0,10.0,68.5,13.91
gripper,58.6,0.0,10.0,68.6,13.91
gripper,62.0,0.0,0.0,62.0,13.91
gripper,56.9,0.0,0.0,56.9,13.91
gripper,56.7,0.0,10.0,66.7,13.91
gripper,71.5,0.0,0.0,71.5,13.91
gripper,57.2,0.0,0.0,57.2,13.91
gripper,58.5,0.0,10.0,68.5,13.91
gripper,71.5,0.0,0.0,71.5,13.91
gripper,57.5,0.0,0.0,57.5,13.91
gripper,56.8,0.0,0.0,56.8,13.91
gripper,71.3,0.0,0.0,71.3,13.91
gripper,57.5,0.0,0.0,57.5,13.91
gripper,57.5,0.0,10.0,67.5,13.91
gripper,61.6,0.0,0.0,61.6,13.91
gripper,57.0,0.0,0.0,57.0,13.91
gripper,57.0,0.0,0.0,57.0,13.91
gripper,61.9,0.0,0.0,61.9,13.91
gripper,58.4,0.0,0.0,58.4,13.91
gripper,56.9,0.0,10.0,66.9,13.91
gripper,61.6,0.0,0.0,61.6,13.91
gripper,61.2,0.0,10.0,71.2,13.91
gripper,60.3,0.0,10.0,70.3,13.91
gripper,62.1,0.0,0.0,62.1,13.91
prep_estop,57.4,0.0,0.0,57.4,13.91
prep_estop,57.1,0.0,0.0,57.1,13.91
prep_estop,62.3,0.0,0.0,62.3,13.91
prep_estop,57.2,0.0,0.0,57.2,13.91
prep_estop,56.9,0.0,10.0,66.9,13.91
prep_estop,71.2,0.0,0.0,71.2,13.91
prep_estop,57.8,0.0,0.0,57.8,13.91
prep_estop,56.9,0.0,0.0,56.9,13.91
prep_estop,62.1,0.0,0.0,62.1,13.91
prep_estop,58.2,0.0,0.0,58.2,13.91
prep_estop,57.6,0.0,0.0,57.6,13.91
prep_estop,51.7,10.0,0.0,61.7,13.91
prep_estop,57.5,0.0,0.0,57.5,13.91
prep_estop,68.1,0.0,0.0,68.1,13.91
prep_estop,62.1,0.0,0.0,62.1,13.91
prep_estop,57.4,0.0,0.0,57.4,13.91
prep_estop,56.7,0.0,0.0,56.7,13.91
prep_estop,61.5,0.0,0.0,61.5,13.91
prep_estop,58.4,0.0,0.0,58.4,13.91
prep_estop,57.8,0.0,10.0,67.8,13.91
prep_estop,62.2,0.0,0.0,62.2,13.91
prep_estop,60.3,0.0,10.0,70.3,13.91
prep_estop,58.4,0.0,0.0,58.4,13.91
prep_estop,62.1,0.0,0.0,62.1,13.91
prep_estop,58.1,0.0,0.0,58.1,13.91
prep_estop,56.9,0.0,10.0,66.9,13.91
prep_estop,71.7,0.0,0.0,71.7,13.91
prep_estop,56.9,0.0,0.0,56.9,13.91
prep_estop,56.6,0.0,0.0,56.6,13.91
prep_estop,71.2,0.0,0.0,71.2,13.91
prep_estop,57.0,0.0,0.0,57.0,13.91
prep_estop,58.1,0.0,0.0,58.1,13.91
prep_estop,61.6,0.0,0.0,61.6,13.91
prep_estop,57.3,0.0,10.0,67.3,13.91
prep_estop,58.8,0.0,0.0,58.8,13.91
prep_estop,61.9,0.0,0.0,61.9,13.91
prep_estop,57.3,0.0,0.0,57.3,13.91
prep_estop,57.8,0.0,10.0,67.8,13.91
prep_estop,71.3,0.0,0.0,71.3,13.91
prep_estop,57.7,0.0,0.0,57.7,13.91
prep_estop,56.7,0.0,0.0,56.7,13.91
prep_estop,61.8,0.0,0.0,61.8,13.91
prep_estop,57.6,0.0,0.0,57.6,13.91
prep_estop,56.6,0.0,0.0,56.6,0.0
prep_estop,62.0,0.0,0.0,62.0,7.42
prep_estop,57.1,0.0,0.0,57.1,13.9
prep_estop,56.7,0.0,0.0,56.7,16.97
prep_estop,62.2,0.0,0.0,62.2,16.87
prep_estop,57.3,0.0,0.0,57.3,15.39
prep_estop,58.5,0.0,10.0,68.5,9.52
prep_estop,51.4,10.0,0.0,61.4,6.93
prep_estop,57.4,0.0,0.0,57.4,5.18
prep_estop,58.2,10.0,0.0,68.2,1.76
prep_estop,62.0,0.0,0.0,62.0,2.03
prep_estop,57.1,0.0,0.0,57.1,2.97
prep_estop,56.9,0.0,0.0,56.9,4.06
prep_estop,61.5,0.0,0.0,61.5,4.75
prep_estop,56.9,0.0,0.0,56.9,4.76
prep_estop,57.2,0.0,0.0,57.2,4.5
prep_estop,62.1,0.0,0.0,62.1,4.44
prep_estop,57.7,0.0,0.0,57.7,3.72
prep_estop,56.9,0.0,0.0,56.9,3.63
prep_estop,61.7,0.0,0.0,61.7,3.39
prep_estop,57.2,0.0,0.0,57.2,3.2
prep_estop,56.8,0.0,10.0,66.8,2.83
prep_estop,61.9,0.0,0.0,61.9,2.56
prep_estop,58.1,0.0,0.0,58.1,2.31
prep_estop,56.7,0.0,0.0,56.7,2.41
prep_estop,62.0,0.0,0.0,62.0,2.32
prep_estop,56.9,0.0,0.0,56.9,2.64
prep_estop,56.8,0.0,0.0,56.8,3.13
prep_estop,61.4,10.0,0.0,71.4,3.68
prep_estop,57.9,0.0,0.0,57.9,5.31
prep_estop,57.1,0.0,10.0,67.1,6.12
prep_estop,71.6,0.0,0.0,71.6,8.17
prep_estop,56.9,0.0,0.0,56.9,10.3
prep_estop,58.6,10.0,0.0,68.6,14.82
prep_estop,62.4,0.0,10.0,72.4,17.75
prep_estop,72.0,0.0,0.0,72.0,8.23
prep_estop,73.4,0.0,0.0,73.4,11.46
prep_estop,65.5,0.0,10.0,75.5,17.56
prep_estop,74.4,0.0,0.0,74.4,19.46
prep_estop,65.6,0.0,0.0,65.6,22.56
prep_estop,65.7,0.0,10.0,75.7,17.67
prep_estop,75.1,0.0,0.0,75.1,16.64
prep_estop,66.5,0.0,0.0,66.5,18.45
prep_estop,69.8,0.0,0.0,69.8,16.03
prep_estop,66.6,0.0,0.0,66.6,15.37
prep_estop,64.0,0.0,0.0,64.0,14.37
prep_estop,65.6,0.0,10.0,75.6,9.35
prep_estop,72.8,0.0,0.0,72.8,9.98
prep_estop,67.6,0.0,0.0,67.6,12.56
prep_estop,67.1,0.0,10.0,77.1,13.12
prep_estop,61.4,0.0,10.0,71.4,18.5
prep_estop,69.8,0.0,0.0,69.8,20.05
prep_estop,63.2,0.0,0.0,63.2,21.94
prep_estop,58.3,0.0,0.0,58.3,25.08
prep_estop,57.8,0.0,10.0,67.8,22.6
prep_estop,71.3,0.0,0.0,71.3,21.41
prep_estop,59.6,0.0,10.0,69.6,22.2
prep_estop,72.5,0.0,0.0,72.5,19.62
prep_estop,63.8,0.0,10.0,73.8,17.73
prep_estop,72.9,0.0,0.0,72.9,16.45
prep_estop,65.9,0.0,0.0,65.9,17.18
prep_estop,76.7,0.0,0.0,76.7,12.5
prep_estop,75.4,0.0,0.0,75.4,12.03
prep_estop,64.4,0.0,0.0,64.4,14.44
prep_estop,63.8,0.0,10.0,73.8,9.39
prep_estop,60.4,0.0,10.0,70.4,9.21
prep_estop,72.9,0.0,0.0,72.9,7.43
prep_estop,64.8,0.0,10.0,74.8,7.05
prep_estop,72.8,0.0,0.0,72.8,7.22
prep_estop,63.7,0.0,0.0,63.7,9.56
prep_estop,64.0,0.0,10.0,74.0,5.3
prep_estop,75.5,0.0,0.0,75.5,4.73
prep_estop,66.4,0.0,0.0,66.4,7.76
prep_estop,66.1,0.0,10.0,76.1,4.51
prep_estop,60.8,0.0,10.0,70.8,5.64
prep_estop,72.2,0.0,0.0,72.2,4.59
prep_estop,62.3,0.0,0.0,62.3,7.37
estop,59.4,0.0,10.0,69.4,4.71
estop,72.4,0.0,0.0,72.4,3.46
estop,64.6,0.0,10.0,74.6,3.67
estop,71.7,0.0,0.0,71.7,4.49
estop,64.0,0.0,0.0,64.0,6.5
estop,73.4,0.0,0.0,73.4,3.05
estop,67.5,0.0,0.0,67.5,5.01
estop,80.5,0.0,0.0,80.5,1.94
estop,74.0,0.0,10.0,84.0,4.72
estop,76.5,0.0,0.0,76.5,5.16
estop,75.9,0.0,10.0,85.9,2.68
estop,77.0,0.0,0.0,77.0,5.46
estop,75.8,0.0,0.0,75.8,6.61
estop,78.9,0.0,10.0,88.9,2.29
estop,79.6,0.0,0.0,79.6,5.54
estop,78.4,0.0,10.0,88.4,3.04
estop,88.7,0.0,0.0,88.7,3.03
estop,81.8,0.0,0.0,81.8,5.72
estop,76.6,0.0,0.0,76.6,1.56
estop,76.1,0.0,0.0,76.1,7.49
estop,75.5,0.0,10.0,85.5,11.73
estop,71.6,0.0,0.0,71.6,13.98
estop,72.6,0.0,10.0,82.6,13.65
estop,79.3,0.0,0.0,79.3,13.33
estop,78.0,0.0,10.0,88.0,11.65
estop,88.6,0.0,0.0,88.6,10.04
estop,81.9,0.0,0.0,81.9,8.52
estop,78.0,0.0,0.0,78.0,7.34
estop,76.6,0.0,0.0,76.6,7.11
estop,76.1,0.0,0.0,76.1,7.1
estop,70.4,0.0,10.0,80.4,7.24
estop,74.8,0.0,0.0,74.8,9.44
estop,73.1,0.0,0.0,73.1,12.08
estop,68.1,0.0,0.0,68.1,14.51
estop,72.0,0.0,0.0,72.0,14.31
estop,75.8,0.0,0.0,75.8,14.61
estop,72.8,0.0,10.0,82.8,16.9
estop,73.5,0.0,10.0,83.5,19.08
estop,77.3,0.0,10.0,87.3,20.65
estop,74.7,0.0,0.0,74.7,20.74
estop,76.2,0.0,10.0,86.2,15.18
estop,76.6,0.0,10.0,86.6,13.76
estop,76.3,0.0,0.0,76.3,16.15
estop,87.2,0.0,0.0,87.2,11.07
estop,70.7,0.0,10.0,80.7,12.17
estop,65.8,10.0,0.0,75.8,12.51
estop,74.8,0.0,0.0,74.8,11.19
estop,74.2,0.0,0.0,74.2,9.94
estop,74.9,0.0,0.0,74.9,9.08
estop,79.3,10.0,0.0,89.3,3.93
estop,79.7,0.0,0.0,79.7,7.07
estop,77.0,0.0,10.0,87.0,5.6
estop,77.4,0.0,10.0,87.4,4.2
estop,77.7,0.0,0.0,77.7,6.9
estop,63.6,0.0,10.0,73.6,8.28
estop,74.9,0.0,0.0,74.9,7.01
estop,74.5,0.0,0.0,74.5,6.3
estop,69.0,0.0,0.0,69.0,7.45
estop,80.7,0.0,0.0,80.7,3.51
estop,73.3,0.0,10.0,83.3,6.05
estop,78.7,0.0,10.0,88.7,2.4
estop,78.1,0.0,10.0,88.1,2.97
estop,77.7,0.0,0.0,77.7,6.05
estop,63.9,0.0,10.0,73.9,7.44
estop,73.8,0.0,0.0,73.8,6.6
estop,73.3,0.0,0.0,73.3,5.91
estop,68.5,0.0,0.0,68.5,6.89
estop,61.9,0.0,0.0,61.9,8.52
estop,71.8,0.0,0.0,71.8,4.74
estop,67.6,0.0,0.0,67.6,5.71
estop,61.7,10.0,0.0,71.7,4.82
estop,72.1,0.0,0.0,72.1,4.98
estop,66.2,0.0,0.0,66.2,6.74
estop,65.1,0.0,0.0,65.1,6.69
estop,70.5,0.0,0.0,70.5,5.97
estop,66.3,0.0,0.0,66.3,8.12
estop,65.6,0.0,0.0,65.6,10.02
estop,67.9,0.0,10.0,77.9,9.76
estop,74.3,0.0,0.0,74.3,13.27
estop,65.3,0.0,0.0,65.3,18.24
estop,63.8,0.0,0.0,63.8,20.5
estop,59.8,0.0,10.0,69.8,20.97
estop,70.9,0.0,0.0,70.9,21.7
estop,64.1,0.0,0.0,64.1,24.55
estop,58.9,0.0,10.0,68.9,22.78
estop,71.5,0.0,0.0,71.5,20.99
estop,71.3,0.0,0.0,71.3,20.31
estop,57.0,0.0,10.0,67.0,20.61
estop,58.1,0.0,10.0,68.1,18.31
estop,62.2,0.0,0.0,62.2,18.35
estop,57.3,0.0,0.0,57.3,18.64
estop,57.1,0.0,10.0,67.1,14.46
estop,62.3,0.0,0.0,62.3,15.15
estop,71.1,0.0,0.0,71.1,13.43
estop,67.7,0.0,0.0,67.7,16.02
estop,70.5,0.0,0.0,70.5,17.56
estop,65.6,0.0,0.0,65.6,19.67
estop,65.5,0.0,0.0,65.5,19.52
estop,65.5,0.0,10.0,75.5,16.77
estop,61.1,0.0,10.0,71.1,17.94
estop,71.0,0.0,0.0,71.0,17.58
estop,71.7,0.0,0.0,71.7,17.12
estop,56.6,0.0,0.0,56.6,21.33
estop,66.6,0.0,0.0,66.6,17.05
estop,72.9,0.0,0.0,72.9,15.12
estop,70.3,0.0,10.0,80.3,14.39
estop,64.4,10.0,0.0,74.4,16.46
estop,77.4,10.0,0.0,87.4,13.18
estop,76.1,0.0,0.0,76.1,16.25
estop,75.2,0.0,10.0,85.2,13.16
estop,81.8,0.0,0.0,81.8,13.49
estop,77.4,0.0,10.0,87.4,12.13
estop,89.1,0.0,0.0,89.1,11.61
estop,82.0,0.0,10.0,92.0,11.33
estop,92.2,0.0,0.0,92.2,11.53
estop,83.6,0.0,0.0,83.6,14.4
estop,84.2,0.0,10.0,94.2,10.43
estop,91.5,0.0,0.0,91.5,11.67
estop,82.6,0.0,0.0,82.6,14.29
estop,82.7,0.0,0.0,82.7,16.66
estop,89.8,0.0,0.0,89.8,19.57
estop,85.2,0.0,0.0,85.2,21.95
estop,83.7,0.0,10.0,93.7,20.4
estop,92.7,0.0,0.0,92.7,20.12
estop,83.6,0.0,0.0,83.6,18.31
estop,71.5,10.0,0.0,81.5,16.04
estop,77.2,0.0,0.0,77.2,13.82
estop,76.3,0.0,10.0,86.3,9.48
estop,78.5,0.0,10.0,88.5,9.44
estop,74.9,0.0,0.0,74.9,13.87
estop,75.0,0.0,0.0,75.0,16.86
estop,75.4,0.0,0.0,75.4,18.06
estop,69.9,0.0,0.0,69.9,19.92
estop,72.7,0.0,0.0,72.7,18.52
estop,75.7,0.0,0.0,75.7,16.59
estop,71.1,0.0,0.0,71.1,17.15
estop,80.5,0.0,0.0,80.5,13.1
estop,74.2,0.0,0.0,74.2,14.32
estop,71.7,0.0,0.0,71.7,14.64
estop,70.8,0.0,0.0,70.8,14.28
estop,71.8,0.0,0.0,71.8,13.93
estop,67.9,0.0,0.0,67.9,14.88
estop,66.9,0.0,0.0,66.9,14.33
estop,68.7,0.0,10.0,78.7,8.59
estop,72.9,0.0,0.0,72.9,6.54
estop,64.5,0.0,0.0,64.5,4.1
estop,73.8,0.0,0.0,73.8,1.51
estop,75.3,0.0,0.0,75.3,3.69
estop,64.1,0.0,0.0,64.1,9.98
estop,77.5,0.0,0.0,77.5,7.93
estop,72.3,0.0,10.0,82.3,0.0
estop,73.8,0.0,0.0,73.8,4.2
estop,74.4,0.0,0.0,74.4,5.77
estop,69.3,0.0,0.0,69.3,4.93
estop,68.4,0.0,0.0,68.4,2.59
estop,70.0,0.0,0.0,70.0,0.95
estop,66.1,0.0,0.0,66.1,3.77
estop,64.2,10.0,0.0,74.2,5.27
estop,73.3,0.0,0.0,73.3,9.13
estop,67.8,0.0,0.0,67.8,16.38
estop,68.7,0.0,0.0,68.7,19.29
estop,68.5,0.0,10.0,78.5,17.24
estop,75.5,0.0,0.0,75.5,17.61
estop,66.4,0.0,0.0,66.4,19.6
estop,66.3,0.0,10.0,76.3,14.17
estop,73.7,0.0,0.0,73.7,13.43
estop,65.8,0.0,0.0,65.8,14.95
estop,65.3,10.0,0.0,75.3,11.23
estop,75.1,0.0,0.0,75.1,11.94
estop,65.2,0.0,0.0,65.2,16.24
estop,68.8,10.0,0.0,78.8,13.95
estop,74.3,0.0,0.0,74.3,16.37
estop,66.2,0.0,0.0,66.2,19.56
estop,64.1,0.0,10.0,74.1,18.77
estop,61.0,0.0,10.0,71.0,18.5
estop,73.6,0.0,0.0,73.6,15.58
estop,65.2,0.0,10.0,75.2,12.65
estop,74.4,0.0,0.0,74.4,11.2
estop,65.6,0.0,0.0,65.6,11.89
estop,76.7,0.0,0.0,76.7,13.31
estop,66.4,0.0,0.0,66.4,15.81
estop,71.6,0.0,0.0,71.6,15.09
estop,76.1,0.0,0.0,76.1,15.01
estop,71.5,0.0,0.0,71.5,15.38
estop,72.9,0.0,0.0,72.9,12.91
estop,74.4,0.0,0.0,74.4,14.8
estop,70.0,0.0,0.0,70.0,18.3
estop,79.7,0.0,0.0,79.7,18.01
estop,73.9,0.0,0.0,73.9,20.47
estop,78.8,0.0,0.0,78.8,18.97
estop,76.5,0.0,10.0,86.5,15.6
estop,76.9,0.0,0.0,76.9,17.53
estop,85.7,0.0,0.0,85.7,13.51
estop,76.4,0.0,10.0,86.4,12.65
estop,78.9,0.0,10.0,88.9,11.51
estop,80.4,0.0,0.0,80.4,12.38
estop,76.6,0.0,10.0,86.6,9.21
estop,77.2,0.0,0.0,77.2,11.14
estop,78.8,0.0,0.0,78.8,10.0
estop,77.1,0.0,10.0,87.1,7.09
estop,76.5,0.0,0.0,76.5,9.8
estop,68.5,0.0,10.0,78.5,4.94
estop,74.9,0.0,0.0,74.9,3.88
estop,73.5,0.0,0.0,73.5,4.48
estop,72.9,0.0,0.0,72.9,5.47
estop,70.9,0.0,10.0,80.9,7.37
estop,72.0,0.0,0.0,72.0,8.3
estop,70.9,0.0,10.0,80.9,9.72
estop,75.0,0.0,0.0,75.0,10.64
estop,75.2,0.0,10.0,85.2,11.49
estop,74.4,0.0,0.0,74.4,12.08
estop,62.1,0.0,10.0,72.1,12.27
estop,72.6,0.0,0.0,72.6,16.31
estop,73.1,0.0,0.0,73.1,20.45
estop,70.8,0.0,0.0,70.8,23.57
estop,70.3,0.0,0.0,70.3,23.98
estop,72.4,0.0,0.0,72.4,21.76
estop,68.5,0.0,0.0,68.5,21.15
estop,70.1,0.0,0.0,70.1,18.68
estop,78.6,0.0,0.0,78.6,13.65
estop,64.1,0.0,0.0,64.1,17.03
estop,63.8,0.0,10.0,73.8,11.39
estop,76.8,0.0,0.0,76.8,9.16
estop,64.1,0.0,0.0,64.1,12.8
estop,64.3,0.0,10.0,74.3,8.56
estop,64.1,0.0,10.0,74.1,8.12
estop,71.3,0.0,0.0,71.3,8.85
estop,62.4,0.0,0.0,62.4,11.41
estop,61.6,0.0,10.0,71.6,8.02
estop,58.0,0.0,10.0,68.0,6.98
estop,68.6,0.0,0.0,68.6,7.25
estop,60.9,0.0,0.0,60.9,10.31
estop,56.8,0.0,0.0,56.8,11.73
estop,56.8,0.0,10.0,66.8,11.8
estop,61.0,0.0,10.0,71.0,10.84
estop,70.5,0.0,0.0,70.5,9.96
estop,64.6,0.0,10.0,74.6,8.84
estop,75.0,0.0,0.0,75.0,7.96
estop,64.4,0.0,0.0,64.4,7.16
estop,63.1,0.0,10.0,73.1,6.02
estop,78.9,0.0,0.0,78.9,5.31
estop,66.6,0.0,0.0,66.6,4.84
estop,66.2,0.0,10.0,76.2,4.29
estop,76.0,0.0,0.0,76.0,4.22
estop,73.2,0.0,0.0,73.2,4.36
estop,63.2,0.0,0.0,63.2,4.37
estop,63.6,0.0,10.0,73.6,3.11
estop,72.3,0.0,0.0,72.3,2.11
estop,62.8,0.0,0.0,62.8,1.25
estop,61.8,0.0,10.0,71.8,1.21
estop,70.2,0.0,0.0,70.2,1.56
estop,62.7,0.0,0.0,62.7,2.83
estop,73.0,0.0,0.0,73.0,4.31
estop,64.6,0.0,0.0,64.6,6.4
estop,67.6,0.0,10.0,77.6,6.22
estop,76.6,0.0,0.0,76.6,6.72
estop,67.8,0.0,10.0,77.8,4.6
estop,73.0,0.0,0.0,73.0,1.83
estop,71.0,0.0,0.0,71.0,0.37
estop,65.8,0.0,0.0,65.8,1.15
estop,63.7,0.0,10.0,73.7,1.66
estop,78.3,0.0,0.0,78.3,1.74
estop,67.5,0.0,0.0,67.5,1.69
estop,68.1,0.0,10.0,78.1,6.13
estop,77.1,0.0,0.0,77.1,12.76
estop,64.2,0.0,0.0,64.2,20.4
estop,63.3,0.0,0.0,63.3,20.84
estop,61.0,0.0,0.0,61.0,20.05
estop,57.2,0.0,10.0,67.2,16.02
estop,57.1,0.0,10.0,67.1,14.2
estop,60.9,0.0,0.0,60.9,14.53
estop,56.7,0.0,0.0,56.7,14.53
estop,56.8,0.0,10.0,66.8,9.38
estop,61.1,0.0,10.0,71.1,7.17
estop,70.2,0.0,0.0,70.2,7.22
estop,64.6,0.0,10.0,74.6,6.27
estop,63.6,0.0,10.0,73.6,6.33
estop,70.7,0.0,0.0,70.7,6.86
estop,71.9,0.0,10.0,81.9,3.44
estop,64.2,0.0,10.0,74.2,6.23
estop,71.4,0.0,0.0,71.4,6.68
estop,71.8,0.0,0.0,71.8,6.18
estop,62.1,0.0,10.0,72.1,2.17
estop,73.0,0.0,0.0,73.0,10.32
estop,62.3,0.0,0.0,62.3,14.86
estop,60.8,0.0,0.0,60.8,14.69
estop,56.9,0.0,10.0,66.9,14.05
estop,70.6,0.0,0.0,70.6,13.75
estop,62.1,0.0,10.0,72.1,13.43
estop,70.8,0.0,0.0,70.8,13.23
estop,62.4,0.0,0.0,62.4,13.05
estop,63.7,0.0,10.0,73.7,12.86
estop,69.7,0.0,0.0,69.7,12.74
estop,71.4,0.0,0.0,71.4,12.63
estop,61.7,0.0,10.0,71.7,12.52
estop,69.2,0.0,0.0,69.2,12.45
estop,63.1,0.0,10.0,73.1,12.37
estop,65.3,10.0,0.0,75.3,12.32
estop,73.0,0.0,0.0,73.0,12.27
estop,63.2,0.0,10.0,73.2,12.23
estop,76.2,0.0,0.0,76.2,12.2
estop,73.9,0.0,0.0,73.9,12.17
estop,62.6,0.0,10.0,72.6,12.14
estop,77.0,0.0,0.0,77.0,12.12
estop,70.0,0.0,10.0,80.0,12.1
estop,72.0,0.0,0.0,72.0,12.09
estop,72.5,0.0,0.0,72.5,12.08
estop,68.9,0.0,10.0,78.9,12.07
estop,72.0,0.0,0.0,72.0,12.06
estop,72.3,0.0,0.0,72.3,12.06
estop,67.5,0.0,0.0,67.5,12.05
estop,66.4,0.0,10.0,76.4,12.04
estop,78.6,0.0,0.0,78.6,12.04
estop,65.7,0.0,0.0,65.7,12.04
estop,65.5,0.0,10.0,75.5,0.0
estop,78.7,0.0,0.0,78.7,4.21
estop,66.1,0.0,0.0,66.1,8.54
estop,64.9,0.0,10.0,74.9,13.1
estop,77.2,0.0,0.0,77.2,14.94
estop,75.4,10.0,0.0,85.4,19.24
estop,97.6,0.0,0.0,97.6,13.36
estop,98.9,0.0,0.0,98.9,8.4
estop,114.5,0.0,0.0,114.5,0.46
estop,99.0,0.0,0.0,99.0,6.47
estop,96.3,0.0,0.0,96.3,5.9
estop,102.3,0.0,0.0,102.3,4.63
estop,115.1,0.0,10.0,125.1,3.42
pp_reset,96.8,0.0,0.0,96.8,6.86
pp_reset,83.3,0.0,0.0,83.3,9.75
pp_reset,84.6,0.0,0.0,84.6,6.52
pp_reset,83.3,0.0,10.0,93.3,2.85
pp_reset,89.4,0.0,0.0,89.4,2.45
pp_reset,93.6,0.0,0.0,93.6,1.51
pp_reset,92.6,0.0,10.0,102.6,0.71
pp_reset,101.4,0.0,0.0,101.4,1.17
pp_reset,61.5,0.0,0.0,61.5,14.13
pp_reset,57.6,10.0,0.0,67.6,7.48
pp_reset,62.1,0.0,0.0,62.1,6.06
pp_reset,63.6,0.0,10.0,73.6,0.97
pp_reset,69.6,0.0,0.0,69.6,8.99
pp_reset,79.2,0.0,0.0,79.2,12.55
pp_reset,72.7,0.0,10.0,82.7,11.99
pp_reset,62.7,0.0,10.0,72.7,11.63
pp_reset,72.0,0.0,0.0,72.0,11.32
pp_reset,73.1,0.0,0.0,73.1,11.06
pp_reset,68.7,0.0,10.0,78.7,10.77
pp_reset,72.9,0.0,0.0,72.9,10.59
pp_reset,73.8,0.0,0.0,73.8,10.43
pp_reset,68.8,0.0,0.0,68.8,10.3
pp_reset,67.8,0.0,10.0,77.8,10.15
pp_reset,76.9,0.0,0.0,76.9,10.06
pp_reset,67.8,0.0,0.0,67.8,9.98
pp_reset,77.2,0.0,0.0,77.2,9.89
pp_reset,75.3,0.0,10.0,85.3,9.81
pp_reset,63.4,0.0,10.0,73.4,9.77
pp_reset,73.0,0.0,0.0,73.0,9.73
pp_reset,73.2,0.0,0.0,73.2,9.7
pp_reset,67.8,0.0,0.0,67.8,9.67
pp_reset,65.9,0.0,10.0,75.9,9.64
pp_reset,75.2,0.0,0.0,75.2,9.62
pp_reset,64.7,0.0,0.0,64.7,9.6
pp_reset,63.9,0.0,0.0,63.9,9.59
pp_reset,73.7,0.0,0.0,73.7,9.57
pp_reset,65.0,0.0,0.0,65.0,9.56
pp_reset,64.7,0.0,0.0,64.7,9.55
pp_reset,64.8,0.0,10.0,74.8,9.54
pp_reset,59.2,0.0,10.0,69.2,9.53
pp_reset,67.4,0.0,0.0,67.4,9.53
pp_reset,60.4,0.0,10.0,70.4,9.52
pp_reset,68.4,0.0,0.0,68.4,9.52
pp_reset,63.7,0.0,0.0,63.7,9.52
pp_reset,63.6,0.0,10.0,73.6,9.51
pp_reset,70.9,0.0,0.0,70.9,9.51
pp_reset,64.6,0.0,0.0,64.6,9.51
pp_reset,74.3,0.0,0.0,74.3,9.51
pp_reset,64.8,0.0,0.0,64.8,9.51
pp_reset,63.4,0.0,0.0,63.4,9.5
pp_reset,63.0,0.0,10.0,73.0,0.0
pp_reset,69.9,0.0,0.0,69.9,3.68
pp_reset,62.7,0.0,0.0,62.7,6.88
pp_reset,62.0,0.0,10.0,72.0,7.51
pp_reset,73.1,0.0,0.0,73.1,12.26
pp_reset,65.1,0.0,10.0,75.1,16.25
pp_reset,77.0,0.0,0.0,77.0,16.17
pp_reset,64.4,0.0,0.0,64.4,20.1
pp_reset,63.4,0.0,10.0,73.4,15.22
pp_reset,64.9,0.0,10.0,74.9,13.18
pp_1,271.8,0.0,10.0,281.8,0.0
pp_1,67.6,0.0,10.0,77.6,0.0
pp_1,79.1,0.0,0.0,79.1,8.54
pp_1,68.8,0.0,10.0,78.8,17.1
pp_1,79.8,0.0,0.0,79.8,18.0
pp_1,72.3,0.0,0.0,72.3,20.71
pp_1,78.1,0.0,0.0,78.1,17.35
pp_1,72.1,0.0,0.0,72.1,18.0
pp_1,71.6,0.0,0.0,71.6,16.44
pp_1,80.4,0.0,0.0,80.4,11.84
pp_1,72.0,0.0,0.0,72.0,13.62
pp_1,71.8,0.0,0.0,71.8,12.46
pp_1,80.9,0.0,0.0,80.9,8.86
pp_1,75.0,0.0,0.0,75.0,10.7
pp_1,74.6,0.0,0.0,74.6,10.3
pp_1,74.0,0.0,0.0,74.0,10.39
pp_1,75.1,0.0,0.0,75.1,9.5
pp_1,74.1,0.0,10.0,84.1,6.83
pp_1,75.5,0.0,0.0,75.5,8.24
pp_1,75.1,0.0,0.0,75.1,4.74
pp_1,74.4,0.0,0.0,74.4,8.32
pp_1,70.0,0.0,10.0,80.0,10.98
pp_1,68.7,0.0,10.0,78.7,11.18
pp_1,79.1,0.0,0.0,79.1,10.67
pp_1,66.8,0.0,10.0,76.8,9.59
pp_1,66.1,0.0,10.0,76.1,8.56
pp_1,78.7,0.0,0.0,78.7,7.57
pp_1,65.2,0.0,10.0,75.2,6.36
pp_1,78.6,0.0,0.0,78.6,5.59
pp_1,71.6,0.0,0.0,71.6,15.62
pp_1,68.4,0.0,10.0,78.4,19.2
pp_1,66.4,0.0,10.0,76.4,20.46
pp_1,76.7,0.0,0.0,76.7,19.71
pp_1,74.1,0.0,0.0,74.1,19.78
pp_1,63.6,0.0,0.0,63.6,21.72
pp_1,62.8,0.0,10.0,72.8,15.72
pp_1,58.5,0.0,10.0,68.5,15.07
pp_1,59.6,10.0,0.0,69.6,12.72
pp_1,60.9,0.0,0.0,60.9,14.25
pp_1,57.0,0.0,10.0,67.0,10.57
pp_1,57.6,0.0,10.0,67.6,8.97
pp_1,61.1,0.0,0.0,61.1,10.08
pp_1,59.6,0.0,10.0,69.6,6.92
pp_1,60.3,0.0,10.0,70.3,6.69
pp_1,76.8,0.0,0.0,76.8,4.57
pp_1,67.8,0.0,10.0,77.8,7.06
pp_1,81.6,0.0,0.0,81.6,7.8
pp_1,79.5,0.0,0.0,79.5,15.63
pp_1,76.5,0.0,0.0,76.5,13.49
pp_1,76.1,0.0,0.0,76.1,12.9
pp_1,79.8,0.0,0.0,79.8,12.59
pp_1,76.0,0.0,0.0,76.0,12.4
pp_1,74.6,0.0,0.0,74.6,12.24
pp_1,74.2,0.0,10.0,84.2,12.11
pp_1,72.2,0.0,0.0,72.2,11.96
pp_1,81.3,0.0,0.0,81.3,11.87
pp_1,72.6,0.0,0.0,72.6,11.79
pp_1,68.6,0.0,10.0,78.6,11.7
pp_1,67.3,0.0,10.0,77.3,11.65
pp_1,78.8,0.0,0.0,78.8,11.6
pp_1,69.3,0.0,10.0,79.3,11.55
pp_1,78.2,0.0,0.0,78.2,11.51
pp_1,72.2,0.0,0.0,72.2,11.49
pp_1,72.6,0.0,0.0,72.6,11.46
pp_1,72.3,0.0,0.0,72.3,11.44
pp_1,70.4,0.0,0.0,70.4,11.42
pp_1,68.0,0.0,0.0,68.0,11.41
pp_1,75.7,0.0,0.0,75.7,11.39
pp_1,79.9,0.0,0.0,79.9,11.38
pp_1,69.1,0.0,10.0,79.1,11.37
pp_1,80.7,0.0,0.0,80.7,11.36
pp_1,74.7,0.0,0.0,74.7,11.36
pp_1,62.9,10.0,0.0,72.9,11.35
pp_1,81.3,0.0,0.0,81.3,11.34
pp_1,72.9,0.0,0.0,72.9,11.34
pp_1,68.3,0.0,10.0,78.3,11.34
pp_1,72.0,0.0,0.0,72.0,11.33
pp_1,78.3,0.0,0.0,78.3,11.33
pp_1,79.1,0.0,0.0,79.1,11.33
pp_1,78.8,0.0,0.0,78.8,11.33
pp_1,78.2,0.0,0.0,78.2,0.0
pp_1,77.3,0.0,0.0,77.3,8.43
pp_1,81.9,0.0,0.0,81.9,11.81
pp_1,83.1,0.0,10.0,93.1,12.79
pp_1,79.4,0.0,10.0,89.4,13.89
pp_1,82.6,0.0,0.0,82.6,12.61
pp_1,82.8,0.0,10.0,92.8,9.0
pp_1,78.5,0.0,0.0,78.5,10.0
pp_1,77.9,0.0,0.0,77.9,13.52
pp_1,68.1,0.0,10.0,78.1,16.41
pp_1,74.8,0.0,10.0,84.8,10.94
pp_1,82.2,0.0,0.0,82.2,6.42
pp_1,81.1,0.0,0.0,81.1,12.54
pp_1,76.6,0.0,0.0,76.6,10.48
pp_1,77.0,10.0,0.0,87.0,9.2
pp_1,81.6,0.0,10.0,91.6,9.05
pp_1,79.4,0.0,0.0,79.4,8.98
pp_1,78.8,0.0,10.0,88.8,8.88
pp_1,82.9,0.0,10.0,92.9,8.79
pp_1,79.5,0.0,0.0,79.5,8.75
pp_1,78.2,0.0,10.0,88.2,8.69
pp_1,82.0,0.0,10.0,92.0,8.64
pp_1,80.7,0.0,10.0,90.7,8.61
pp_1,72.6,10.0,0.0,82.6,8.58
pp_1,81.5,0.0,0.0,81.5,8.55
pp_1,77.0,0.0,10.0,87.0,8.53
pp_1,76.2,0.0,0.0,76.2,8.52
pp_1,76.5,0.0,0.0,76.5,8.5
pp_1,71.3,0.0,10.0,81.3,8.49
pp_1,80.8,0.0,0.0,80.8,8.47
pp_1,70.4,0.0,0.0,70.4,8.47
pp_1,64.8,0.0,0.0,64.8,8.46
pp_1,63.5,0.0,0.0,63.5,8.45
pp_1,63.1,10.0,0.0,73.1,0.0
pp_1,73.8,0.0,10.0,83.8,8.78
pp_1,68.7,0.0,10.0,78.7,16.06
pp_1,77.8,0.0,0.0,77.8,18.26
pp_1,66.1,0.0,0.0,66.1,14.45
pp_1,65.4,0.0,10.0,75.4,5.13
pp_1,64.2,0.0,10.0,74.2,3.56
pp_1,69.8,0.0,0.0,69.8,4.58
pp_1,62.9,0.0,0.0,62.9,6.36
pp_1,62.2,0.0,10.0,72.2,8.51
pp_1,59.0,10.0,0.0,69.0,11.88
pp_1,61.4,0.0,0.0,61.4,13.26
pp_1,61.3,0.0,0.0,61.3,15.6
pp_1,57.4,0.0,10.0,67.4,13.21
pp_1,68.9,0.0,0.0,68.9,11.99
pp_1,61.8,0.0,0.0,61.8,12.32
pp_1,56.9,0.0,10.0,66.9,9.12
pp_1,57.5,0.0,10.0,67.5,6.62
pp_1,62.1,0.0,0.0,62.1,4.96
pp_1,57.3,0.0,10.0,67.3,2.08
pp_1,59.8,0.0,10.0,69.8,1.18
pp_1,61.2,0.0,0.0,61.2,0.58
pp_1,57.0,0.0,10.0,67.0,1.28
pp_1,56.8,0.0,10.0,66.8,1.95
pp_1,62.4,0.0,10.0,72.4,3.46
pp_1,59.0,0.0,10.0,69.0,2.92
pp_1,60.8,0.0,0.0,60.8,3.34
pp_1,61.0,0.0,0.0,61.0,4.21
pp_1,58.4,10.0,0.0,68.4,5.0
pp_1,61.0,0.0,0.0,61.0,4.72
pp_1,60.5,0.0,0.0,60.5,4.18
pp_1,56.8,0.0,10.0,66.8,3.05
pp_1,58.6,0.0,0.0,58.6,1.73
pp_1,60.9,0.0,0.0,60.9,0.75
pp_1,56.8,0.0,0.0,56.8,1.16
pp_1,56.6,0.0,10.0,66.6,4.91
pp_1,61.6,0.0,10.0,71.6,11.62
pp_1,64.9,0.0,0.0,64.9,17.4
pp_1,62.7,0.0,10.0,72.7,16.11
pp_1,64.8,0.0,10.0,74.8,16.14
pp_1,69.5,0.0,0.0,69.5,17.75
pp_1,60.9,0.0,0.0,60.9,19.77
pp_1,61.4,0.0,10.0,71.4,14.34
pp_1,74.0,0.0,10.0,84.0,9.26
pp_1,67.8,0.0,10.0,77.8,11.4
pp_1,78.5,0.0,0.0,78.5,10.77
pp_1,66.3,0.0,10.0,76.3,11.52
pp_1,78.7,0.0,0.0,78.7,9.7
pp_1,72.5,0.0,0.0,72.5,8.92
pp_1,67.1,0.0,10.0,77.1,4.02
pp_1,80.5,0.0,0.0,80.5,3.7
pp_1,76.1,0.0,0.0,76.1,4.15
pp_1,74.4,0.0,0.0,74.4,4.19
pp_1,72.7,0.0,0.0,72.7,4.18
pp_1,71.8,0.0,0.0,71.8,5.53
pp_1,70.7,0.0,10.0,80.7,5.23
pp_1,80.7,0.0,0.0,80.7,6.95
pp_1,74.0,0.0,0.0,74.0,2.76
pp_1,70.1,0.0,10.0,80.1,8.13
pp_1,79.7,0.0,0.0,79.7,12.07
pp_1,72.4,0.0,0.0,72.4,14.18
pp_1,67.3,0.0,0.0,67.3,14.6
pp_1,65.7,0.0,10.0,75.7,12.49
pp_1,64.8,0.0,10.0,74.8,12.5
pp_1,70.7,0.0,0.0,70.7,16.36
pp_1,65.6,10.0,0.0,75.6,19.32
pp_1,79.1,0.0,0.0,79.1,19.72
pp_1,66.5,0.0,10.0,76.5,21.62
pp_1,66.8,0.0,10.0,76.8,20.07
pp_1,80.1,0.0,0.0,80.1,18.18
pp_1,66.8,0.0,10.0,76.8,4.57
pp_1,66.6,10.0,0.0,76.6,3.42
pp_1,79.5,0.0,0.0,79.5,3.59
pp_1,78.1,0.0,0.0,78.1,3.83
pp_1,72.8,0.0,0.0,72.8,3.99
pp_1,74.2,0.0,0.0,74.2,4.13
pp_1,79.0,0.0,0.0,79.0,4.29
pp_1,72.1,0.0,0.0,72.1,4.39
pp_1,73.3,0.0,0.0,73.3,4.48
pp_1,72.9,0.0,0.0,72.9,4.57
pp_1,72.8,0.0,0.0,72.8,4.64
pp_1,71.9,0.0,0.0,71.9,4.69
pp_1,67.2,0.0,10.0,77.2,4.75
pp_1,72.6,0.0,0.0,72.6,4.79
pp_1,73.3,0.0,0.0,73.3,4.82
pp_1,68.1,0.0,10.0,78.1,4.85
pp_1,68.0,0.0,10.0,78.0,4.88
pp_1,77.2,0.0,0.0,77.2,4.9
pp_1,73.6,0.0,0.0,73.6,4.91
pp_1,62.9,0.0,0.0,62.9,4.93
pp_1,61.1,0.0,0.0,61.1,4.94
pp_1,56.8,0.0,10.0,66.8,4.95
pp_1,57.9,0.0,10.0,67.9,0.0
pp_1,61.2,0.0,0.0,61.2,11.02
pp_1,57.2,0.0,10.0,67.2,15.47
pp_1,60.7,0.0,0.0,60.7,18.84
pp_1,60.8,0.0,0.0,60.8,18.71
pp_1,57.2,0.0,10.0,67.2,15.78
pp_1,68.1,0.0,0.0,68.1,14.63
pp_1,62.4,0.0,10.0,72.4,13.26
pp_1,73.4,0.0,0.0,73.4,13.61
pp_1,65.1,0.0,10.0,75.1,14.96
pp_1,64.5,0.0,10.0,74.5,15.46
pp_1,70.5,0.0,0.0,70.5,16.27
pp_1,61.3,0.0,0.0,61.3,18.32
pp_1,61.1,0.0,0.0,61.1,16.89
pp_1,56.7,0.0,0.0,56.7,16.41
pp_1,56.4,0.0,10.0,66.4,11.78
pp_1,61.2,0.0,0.0,61.2,12.04
pp_1,56.6,0.0,10.0,66.6,10.27
pp_1,58.8,0.0,10.0,68.8,11.35
pp_1,61.0,0.0,10.0,71.0,7.76
pp_1,70.3,0.0,0.0,70.3,7.81
pp_1,64.0,0.0,0.0,64.0,9.66
pp_1,64.6,0.0,10.0,74.6,6.67
pp_1,71.6,0.0,0.0,71.6,6.35
pp_1,65.7,0.0,10.0,75.7,3.43
pp_1,64.1,0.0,10.0,74.1,2.7
pp_1,72.9,0.0,10.0,82.9,2.53
pp_1,76.5,0.0,0.0,76.5,2.28
pp_1,70.8,0.0,0.0,70.8,2.39
pp_1,70.8,0.0,10.0,80.8,3.71
pp_1,80.0,0.0,0.0,80.0,5.3
pp_1,71.6,0.0,0.0,71.6,6.43
pp_1,73.3,0.0,0.0,73.3,6.8
pp_1,73.2,0.0,0.0,73.2,6.54
pp_1,72.5,0.0,0.0,72.5,6.1
pp_1,68.6,0.0,10.0,78.6,5.54
pp_1,78.3,0.0,0.0,78.3,4.78
pp_1,70.7,0.0,0.0,70.7,4.19
pp_1,66.4,0.0,10.0,76.4,4.14
pp_1,68.9,10.0,0.0,78.9,4.29
pp_1,78.9,0.0,0.0,78.9,4.42
pp_1,66.5,0.0,0.0,66.5,4.3
pp_1,68.7,10.0,0.0,78.7,3.78
pp_1,70.8,0.0,0.0,70.8,3.7
pp_1,67.3,0.0,10.0,77.3,3.68
pp_1,65.8,0.0,10.0,75.8,3.71
pp_1,65.9,0.0,10.0,75.9,3.74
pp_1,73.7,0.0,0.0,73.7,3.76
pp_1,63.3,0.0,10.0,73.3,3.79
pp_1,65.4,0.0,10.0,75.4,3.81
pp_1,70.5,0.0,0.0,70.5,3.83
pp_1,63.0,0.0,0.0,63.0,3.84
pp_1,61.5,0.0,0.0,61.5,3.85
pp_1,56.9,0.0,10.0,66.9,3.86
pp_1,68.6,0.0,0.0,68.6,3.86
pp_1,60.9,0.0,0.0,60.9,3.87
pp_1,58.0,0.0,10.0,68.0,3.87
pp_1,56.9,0.0,10.0,66.9,3.88
pp_1,62.3,0.0,10.0,72.3,3.88
pp_1,70.1,0.0,0.0,70.1,3.88
pp_1,63.6,0.0,10.0,73.6,3.88
pp_1,77.0,0.0,0.0,77.0,3.89
pp_1,65.2,0.0,10.0,75.2,3.89
pp_1,80.2,0.0,0.0,80.2,3.89
pp_1,80.5,0.0,0.0,80.5,3.89
pp_1,66.4,0.0,10.0,76.4,3.89
pp_1,79.6,0.0,0.0,79.6,3.89
pp_1,71.9,0.0,0.0,71.9,3.89
pp_1,56.4,0.0,10.0,66.4,3.89
pp_1,48.4,10.0,0.0,58.4,3.89
pp_1,50.8,0.0,0.0,50.8,3.89
pp_1,56.8,0.0,10.0,66.8,3.89
pp_1,57.1,0.0,10.0,67.1,3.94
pp_1,50.7,0.0,0.0,50.7,3.96
pp_1,46.9,0.0,10.0,56.9,4.01
pp_1,46.7,0.0,10.0,56.7,4.11
pp_1,51.9,0.0,10.0,61.9,4.1
pp_1,48.4,0.0,10.0,58.4,4.24
pp_1,47.7,0.0,0.0,47.7,4.33
pp_1,50.7,0.0,0.0,50.7,4.48
pp_1,46.6,0.0,10.0,56.6,4.61
pp_1,47.2,10.0,0.0,57.2,4.69
pp_1,52.1,0.0,10.0,62.1,4.78
pp_1,48.3,0.0,10.0,58.3,4.84
pp_1,47.9,0.0,10.0,57.9,4.89
pp_1,50.9,0.0,0.0,50.9,4.93
pp_1,46.7,0.0,10.0,56.7,4.98
pp_1,46.7,10.0,0.0,56.7,5.01
pp_1,50.6,0.0,0.0,50.6,5.03
pp_1,46.6,0.0,10.0,56.6,5.06
pp_1,46.7,0.0,0.0,46.7,5.07
pp_1,52.2,0.0,10.0,62.2,5.1
pp_1,47.0,0.0,10.0,57.0,5.11
pp_1,48.3,10.0,0.0,58.3,5.12
pp_1,50.8,0.0,0.0,50.8,5.13
pp_1,56.6,0.0,0.0,56.6,5.14
pp_1,66.7,10.0,0.0,76.7,5.15
pp_1,79.5,0.0,0.0,79.5,5.05
pp_1,65.0,0.0,0.0,65.0,4.6
pp_1,77.5,0.0,0.0,77.5,3.92
pp_1,82.9,0.0,10.0,92.9,3.34
pp_1,80.6,0.0,0.0,80.6,3.17
pp_1,81.5,0.0,0.0,81.5,2.97
pp_1,81.6,0.0,10.0,91.6,2.93
pp_1,79.6,0.0,0.0,79.6,0.01
pp_1,77.6,0.0,10.0,87.6,6.66
pp_1,81.0,0.0,0.0,81.0,14.6
pp_1,77.1,0.0,0.0,77.1,18.29
pp_1,75.6,0.0,0.0,75.6,19.13
pp_1,73.9,0.0,0.0,73.9,18.52
pp_1,79.6,0.0,0.0,79.6,15.31
pp_1,74.0,0.0,0.0,74.0,15.93
pp_1,76.0,0.0,0.0,76.0,14.38
pp_1,80.9,0.0,0.0,80.9,12.25
pp_1,73.1,0.0,0.0,73.1,14.28
pp_1,71.5,0.0,0.0,71.5,13.5
pp_1,67.7,0.0,10.0,77.7,10.3
pp_1,75.7,0.0,0.0,75.7,9.82
pp_1,72.2,0.0,0.0,72.2,10.23
pp_1,66.8,0.0,0.0,66.8,10.75
pp_1,66.7,0.0,10.0,76.7,4.38
pp_1,77.0,0.0,0.0,77.0,6.12
pp_1,66.8,0.0,10.0,76.8,5.55
pp_1,79.5,0.0,0.0,79.5,5.16
pp_1,77.3,0.0,0.0,77.3,4.83
pp_1,73.7,0.0,0.0,73.7,4.46
pp_1,72.3,0.0,0.0,72.3,4.24
pp_1,71.9,0.0,0.0,71.9,4.04
pp_1,69.6,0.0,10.0,79.6,3.83
pp_1,68.9,0.0,10.0,78.9,3.7
pp_1,80.3,0.0,0.0,80.3,3.59
pp_1,69.8,0.0,10.0,79.8,3.46
pp_1,80.0,0.0,0.0,80.0,3.38
pp_1,71.3,0.0,0.0,71.3,3.32
pp_1,66.2,0.0,0.0,66.2,3.26
pp_1,65.8,0.0,10.0,75.8,3.2
pp_1,65.2,0.0,10.0,75.2,3.16
pp_1,71.4,0.0,0.0,71.4,3.13
pp_1,65.8,0.0,10.0,75.8,3.09
pp_1,66.4,10.0,0.0,76.4,3.07
pp_1,73.0,0.0,0.0,73.0,3.05
pp_1,62.2,0.0,0.0,62.2,0.0
pp_1,61.6,0.0,10.0,71.6,9.23
pp_1,60.4,0.0,10.0,70.4,14.23
pp_1,61.1,0.0,0.0,61.1,19.1
pp_1,62.4,0.0,10.0,72.4,15.76
pp_1,60.0,10.0,0.0,70.0,16.15
pp_1,61.3,0.0,0.0,61.3,18.36
pp_1,64.9,0.0,10.0,74.9,14.11
pp_1,73.3,0.0,0.0,73.3,15.32
pp_1,66.2,0.0,10.0,76.2,15.91
pp_1,77.8,0.0,0.0,77.8,15.26
pp_1,67.4,0.0,10.0,77.4,15.42
pp_1,67.1,0.0,10.0,77.1,14.25
pp_1,77.1,0.0,0.0,77.1,12.72
pp_1,65.4,0.0,0.0,65.4,15.03
pp_1,64.2,0.0,10.0,74.2,10.53
pp_1,65.0,10.0,0.0,75.0,8.81
pp_1,73.7,0.0,0.0,73.7,8.4
pp_1,63.5,0.0,10.0,73.5,3.71
pp_1,75.5,0.0,0.0,75.5,6.6
pp_1,65.1,0.0,0.0,65.1,9.11
pp_1,64.2,0.0,0.0,64.2,10.36
pp_1,73.7,0.0,0.0,73.7,10.32
pp_1,64.9,0.0,0.0,64.9,9.85
pp_1,63.1,0.0,0.0,63.1,8.99
pp_1,62.7,0.0,10.0,72.7,7.66
pp_1,58.7,0.0,10.0,68.7,6.64
pp_1,61.0,0.0,0.0,61.0,5.82
pp_1,60.9,0.0,0.0,60.9,5.18
pp_1,57.8,0.0,10.0,67.8,4.38
pp_1,59.2,0.0,0.0,59.2,4.27
pp_1,61.6,0.0,10.0,71.6,3.07
pp_1,70.5,0.0,0.0,70.5,2.62
pp_1,61.7,0.0,0.0,61.7,2.23
pp_1,60.9,0.0,0.0,60.9,1.96
pp_1,57.5,0.0,10.0,67.5,1.47
pp_1,57.4,0.0,10.0,67.4,1.37
pp_1,60.9,0.0,0.0,60.9,1.05
pp_1,58.1,10.0,0.0,68.1,1.05
pp_1,61.2,0.0,0.0,61.2,1.26
pp_1,62.8,0.0,10.0,72.8,1.39
pp_1,72.7,0.0,0.0,72.7,1.28
pp_1,62.9,0.0,0.0,62.9,1.33
pp_1,64.7,0.0,10.0,74.7,1.28
pp_1,59.9,0.0,10.0,69.9,1.39
pp_1,60.3,0.0,0.0,60.3,1.3
pp_1,61.5,0.0,0.0,61.5,1.15
pp_1,57.2,0.0,0.0,57.2,0.83
pp_1,57.0,0.0,0.0,57.0,0.63
pp_1,61.9,0.0,10.0,71.9,0.51
pp_1,72.4,0.0,0.0,72.4,0.22
pp_1,62.0,0.0,0.0,62.0,0.19
pp_1,62.7,0.0,0.0,62.7,0.22
pp_1,57.6,0.0,10.0,67.6,0.58
pp_1,69.8,0.0,0.0,69.8,0.91
pp_1,63.5,0.0,10.0,73.5,1.58
pp_1,69.2,0.0,0.0,69.2,1.93
pp_1,61.8,0.0,0.0,61.8,1.87
pp_1,64.0,0.0,10.0,74.0,5.7
pp_1,60.1,0.0,10.0,70.1,9.8
pp_1,59.9,10.0,0.0,69.9,11.3
pp_1,60.8,0.0,10.0,70.8,9.79
pp_1,69.9,0.0,0.0,69.9,9.18
pp_1,63.8,0.0,10.0,73.8,4.39
pp_1,76.9,0.0,0.0,76.9,0.15
pp_1,73.8,0.0,0.0,73.8,1.16
pp_1,62.9,0.0,10.0,72.9,0.98
pp_1,77.5,0.0,0.0,77.5,0.85
pp_1,66.1,0.0,0.0,66.1,0.75
pp_1,66.0,0.0,10.0,76.0,0.63
pp_1,78.0,0.0,0.0,78.0,0.56
pp_1,65.4,0.0,0.0,65.4,0.5
pp_1,62.9,0.0,0.0,62.9,0.44
pp_1,73.4,0.0,0.0,73.4,0.39
pp_1,74.2,0.0,0.0,74.2,0.35
pp_1,64.5,0.0,10.0,74.5,0.31
pp_1,79.0,0.0,0.0,79.0,0.29
pp_1,65.4,0.0,0.0,65.4,0.27
pp_1,64.9,0.0,0.0,64.9,0.26
pp_1,63.1,0.0,10.0,73.1,0.01
pp_1,60.4,0.0,10.0,70.4,0.21
pp_1,60.7,0.0,0.0,60.7,0.57
pp_1,63.5,0.0,10.0,73.5,0.84
pp_1,69.2,0.0,0.0,69.2,1.16
pp_1,62.7,0.0,0.0,62.7,0.89
pp_1,61.7,0.0,0.0,61.7,0.5
pp_1,56.9,0.0,0.0,56.9,0.16
pp_1,58.2,0.0,10.0,68.2,0.19
pp_1,62.0,0.0,0.0,62.0,0.45
pp_1,58.2,0.0,10.0,68.2,0.8
pp_1,60.6,0.0,0.0,60.6,1.01
pp_1,60.7,0.0,0.0,60.7,1.12
pp_1,57.0,0.0,10.0,67.0,1.13
pp_1,61.6,0.0,0.0,61.6,1.18
pp_1,61.0,0.0,10.0,71.0,1.19
pp_1,68.8,0.0,0.0,68.8,1.87
pp_1,62.1,0.0,10.0,72.1,2.43
pp_1,64.0,0.0,10.0,74.0,3.1
pp_1,58.3,0.0,10.0,68.3,3.91
pp_1,58.7,10.0,0.0,68.7,3.93
pp_1,61.8,0.0,10.0,71.8,3.17
pp_1,59.2,10.0,0.0,69.2,3.62
pp_1,61.3,0.0,0.0,61.3,3.78
pp_1,63.1,0.0,10.0,73.1,3.22
pp_1,71.5,0.0,0.0,71.5,3.65
pp_1,62.5,0.0,0.0,62.5,3.39
pp_1,61.0,0.0,0.0,61.0,9.21
pp_1,56.9,0.0,10.0,66.9,12.09
pp_1,68.6,0.0,0.0,68.6,4.39
pp_1,61.9,0.0,0.0,61.9,13.78
pp_1,57.4,0.0,0.0,57.4,10.21
pp_1,57.4,0.0,10.0,67.4,5.96
pp_1,61.1,0.0,0.0,61.1,4.2
pp_1,67.9,0.0,0.0,67.9,2.98
pp_1,62.6,0.0,0.0,62.6,2.82
pp_1,72.2,0.0,0.0,72.2,2.5
pp_1,66.7,0.0,10.0,76.7,2.32
pp_1,72.3,0.0,0.0,72.3,2.23
pp_1,72.7,0.0,0.0,72.7,2.1
pp_1,67.5,0.0,10.0,77.5,1.52
pp_1,67.0,0.0,10.0,77.0,1.27
pp_1,77.7,0.0,0.0,77.7,0.96
pp_1,66.0,0.0,0.0,66.0,0.88
pp_1,66.2,0.0,10.0,76.2,0.88
pp_1,64.3,0.0,10.0,74.3,0.66
pp_1,70.9,0.0,0.0,70.9,0.13
pp_1,62.9,0.0,0.0,62.9,0.76
pp_1,63.3,0.0,10.0,73.3,0.83
pp_1,68.5,0.0,0.0,68.5,0.72
pp_1,61.8,0.0,0.0,61.8,0.62
pp_1,60.8,0.0,10.0,70.8,0.14
pp_1,59.9,0.0,10.0,69.9,0.53
pp_1,61.0,0.0,0.0,61.0,0.07
pp_1,61.5,0.0,0.0,61.5,0.11
pp_1,56.6,10.0,0.0,66.6,0.1
pp_1,60.8,0.0,0.0,60.8,0.08
pp_1,61.5,0.0,10.0,71.5,0.07
pp_1,64.6,0.0,0.0,64.6,0.06
pp_1,65.8,0.0,10.0,75.8,0.06
pp_1,65.9,0.0,10.0,75.9,0.05
pp_1,74.4,0.0,0.0,74.4,0.05
pp_1,62.6,0.0,0.0,62.6,0.05
pp_1,71.7,0.0,0.0,71.7,0.0
pp_1,65.0,0.0,0.0,65.0,6.12
pp_1,65.1,0.0,10.0,75.1,8.29
pp_1,64.9,10.0,0.0,74.9,8.57
pp_1,73.6,0.0,0.0,73.6,7.84
pp_1,63.9,0.0,0.0,63.9,7.35
pp_1,63.9,0.0,10.0,73.9,5.24
pp_1,60.4,0.0,10.0,70.4,5.74
pp_1,50.7,0.0,10.0,60.7,5.39
pp_1,62.4,10.0,0.0,72.4,3.44
pp_1,65.3,0.0,0.0,65.3,4.82
pp_1,63.8,0.0,0.0,63.8,4.65
pp_1,61.9,0.0,10.0,71.9,3.41
pp_1,70.5,0.0,0.0,70.5,3.53
pp_1,64.3,0.0,10.0,74.3,2.34
pp_1,65.5,0.0,10.0,75.5,2.93
pp_1,70.6,0.0,0.0,70.6,3.12
pp_1,64.7,0.0,10.0,74.7,3.05
pp_1,65.5,0.0,10.0,75.5,3.76
pp_1,70.6,0.0,10.0,80.6,4.12
pp_1,67.5,0.0,10.0,77.5,4.04
pp_1,67.8,0.0,10.0,77.8,3.76
pp_1,48.2,10.0,0.0,58.2,3.52
pp_1,47.9,0.0,0.0,47.9,3.25
pp_1,50.9,0.0,0.0,50.9,2.73
pp_1,46.9,0.0,10.0,56.9,2.26
pp_1,56.5,0.0,0.0,56.5,1.95
pp_1,50.8,0.0,10.0,60.8,1.6
pp_1,46.6,0.0,10.0,56.6,1.37
pp_1,46.9,0.0,0.0,46.9,1.24
pp_1,51.5,0.0,0.0,51.5,1.01
pp_1,46.8,0.0,10.0,56.8,0.93
pp_1,46.7,0.0,10.0,56.7,0.92
pp_1,52.2,0.0,10.0,62.2,0.91
pp_1,46.9,0.0,10.0,56.9,0.91
pp_1,46.9,0.0,0.0,46.9,0.9
pp_1,52.1,0.0,10.0,62.1,0.9
pp_1,57.8,0.0,10.0,67.8,0.89
pp_1,69.7,0.0,0.0,69.7,0.89
pp_1,61.0,0.0,0.0,61.0,0.89
pp_1,46.9,0.0,10.0,56.9,0.88
pp_1,56.8,0.0,0.0,56.8,0.88
pp_1,61.2,0.0,10.0,71.2,0.88
pp_1,58.3,0.0,10.0,68.3,0.88
pp_1,56.7,0.0,10.0,66.7,0.88
pp_1,61.3,0.0,0.0,61.3,0.88
pp_1,57.1,10.0,0.0,67.1,0.88
pp_1,60.7,0.0,10.0,70.7,0.88
pp_1,65.0,0.0,10.0,75.0,0.88
pp_1,71.3,0.0,10.0,81.3,0.87
pp_1,79.0,0.0,0.0,79.0,0.87
pp_1,88.2,0.0,0.0,88.2,0.87
pp_1,88.6,0.0,10.0,98.6,0.87
pp_1,93.2,0.0,0.0,93.2,0.87
pp_1,66.8,0.0,10.0,76.8,0.87
pp_1,68.1,0.0,10.0,78.1,0.87
pp_1,66.5,0.0,10.0,76.5,0.87
pp_1,74.3,0.0,0.0,74.3,0.87
pp_1,65.5,0.0,0.0,65.5,0.87
pp_1,63.2,0.0,10.0,73.2,0.87
pp_1,73.2,0.0,0.0,73.2,0.87
pp_1,63.6,0.0,0.0,63.6,0.87
pp_1,61.2,0.0,0.0,61.2,0.87
pp_1,57.7,0.0,10.0,67.7,0.87
pp_1,58.1,0.0,10.0,68.1,0.87
pp_1,61.1,0.0,10.0,71.1,0.87
pp_1,59.7,0.0,10.0,69.7,0.87
pp_1,61.2,0.0,0.0,61.2,0.87
pp_1,60.7,0.0,10.0,70.7,0.87
pp_1,58.3,0.0,10.0,68.3,0.87
pp_1,57.0,0.0,0.0,57.0,0.87
pp_1,60.8,0.0,0.0,60.8,0.87
pp_1,56.8,0.0,10.0,66.8,0.87
pp_1,56.7,0.0,10.0,66.7,0.87
pp_1,61.0,0.0,0.0,61.0,0.87
pp_1,68.1,0.0,0.0,68.1,0.87
pp_1,62.3,0.0,0.0,62.3,0.0
pp_1,62.8,0.0,10.0,72.8,8.84
pp_1,70.5,0.0,0.0,70.5,15.31
pp_1,67.3,0.0,10.0,77.3,17.36
pp_1,77.3,0.0,0.0,77.3,18.07
pp_1,65.4,0.0,0.0,65.4,15.41
pp_1,66.0,0.0,10.0,76.0,10.21
pp_1,75.5,0.0,0.0,75.5,8.82
pp_1,74.2,0.0,0.0,74.2,9.49
pp_1,66.9,0.0,10.0,76.9,7.98
pp_1,65.2,0.0,10.0,75.2,10.04
pp_1,71.5,0.0,0.0,71.5,11.81
pp_1,64.8,0.0,0.0,64.8,14.0
pp_1,63.0,10.0,0.0,73.0,10.45
pp_1,65.2,0.0,0.0,65.2,12.04
pp_1,66.3,0.0,10.0,76.3,7.47
pp_1,79.2,0.0,0.0,79.2,6.34
pp_1,76.7,0.0,0.0,76.7,8.01
pp_1,82.3,0.0,0.0,82.3,6.59
pp_1,74.2,0.0,0.0,74.2,6.33
pp_1,69.1,0.0,10.0,79.1,4.14
pp_1,67.5,0.0,10.0,77.5,12.3
pp_1,66.8,10.0,0.0,76.8,16.9
pp_1,74.7,0.0,0.0,74.7,19.78
pp_1,66.0,0.0,0.0,66.0,22.6
pp_1,64.0,0.0,10.0,74.0,13.71
pp_1,58.9,0.0,10.0,68.9,13.09
pp_1,57.9,10.0,0.0,67.9,11.7
pp_1,59.2,0.0,0.0,59.2,7.63
pp_1,57.2,0.0,0.0,57.2,7.8
pp_1,56.9,0.0,10.0,66.9,7.55
pp_1,66.6,0.0,0.0,66.6,7.36
pp_1,56.9,0.0,10.0,66.9,7.16
pp_1,56.6,0.0,10.0,66.6,7.03
pp_1,67.2,0.0,0.0,67.2,6.93
pp_1,66.8,0.0,0.0,66.8,6.81
pp_1,61.9,0.0,0.0,61.9,6.74
pp_1,61.2,0.0,0.0,61.2,6.68
pp_1,56.7,0.0,10.0,66.7,6.62
pp_1,56.6,0.0,10.0,66.6,6.58
pp_1,66.7,0.0,0.0,66.7,6.54
pp_1,56.9,0.0,10.0,66.9,6.5
pp_1,57.0,0.0,10.0,67.0,6.48
pp_1,67.6,0.0,0.0,67.6,6.46
pp_1,56.5,0.0,10.0,66.5,6.44
pp_1,68.9,0.0,0.0,68.9,6.43
pp_1,60.8,0.0,10.0,70.8,6.41
pp_1,57.6,0.0,10.0,67.6,6.4
pp_1,57.4,0.0,10.0,67.4,6.39
pp_1,58.6,0.0,0.0,58.6,6.39
pp_1,57.1,0.0,10.0,67.1,6.38
pp_1,68.8,0.0,0.0,68.8,6.38
pp_1,61.6,0.0,0.0,61.6,6.37
pp_1,56.8,0.0,10.0,66.8,6.37
pp_1,61.3,0.0,0.0,61.3,6.36
pp_1,64.7,0.0,10.0,74.7,6.36
pp_1,58.8,0.0,0.0,58.8,6.36
pp_1,69.1,0.0,0.0,69.1,6.36
pp_1,60.6,0.0,0.0,60.6,0.0
pp_1,56.7,0.0,0.0,56.7,8.11
pp_1,56.7,0.0,0.0,56.7,9.99
pp_1,56.7,0.0,10.0,66.7,12.08
pp_1,56.9,0.0,0.0,56.9,13.28
pp_1,56.6,0.0,10.0,66.6,14.55
pp_1,67.0,0.0,0.0,67.0,15.63
pp_1,57.0,0.0,10.0,67.0,17.05
pp_1,56.6,0.0,10.0,66.6,16.59
pp_1,59.8,0.0,0.0,59.8,17.95
pp_1,56.9,0.0,10.0,66.9,15.54
pp_1,57.1,0.0,10.0,67.1,18.74
pp_1,56.8,0.0,10.0,66.8,17.69
pp_1,56.9,0.0,10.0,66.9,21.09
pp_1,67.8,0.0,0.0,67.8,21.74
pp_1,59.9,0.0,0.0,59.9,24.29
pp_1,56.9,0.0,10.0,66.9,17.86
pp_1,56.5,0.0,10.0,66.5,9.57
pp_1,66.7,0.0,0.0,66.7,4.94
pp_1,56.9,0.0,10.0,66.9,3.33
pp_1,61.3,0.0,0.0,61.3,3.67
pp_1,62.4,0.0,10.0,72.4,3.99
pp_1,72.2,0.0,0.0,72.2,4.46
pp_1,64.6,0.0,0.0,64.6,4.96
pp_1,63.0,0.0,10.0,73.0,3.74
pp_1,71.7,0.0,0.0,71.7,7.04
pp_1,65.9,0.0,10.0,75.9,4.64
pp_1,64.7,0.0,10.0,74.7,4.27
pp_1,74.0,0.0,0.0,74.0,4.25
pp_1,63.9,0.0,0.0,63.9,4.23
pp_1,63.3,0.0,10.0,73.3,4.2
pp_1,71.2,0.0,0.0,71.2,4.18
pp_1,62.4,0.0,0.0,62.4,4.17
pp_1,60.9,0.0,0.0,60.9,4.16
pp_1,57.9,0.0,10.0,67.9,4.14
pp_1,57.2,0.0,10.0,67.2,4.14
pp_1,67.3,0.0,0.0,67.3,4.13
pp_1,57.9,0.0,10.0,67.9,4.12
pp_1,60.8,0.0,0.0,60.8,4.12
pp_1,60.4,0.0,0.0,60.4,4.11
pp_1,62.1,0.0,10.0,72.1,4.11
pp_1,58.0,0.0,10.0,68.0,4.1
pp_1,57.4,0.0,10.0,67.4,4.1
pp_1,60.8,0.0,10.0,70.8,4.1
pp_1,69.0,0.0,0.0,69.0,4.1
pp_1,60.3,0.0,0.0,60.3,0.0
pp_1,60.7,0.0,10.0,70.7,8.9
pp_1,57.6,0.0,10.0,67.6,14.64
pp_1,56.8,0.0,10.0,66.8,16.4
pp_1,61.1,0.0,10.0,71.1,15.78
pp_1,57.4,0.0,10.0,67.4,16.75
pp_1,68.0,0.0,0.0,68.0,15.44
pp_1,60.6,10.0,0.0,70.6,14.08
pp_1,60.9,0.0,10.0,70.9,13.02
pp_1,63.4,0.0,10.0,73.4,10.98
pp_1,62.4,0.0,10.0,72.4,10.5
pp_1,57.1,10.0,0.0,67.1,11.34
pp_1,59.2,0.0,0.0,59.2,9.32
pp_1,62.1,0.0,10.0,72.1,12.67
pp_1,69.2,0.0,0.0,69.2,22.28
pp_1,61.6,0.0,0.0,61.6,29.14
pp_1,60.7,0.0,0.0,60.7,29.88
pp_1,57.7,0.0,10.0,67.7,26.84
pp_1,49.0,10.0,0.0,59.0,27.2
pp_1,60.8,0.0,10.0,70.8,20.26
pp_1,56.6,0.0,10.0,66.6,19.87
pp_1,67.8,0.0,0.0,67.8,17.67
pp_1,60.7,0.0,10.0,70.7,15.51
pp_1,57.7,0.0,10.0,67.7,15.18
pp_1,67.0,0.0,0.0,67.0,12.36
pp_1,61.2,0.0,10.0,71.2,2.85
pp_1,66.8,0.0,10.0,76.8,7.19
pp_1,76.4,0.0,0.0,76.4,9.39
pp_1,77.9,0.0,0.0,77.9,10.57
pp_1,101.3,0.0,0.0,101.3,10.22
pp_1,99.9,0.0,0.0,99.9,9.54
pp_1,113.3,0.0,10.0,123.3,8.7
pp_1,79.3,0.0,0.0,79.3,13.28
pp_1,80.6,0.0,0.0,80.6,14.21
pp_1,77.0,0.0,0.0,77.0,15.94
pp_1,78.9,0.0,0.0,78.9,11.22
pp_1,80.8,0.0,0.0,80.8,7.27
pp_1,75.9,0.0,0.0,75.9,5.01
pp_1,78.9,0.0,10.0,88.9,5.17
pp_1,79.6,0.0,0.0,79.6,8.38
pp_1,73.2,0.0,0.0,73.2,11.42
pp_1,73.6,0.0,0.0,73.6,11.35
pp_1,72.6,0.0,10.0,82.6,7.31
pp_1,68.3,10.0,0.0,78.3,4.8
pp_1,79.3,0.0,0.0,79.3,1.59
pp_1,71.3,0.0,0.0,71.3,1.34
pp_1,66.1,0.0,10.0,76.1,4.08
pp_1,67.4,10.0,0.0,77.4,5.75
pp_1,78.0,0.0,0.0,78.0,6.91
pp_1,63.7,0.0,0.0,63.7,7.77
pp_1,73.4,0.0,10.0,83.4,7.31
pp_1,74.8,0.0,10.0,84.8,7.32
pp_1,67.8,0.0,10.0,77.8,9.3
pp_1,65.4,0.0,10.0,75.4,11.76
pp_1,62.6,0.0,10.0,72.6,15.06
pp_1,56.6,0.0,10.0,66.6,18.65
pp_1,56.7,10.0,0.0,66.7,17.97
pp_1,60.8,0.0,0.0,60.8,18.8
pp_1,57.9,0.0,0.0,57.9,18.98
pp_1,49.4,0.0,10.0,59.4,19.75
pp_1,60.8,0.0,0.0,60.8,13.75
pp_1,58.1,10.0,0.0,68.1,9.91
pp_1,64.2,0.0,10.0,74.2,8.04
pp_1,80.7,10.0,0.0,90.7,4.16
pp_1,90.9,0.0,10.0,100.9,3.87
pp_1,107.5,0.0,0.0,107.5,1.43
pp_1,101.9,0.0,10.0,111.9,6.98
pp_1,98.5,0.0,10.0,108.5,8.65
pp_1,91.5,0.0,0.0,91.5,10.69
pp_1,76.4,0.0,0.0,76.4,12.41
pp_1,74.6,0.0,0.0,74.6,13.23
pp_1,73.3,0.0,0.0,73.3,12.88
pp_1,65.6,0.0,0.0,65.6,13.06
pp_1,63.3,0.0,0.0,63.3,14.37
pp_1,62.1,0.0,0.0,62.1,16.56
pp_1,56.5,0.0,0.0,56.5,19.13
pp_1,57.0,0.0,0.0,57.0,19.91
pp_1,61.9,0.0,0.0,61.9,17.42
pp_1,56.8,0.0,0.0,56.8,17.74
pp_1,56.9,0.0,10.0,66.9,13.78
pp_1,60.9,0.0,0.0,60.9,12.4
pp_1,56.9,0.0,0.0,56.9,9.48
pp_1,66.8,0.0,0.0,66.8,7.37
pp_1,61.6,0.0,10.0,71.6,2.92
pp_1,56.6,0.0,0.0,56.6,3.18
pp_1,56.7,0.0,10.0,66.7,0.9
pp_1,61.0,0.0,0.0,61.0,2.51
pp_1,57.3,0.0,0.0,57.3,4.3
pp_1,56.9,0.0,10.0,66.9,6.01
pp_1,60.8,0.0,10.0,70.8,6.47
pp_1,56.6,0.0,10.0,66.6,6.36
pp_1,57.1,0.0,10.0,67.1,6.12
pp_1,62.1,0.0,0.0,62.1,5.75
pp_1,57.2,0.0,0.0,57.2,5.26
pp_1,56.7,0.0,0.0,56.7,4.75
pp_1,61.0,0.0,10.0,71.0,4.09
pp_1,58.1,0.0,10.0,68.1,3.87
pp_1,57.7,0.0,10.0,67.7,3.59
pp_1,60.8,0.0,0.0,60.8,3.23
pp_1,56.8,0.0,0.0,56.8,2.71
pp_1,56.7,0.0,10.0,66.7,2.02
pp_1,61.0,0.0,0.0,61.0,1.47
pp_1,57.7,0.0,10.0,67.7,0.6
pp_1,56.8,0.0,10.0,66.8,0.15
pp_1,62.2,0.0,10.0,72.2,0.94
pp_1,57.4,0.0,0.0,57.4,2.52
pp_1,57.0,0.0,10.0,67.0,2.98
pp_1,61.2,0.0,10.0,71.2,3.07
pp_1,56.8,0.0,0.0,56.8,4.8
pp_1,57.2,0.0,10.0,67.2,4.0
pp_1,61.0,0.0,0.0,61.0,4.21
pp_1,57.2,0.0,10.0,67.2,5.02
pp_1,56.6,0.0,10.0,66.6,6.1
pp_1,61.0,0.0,0.0,61.0,7.12
pp_1,56.9,0.0,10.0,66.9,8.87
pp_1,56.6,0.0,10.0,66.6,8.56
pp_1,61.1,0.0,0.0,61.1,9.02
pp_1,56.8,0.0,10.0,66.8,7.59
pp_1,56.8,0.0,10.0,66.8,6.31
pp_1,61.0,0.0,0.0,61.0,4.9
pp_1,56.7,0.0,10.0,66.7,2.63
pp_1,57.0,0.0,10.0,67.0,1.96
pp_1,61.1,0.0,0.0,61.1,2.42
pp_1,56.7,0.0,0.0,56.7,3.31
pp_1,56.9,0.0,10.0,66.9,4.2
pp_1,61.1,0.0,0.0,61.1,4.2
pp_1,57.0,0.0,0.0,57.0,3.2
pp_1,57.0,0.0,10.0,67.0,2.15
pp_1,61.1,0.0,10.0,71.1,1.22
pp_1,59.2,0.0,0.0,59.2,2.82
pp_1,60.0,0.0,0.0,60.0,4.71
pp_1,60.9,0.0,0.0,60.9,6.78
pp_1,56.7,0.0,10.0,66.7,7.44
pp_1,56.8,0.0,0.0,56.8,10.15
pp_1,61.2,0.0,0.0,61.2,8.86
pp_1,68.1,0.0,0.0,68.1,7.87
pp_1,62.8,0.0,0.0,62.8,8.84
pp_1,61.2,0.0,0.0,61.2,8.85
pp_1,57.0,0.0,10.0,67.0,6.64
pp_1,56.9,0.0,10.0,66.9,5.73
pp_1,61.1,0.0,0.0,61.1,4.55
pp_1,56.6,0.0,0.0,56.6,3.44
pp_1,57.0,0.0,10.0,67.0,1.19
pp_1,62.6,0.0,0.0,62.6,2.62
pp_1,57.0,0.0,0.0,57.0,3.65
pp_1,56.8,0.0,10.0,66.8,5.32
pp_1,62.1,0.0,0.0,62.1,5.92
pp_1,56.7,0.0,10.0,66.7,5.85
pp_1,57.0,0.0,10.0,67.0,5.69
pp_1,60.8,0.0,0.0,60.8,5.11
pp_1,56.8,0.0,0.0,56.8,4.26
pp_1,56.6,0.0,10.0,66.6,3.95
pp_1,62.2,0.0,0.0,62.2,4.25
pp_1,56.6,0.0,0.0,56.6,5.2
pp_1,66.8,0.0,0.0,66.8,7.62
pp_1,60.9,0.0,0.0,60.9,5.69
pp_1,56.6,0.0,10.0,66.6,4.64
pp_1,57.3,0.0,10.0,67.3,4.61
pp_1,60.7,0.0,10.0,70.7,4.6
pp_1,56.8,0.0,0.0,56.8,4.59
pp_1,56.9,0.0,10.0,66.9,4.58
pp_1,61.4,0.0,0.0,61.4,4.58
pp_1,56.9,0.0,0.0,56.9,4.57
pp_1,58.0,0.0,10.0,68.0,4.57
pp_1,62.0,0.0,10.0,72.0,4.56
pp_1,69.0,0.0,0.0,69.0,4.56
pp_1,60.7,0.0,0.0,60.7,4.56
pp_1,61.2,0.0,0.0,61.2,4.55
pp_1,56.8,0.0,10.0,66.8,4.55
pp_1,56.8,0.0,10.0,66.8,4.55
pp_1,61.0,0.0,10.0,71.0,4.55
pp_1,56.9,0.0,10.0,66.9,4.55
pp_1,56.9,0.0,0.0,56.9,4.55
pp_1,61.0,0.0,10.0,71.0,4.55
pp_1,57.2,0.0,0.0,57.2,4.55
pp_1,66.9,0.0,0.0,66.9,4.54
pp_1,61.0,0.0,0.0,61.0,4.54
pp_1,57.3,0.0,0.0,57.3,4.54
pp_1,50.3,10.0,0.0,60.3,4.54
pp_1,60.8,0.0,0.0,60.8,4.54
pp_1,57.7,0.0,10.0,67.7,4.54
pp_1,68.0,0.0,0.0,68.0,4.54
pp_1,60.8,0.0,10.0,70.8,4.54
pp_1,58.1,0.0,10.0,68.1,4.54
pp_1,48.5,0.0,10.0,58.5,4.54
pp_1,61.1,0.0,0.0,61.1,4.54
pp_1,56.7,0.0,10.0,66.7,4.54
pp_1,56.9,0.0,10.0,66.9,4.54
pp_1,60.9,0.0,10.0,70.9,4.54
pp_1,57.6,0.0,0.0,57.6,4.54
pp_1,57.6,0.0,10.0,67.6,0.0
pp_1,61.4,0.0,10.0,71.4,0.44
pp_1,61.1,0.0,0.0,61.1,1.35
pp_1,63.6,0.0,10.0,73.6,2.25
pp_1,73.6,0.0,0.0,73.6,2.89
pp_1,52.9,10.0,0.0,62.9,3.51
pp_1,60.3,0.0,0.0,60.3,3.42
pp_1,61.9,0.0,10.0,71.9,2.41
pp_1,57.9,0.0,0.0,57.9,3.89
pp_1,57.0,0.0,10.0,67.0,4.87
pp_1,61.0,0.0,0.0,61.0,7.44
pp_1,56.9,0.0,0.0,56.9,10.12
pp_1,56.8,0.0,10.0,66.8,9.02
pp_1,62.2,0.0,0.0,62.2,8.69
pp_1,56.6,0.0,10.0,66.6,6.69
pp_1,58.9,0.0,0.0,58.9,5.52
pp_1,60.7,0.0,0.0,60.7,4.62
pp_1,57.0,0.0,0.0,57.0,4.12
pp_1,57.0,0.0,10.0,67.0,2.75
pp_1,60.8,0.0,0.0,60.8,3.05
pp_1,56.8,0.0,0.0,56.8,4.23
pp_1,56.8,0.0,10.0,66.8,3.01
pp_1,60.7,0.0,0.0,60.7,3.4
pp_1,57.2,0.0,0.0,57.2,4.82
pp_1,57.0,0.0,10.0,67.0,3.89
pp_1,61.4,0.0,10.0,71.4,2.33
pp_1,58.1,0.0,10.0,68.1,2.87
pp_1,57.5,0.0,10.0,67.5,2.38
pp_1,61.0,0.0,0.0,61.0,1.96
pp_1,56.6,0.0,0.0,56.6,1.69
pp_1,66.8,0.0,0.0,66.8,2.2
pp_1,61.4,0.0,10.0,71.4,3.02
pp_1,57.4,0.0,10.0,67.4,2.93
pp_1,68.1,0.0,0.0,68.1,3.02
pp_1,61.0,0.0,0.0,61.0,2.93
pp_1,57.0,0.0,0.0,57.0,2.95
pp_1,56.7,0.0,10.0,66.7,3.05
pp_1,60.8,0.0,0.0,60.8,2.62
pp_1,58.0,0.0,10.0,68.0,2.41
pp_1,56.6,0.0,10.0,66.6,2.35
pp_1,61.1,0.0,0.0,61.1,2.68
pp_1,56.5,0.0,0.0,56.5,3.08
pp_1,56.8,0.0,0.0,56.8,3.0
pp_1,61.2,0.0,0.0,61.2,1.58
pp_1,56.7,0.0,0.0,56.7,1.96
pp_1,56.9,0.0,10.0,66.9,2.15
pp_1,61.1,0.0,0.0,61.1,2.07
pp_1,56.8,0.0,0.0,56.8,2.01
pp_1,56.9,0.0,10.0,66.9,1.95
pp_1,60.9,0.0,0.0,60.9,1.91
pp_1,56.6,0.0,10.0,66.6,1.87
pp_1,56.9,0.0,10.0,66.9,1.84
pp_1,61.8,0.0,0.0,61.8,1.82
pp_1,56.8,0.0,0.0,56.8,1.8
pp_1,57.0,0.0,10.0,67.0,1.78
pp_1,61.3,0.0,10.0,71.3,1.76
pp_1,59.4,10.0,0.0,69.4,1.75
pp_1,75.0,0.0,0.0,75.0,1.74
pp_1,77.3,0.0,0.0,77.3,1.73
pp_1,77.9,0.0,10.0,87.9,1.72
pp_1,81.4,0.0,0.0,81.4,1.71
pp_1,84.2,0.0,0.0,84.2,1.71
pp_1,84.7,0.0,10.0,94.7,1.71
pp_1,90.0,0.0,0.0,90.0,1.7
pp_1,57.0,0.0,10.0,67.0,1.7
pp_1,58.0,0.0,10.0,68.0,1.7
pp_1,60.9,0.0,0.0,60.9,1.69
pp_1,56.9,0.0,10.0,66.9,1.69
pp_1,56.6,0.0,10.0,66.6,1.69
pp_1,60.9,0.0,0.0,60.9,1.69
pp_1,57.4,0.0,0.0,57.4,1.69
pp_1,67.0,0.0,0.0,67.0,1.69
pp_1,61.2,0.0,0.0,61.2,1.69
pp_1,57.0,0.0,10.0,67.0,1.69
pp_1,56.8,0.0,10.0,66.8,1.69
pp_1,61.0,0.0,10.0,71.0,1.69
pp_1,58.0,0.0,10.0,68.0,0.0
pp_1,57.0,0.0,10.0,67.0,1.5
pp_1,60.9,0.0,0.0,60.9,2.44
pp_1,56.7,0.0,0.0,56.7,2.92
pp_1,56.9,0.0,10.0,66.9,2.19
pp_1,60.7,0.0,10.0,70.7,1.24
pp_1,61.7,0.0,0.0,61.7,0.64
pp_1,60.9,0.0,0.0,60.9,0.22
pp_1,60.8,0.0,0.0,60.8,0.69
pp_1,56.7,0.0,10.0,66.7,1.38
pp_1,56.6,0.0,10.0,66.6,2.13
pp_1,62.6,0.0,10.0,72.6,2.76
pp_1,70.8,0.0,10.0,80.8,3.16
pp_1,65.9,0.0,10.0,75.9,3.27
pp_1,65.4,0.0,10.0,75.4,3.76
pp_1,70.6,0.0,0.0,70.6,4.5
pp_1,60.8,0.0,0.0,60.8,4.96
pp_1,60.8,0.0,0.0,60.8,5.11
pp_1,56.9,0.0,0.0,56.9,5.12
pp_1,56.8,0.0,10.0,66.8,3.62
pp_1,61.0,0.0,10.0,71.0,2.73
pp_1,60.2,0.0,10.0,70.2,3.57
pp_1,61.2,0.0,0.0,61.2,4.5
pp_1,60.8,0.0,0.0,60.8,5.03
pp_1,56.7,0.0,0.0,56.7,5.47
pp_1,56.9,10.0,0.0,66.9,3.54
pp_1,62.3,0.0,10.0,72.3,2.75
pp_1,58.0,0.0,10.0,68.0,3.57
pp_1,66.8,0.0,0.0,66.8,2.32
pp_1,61.0,0.0,0.0,61.0,1.7
pp_1,56.7,0.0,10.0,66.7,1.27
pp_1,56.6,0.0,10.0,66.6,1.35
pp_1,60.7,0.0,0.0,60.7,1.56
pp_1,56.6,0.0,10.0,66.6,1.86
pp_1,49.1,10.0,0.0,59.1,1.97
pp_1,62.1,0.0,10.0,72.1,2.54
pp_1,59.5,10.0,0.0,69.5,3.27
pp_1,49.2,0.0,10.0,59.2,4.19
pp_1,61.1,0.0,0.0,61.1,4.61
pp_1,57.0,0.0,0.0,57.0,5.52
pp_1,56.9,0.0,10.0,66.9,4.78
pp_1,60.9,0.0,0.0,60.9,4.34
pp_1,57.8,0.0,0.0,57.8,4.14
pp_1,49.6,0.0,10.0,59.6,3.31
pp_1,60.9,0.0,0.0,60.9,3.13
pp_1,56.8,0.0,10.0,66.8,2.92
pp_1,56.9,0.0,10.0,66.9,3.17
pp_1,61.0,0.0,0.0,61.0,3.05
pp_1,56.9,0.0,0.0,56.9,3.29
pp_1,56.8,0.0,10.0,66.8,2.93
pp_1,61.2,0.0,10.0,71.2,2.57
pp_1,57.6,0.0,0.0,57.6,3.27
pp_1,56.8,0.0,10.0,66.8,1.66
pp_1,61.1,0.0,0.0,61.1,1.43
pp_1,56.6,0.0,0.0,56.6,2.21
pp_1,56.8,0.0,10.0,66.8,3.56
pp_1,61.1,0.0,0.0,61.1,4.29
pp_1,56.7,0.0,10.0,66.7,4.77
pp_1,57.9,0.0,10.0,67.9,4.77
pp_1,60.9,0.0,0.0,60.9,4.99
pp_1,57.0,0.0,10.0,67.0,5.03
pp_1,56.9,0.0,10.0,66.9,4.9
pp_1,61.0,0.0,10.0,71.0,4.55
pp_1,60.1,0.0,0.0,60.1,5.87
pp_1,49.4,0.0,10.0,59.4,6.67
pp_1,60.8,0.0,0.0,60.8,11.44
pp_1,56.8,0.0,0.0,56.8,16.06
pp_1,57.2,0.0,10.0,67.2,14.97
pp_1,61.5,0.0,0.0,61.5,6.09
pp_1,56.7,0.0,0.0,56.7,4.19
pp_1,57.3,0.0,10.0,67.3,4.37
pp_1,60.9,0.0,0.0,60.9,4.48
pp_1,56.6,0.0,10.0,66.6,4.6
pp_1,56.8,0.0,10.0,66.8,4.65
pp_1,61.1,0.0,10.0,71.1,4.76
pp_1,61.7,0.0,0.0,61.7,4.82
pp_1,61.6,0.0,0.0,61.6,4.86
pp_1,61.9,0.0,0.0,61.9,4.9
pp_1,57.2,0.0,0.0,57.2,4.95
pp_1,56.8,0.0,10.0,66.8,4.98
pp_1,60.9,0.0,0.0,60.9,5.0
pp_1,67.1,0.0,0.0,67.1,5.03
pp_1,61.6,0.0,0.0,61.6,5.05
pp_1,62.0,0.0,10.0,72.0,5.06
pp_1,56.6,0.0,0.0,56.6,5.07
pp_1,57.7,0.0,10.0,67.7,5.09
pp_1,60.7,0.0,0.0,60.7,5.09
pp_1,56.9,0.0,0.0,56.9,5.1
pp_1,58.2,0.0,10.0,68.2,5.11
pp_1,61.3,0.0,0.0,61.3,5.12
pp_1,56.8,0.0,0.0,56.8,5.12
pp_1,57.6,0.0,10.0,67.6,5.13
pp_1,60.8,0.0,0.0,60.8,5.13
pp_1,57.8,0.0,10.0,67.8,5.13
pp_1,57.2,0.0,10.0,67.2,5.13
pp_1,60.9,0.0,0.0,60.9,5.14
pp_1,57.9,0.0,0.0,57.9,5.14
pp_1,60.4,0.0,10.0,70.4,5.14
pp_1,62.3,0.0,0.0,62.3,5.14
pp_1,57.4,0.0,10.0,67.4,5.14
pp_1,68.2,0.0,0.0,68.2,0.0
pp_1,61.2,0.0,0.0,61.2,11.1
pp_1,56.8,0.0,0.0,56.8,17.1
pp_1,57.8,0.0,10.0,67.8,15.28
pp_1,61.1,0.0,0.0,61.1,11.43
pp_1,56.7,0.0,0.0,56.7,8.47
pp_1,56.8,0.0,10.0,66.8,5.15
pp_1,61.2,0.0,0.0,61.2,5.55
pp_1,56.9,0.0,0.0,56.9,6.86
pp_1,57.0,0.0,10.0,67.0,7.17
pp_1,61.3,0.0,0.0,61.3,6.57
pp_1,56.7,0.0,0.0,56.7,6.56
pp_1,56.8,0.0,10.0,66.8,5.02
pp_1,61.2,0.0,0.0,61.2,4.62
pp_1,56.8,0.0,0.0,56.8,4.45
pp_1,56.8,0.0,10.0,66.8,3.98
pp_1,61.1,0.0,0.0,61.1,4.18
pp_1,56.9,0.0,0.0,56.9,4.86
pp_1,56.9,0.0,10.0,66.9,4.46
pp_1,60.9,0.0,0.0,60.9,4.51
pp_1,57.5,0.0,10.0,67.5,3.9
pp_1,56.8,0.0,10.0,66.8,3.73
pp_1,61.3,0.0,0.0,61.3,4.69
pp_1,56.6,0.0,0.0,56.6,7.01
pp_1,57.1,0.0,10.0,67.1,7.11
pp_1,61.6,0.0,10.0,71.6,6.27
pp_1,56.8,0.0,10.0,66.8,9.17
pp_1,56.7,0.0,10.0,66.7,8.87
pp_1,61.5,0.0,0.0,61.5,9.9
pp_1,56.8,0.0,0.0,56.8,11.12
pp_1,57.0,0.0,10.0,67.0,7.56
pp_1,61.2,0.0,0.0,61.2,7.06
pp_1,58.0,0.0,10.0,68.0,4.76
pp_1,56.6,0.0,10.0,66.6,5.75
pp_1,61.0,0.0,0.0,61.0,4.17
pp_1,56.7,0.0,10.0,66.7,3.81
pp_1,66.9,0.0,0.0,66.9,4.24
pp_1,62.7,0.0,10.0,72.7,3.83
pp_1,56.9,0.0,0.0,56.9,5.27
pp_1,57.0,0.0,10.0,67.0,3.52
pp_1,61.1,0.0,0.0,61.1,3.93
pp_1,56.8,0.0,0.0,56.8,5.06
pp_1,57.0,0.0,10.0,67.0,4.76
pp_1,61.1,0.0,0.0,61.1,3.14
pp_1,57.0,0.0,0.0,57.0,2.88
pp_1,57.0,0.0,10.0,67.0,4.05
pp_1,60.8,0.0,0.0,60.8,4.05
pp_1,57.2,0.0,0.0,57.2,4.2
pp_1,56.8,0.0,10.0,66.8,3.65
pp_1,63.1,0.0,10.0,73.1,2.68
pp_1,57.1,0.0,0.0,57.1,2.34
pp_1,56.9,0.0,10.0,66.9,1.65
pp_1,61.7,0.0,0.0,61.7,1.58
pp_1,56.6,0.0,10.0,66.6,2.11
pp_1,57.4,0.0,10.0,67.4,2.39
pp_1,62.2,0.0,10.0,72.2,2.78
pp_1,59.3,10.0,0.0,69.3,2.84
pp_1,60.0,0.0,0.0,60.0,2.89
pp_1,61.0,0.0,0.0,61.0,2.92
pp_1,56.7,0.0,0.0,56.7,2.72
pp_1,56.9,0.0,10.0,66.9,2.41
pp_1,60.8,0.0,0.0,60.8,2.45
pp_1,57.5,0.0,0.0,57.5,3.08
pp_1,56.9,0.0,0.0,56.9,3.73
pp_1,62.8,0.0,10.0,72.8,3.8
pp_1,61.0,0.0,0.0,61.0,5.6
pp_1,62.7,0.0,0.0,62.7,6.98
pp_1,62.2,0.0,10.0,72.2,6.47
pp_1,57.5,0.0,0.0,57.5,8.19
pp_1,56.7,0.0,10.0,66.7,6.2
pp_1,60.8,0.0,0.0,60.8,5.57
pp_1,56.8,0.0,10.0,66.8,3.78
pp_1,56.7,10.0,0.0,66.7,2.6
pp_1,62.1,0.0,10.0,72.1,0.65
pp_1,59.4,0.0,0.0,59.4,0.74
pp_1,57.8,0.0,10.0,67.8,1.21
pp_1,61.0,0.0,0.0,61.0,2.06
pp_1,57.8,0.0,10.0,67.8,3.21
pp_1,60.1,0.0,0.0,60.1,3.55
pp_1,60.9,0.0,0.0,60.9,3.79
pp_1,58.1,0.0,10.0,68.1,3.47
pp_1,58.4,0.0,10.0,68.4,3.18
pp_1,60.6,0.0,10.0,70.6,2.77
pp_1,58.2,0.0,10.0,68.2,2.58
pp_1,56.7,0.0,10.0,66.7,2.59
pp_1,60.9,0.0,0.0,60.9,2.95
pp_1,57.0,0.0,0.0,57.0,3.88
pp_1,56.7,0.0,10.0,66.7,4.52
pp_1,60.9,0.0,10.0,70.9,4.9
pp_1,56.7,0.0,10.0,66.7,7.7
pp_1,57.2,0.0,10.0,67.2,6.79
pp_1,61.3,0.0,0.0,61.3,6.4
pp_1,56.9,0.0,10.0,66.9,5.32
pp_1,56.8,0.0,10.0,66.8,4.94
pp_1,60.9,0.0,10.0,70.9,3.48
pp_1,57.3,0.0,0.0,57.3,5.11
pp_1,57.0,0.0,10.0,67.0,2.97
pp_1,62.2,0.0,0.0,62.2,2.22
pp_1,56.6,0.0,0.0,56.6,2.43
pp_1,56.8,0.0,10.0,66.8,1.25
pp_1,60.9,0.0,0.0,60.9,1.32
pp_1,56.6,0.0,0.0,56.6,1.33
pp_1,56.7,0.0,10.0,66.7,1.32
pp_1,60.8,0.0,0.0,60.8,1.79
pp_1,56.6,0.0,10.0,66.6,2.2
pp_1,60.5,0.0,0.0,60.5,1.99
pp_1,61.0,0.0,0.0,61.0,2.26
pp_1,56.7,0.0,0.0,56.7,2.24
pp_1,56.8,0.0,10.0,66.8,2.3
pp_1,60.8,0.0,0.0,60.8,2.14
pp_1,56.9,0.0,0.0,56.9,1.95
pp_1,57.0,0.0,0.0,57.0,1.83
pp_1,61.8,0.0,10.0,71.8,1.73
pp_1,57.5,0.0,0.0,57.5,1.52
pp_1,57.5,0.0,0.0,57.5,1.61
pp_1,60.9,0.0,0.0,60.9,1.54
pp_1,56.9,0.0,10.0,66.9,1.24
pp_1,56.7,0.0,10.0,66.7,1.15
pp_1,60.9,0.0,0.0,60.9,1.17
pp_1,56.7,0.0,0.0,56.7,1.12
pp_1,66.7,0.0,0.0,66.7,0.98
pp_1,63.0,0.0,10.0,73.0,0.81
pp_1,57.3,0.0,10.0,67.3,0.66
pp_1,56.6,0.0,10.0,66.6,0.59
pp_1,60.9,0.0,10.0,70.9,0.55
pp_1,60.4,0.0,10.0,70.4,0.54
pp_1,60.3,0.0,0.0,60.3,0.61
pp_1,60.7,0.0,0.0,60.7,0.65
pp_1,57.1,0.0,0.0,57.1,0.73
pp_1,56.7,0.0,10.0,66.7,0.6
pp_1,60.9,0.0,0.0,60.9,0.63
pp_1,56.8,0.0,0.0,56.8,0.82
pp_1,56.6,0.0,10.0,66.6,0.74
pp_1,60.9,0.0,0.0,60.9,0.94
pp_1,56.6,0.0,0.0,56.6,1.17
pp_1,57.1,10.0,0.0,67.1,1.39
pp_1,61.0,0.0,0.0,61.0,1.89
pp_1,56.7,0.0,0.0,56.7,2.62
pp_1,56.9,0.0,10.0,66.9,2.94
pp_1,60.7,0.0,0.0,60.7,3.61
pp_1,57.2,0.0,0.0,57.2,4.84
pp_1,56.7,0.0,10.0,66.7,4.52
pp_1,62.1,0.0,10.0,72.1,4.27
pp_1,58.0,0.0,0.0,58.0,5.67
pp_1,56.9,0.0,0.0,56.9,5.03
pp_1,61.1,0.0,0.0,61.1,3.47
pp_1,56.8,0.0,0.0,56.8,3.3
pp_1,57.8,0.0,10.0,67.8,2.11
pp_1,60.9,0.0,0.0,60.9,2.0
pp_1,57.5,0.0,10.0,67.5,1.91
pp_1,57.9,0.0,0.0,57.9,2.25
pp_1,62.3,0.0,10.0,72.3,1.26
pp_1,57.5,0.0,0.0,57.5,1.15
pp_1,56.8,0.0,0.0,56.8,1.11
pp_1,62.1,0.0,10.0,72.1,1.49
pp_1,58.0,0.0,0.0,58.0,1.68
pp_1,56.7,0.0,0.0,56.7,2.07
pp_1,61.0,0.0,0.0,61.0,2.17
pp_1,57.0,0.0,10.0,67.0,2.11
pp_1,56.9,0.0,10.0,66.9,1.72
pp_1,60.8,0.0,0.0,60.8,1.59
pp_1,56.8,0.0,0.0,56.8,1.51
pp_1,57.3,0.0,0.0,57.3,1.21
pp_1,62.3,0.0,0.0,62.3,1.03
pp_1,57.0,0.0,0.0,57.0,0.82
pp_1,56.6,0.0,10.0,66.6,0.84
pp_1,62.7,0.0,10.0,72.7,0.85
pp_1,58.0,0.0,0.0,58.0,1.46
pp_1,56.6,0.0,10.0,66.6,1.52
pp_1,60.7,0.0,0.0,60.7,1.85
pp_1,56.6,0.0,0.0,56.6,2.58
pp_1,56.7,0.0,0.0,56.7,3.04
pp_1,60.8,0.0,0.0,60.8,3.62
pp_1,56.6,0.0,0.0,56.6,5.9
pp_1,66.6,0.0,0.0,66.6,7.13
pp_1,61.7,0.0,10.0,71.7,8.95
pp_1,59.9,0.0,0.0,59.9,13.67
pp_1,48.9,0.0,10.0,58.9,13.03
pp_1,60.8,0.0,0.0,60.8,12.71
pp_1,56.7,0.0,0.0,56.7,13.0
pp_1,56.7,0.0,0.0,56.7,12.11
pp_1,60.6,0.0,10.0,70.6,6.2
pp_1,58.1,0.0,0.0,58.1,7.79
pp_1,56.8,0.0,10.0,66.8,6.38
pp_1,61.1,0.0,0.0,61.1,3.34
pp_1,56.8,0.0,0.0,56.8,2.9
pp_1,56.9,0.0,10.0,66.9,2.58
pp_1,62.5,0.0,10.0,72.5,3.45
pp_1,51.1,10.0,0.0,61.1,4.08
pp_1,60.5,0.0,0.0,60.5,4.98
pp_1,60.9,0.0,0.0,60.9,6.41
pp_1,56.8,0.0,10.0,66.8,7.57
pp_1,56.9,0.0,0.0,56.9,8.2
pp_1,60.7,0.0,0.0,60.7,8.1
pp_1,57.7,0.0,0.0,57.7,8.61
pp_1,56.8,0.0,0.0,56.8,8.59
pp_1,60.9,0.0,0.0,60.9,8.52
pp_1,56.9,0.0,10.0,66.9,9.03
pp_1,56.6,0.0,0.0,56.6,10.67
pp_1,61.1,0.0,0.0,61.1,9.56
pp_1,56.8,0.0,0.0,56.8,10.73
pp_1,57.2,0.0,10.0,67.2,12.51
pp_1,60.6,0.0,0.0,60.6,16.92
pp_1,57.9,0.0,0.0,57.9,18.9
pp_1,49.4,0.0,0.0,49.4,21.81
pp_1,60.8,0.0,10.0,70.8,13.52
pp_1,56.7,0.0,0.0,56.7,17.18
pp_1,56.6,0.0,0.0,56.6,15.69
pp_1,62.2,0.0,10.0,72.2,9.73
pp_1,58.9,0.0,0.0,58.9,14.48
pp_1,57.5,0.0,0.0,57.5,13.14
pp_1,60.6,0.0,0.0,60.6,11.19
pp_1,57.0,0.0,0.0,57.0,11.42
pp_1,56.9,0.0,0.0,56.9,10.18
pp_1,60.9,0.0,10.0,70.9,5.54
pp_1,57.4,0.0,0.0,57.4,9.34
pp_1,56.7,0.0,10.0,66.7,7.4
pp_1,62.5,0.0,0.0,62.5,0.75
pp_1,56.8,0.0,0.0,56.8,3.16
pp_1,56.7,0.0,0.0,56.7,4.4
pp_1,60.7,0.0,0.0,60.7,5.9
pp_1,56.9,0.0,0.0,56.9,5.66
pp_1,56.8,0.0,10.0,66.8,5.56
pp_1,61.0,0.0,10.0,71.0,6.48
pp_1,56.7,0.0,0.0,56.7,5.23
pp_1,56.7,0.0,10.0,66.7,5.35
pp_1,61.0,0.0,0.0,61.0,4.94
pp_1,56.8,0.0,0.0,56.8,4.36
pp_1,56.6,0.0,10.0,66.6,3.8
pp_1,60.7,0.0,0.0,60.7,3.48
pp_1,57.7,0.0,0.0,57.7,2.73
pp_1,56.8,0.0,10.0,66.8,2.52
pp_1,60.8,0.0,0.0,60.8,2.21
pp_1,56.8,0.0,10.0,66.8,2.82
pp_1,56.7,0.0,0.0,56.7,3.53
pp_1,61.1,0.0,0.0,61.1,3.23
pp_1,56.6,0.0,0.0,56.6,3.79
pp_1,57.1,0.0,10.0,67.1,2.47
pp_1,62.1,0.0,10.0,72.1,1.2
pp_1,56.8,0.0,0.0,56.8,2.11
pp_1,56.7,0.0,10.0,66.7,0.81
pp_1,61.1,0.0,0.0,61.1,1.07
pp_1,58.1,0.0,0.0,58.1,1.52
pp_1,48.9,0.0,10.0,58.9,2.04
pp_1,60.7,0.0,0.0,60.7,1.93
pp_1,56.7,0.0,0.0,56.7,1.74
pp_1,56.7,0.0,10.0,66.7,1.3
pp_1,60.7,0.0,0.0,60.7,1.67
pp_1,57.5,0.0,0.0,57.5,2.79
pp_1,57.0,0.0,0.0,57.0,4.24
pp_1,61.6,0.0,0.0,61.6,4.6
pp_1,57.2,0.0,0.0,57.2,5.72
pp_1,56.6,0.0,10.0,66.6,5.16
pp_1,60.7,0.0,0.0,60.7,5.28
pp_1,56.6,0.0,0.0,56.6,6.44
pp_1,57.2,0.0,0.0,57.2,7.34
pp_1,61.0,0.0,0.0,61.0,4.75
pp_1,56.7,0.0,10.0,66.7,2.9
pp_1,56.8,0.0,10.0,66.8,3.49
pp_1,61.1,0.0,0.0,61.1,4.34
pp_1,57.0,0.0,0.0,57.0,5.07
pp_1,56.7,0.0,0.0,56.7,5.19
pp_1,62.1,0.0,10.0,72.1,3.91
pp_1,58.6,0.0,0.0,58.6,4.35
pp_1,49.4,0.0,0.0,49.4,4.14
pp_1,61.0,0.0,0.0,61.0,3.63
pp_1,56.8,0.0,0.0,56.8,3.92
pp_1,58.0,0.0,0.0,58.0,4.13
pp_1,61.1,0.0,0.0,61.1,3.66
pp_1,56.8,0.0,0.0,56.8,4.98
pp_1,56.7,0.0,0.0,56.7,5.54
pp_1,61.3,0.0,0.0,61.3,4.81
pp_1,56.9,0.0,0.0,56.9,6.45
pp_1,57.4,0.0,10.0,67.4,6.31
pp_1,62.1,0.0,0.0,62.1,7.3
pp_1,57.0,0.0,0.0,57.0,8.48
pp_1,56.7,0.0,0.0,56.7,9.44
pp_1,60.8,0.0,10.0,70.8,6.16
pp_1,57.3,0.0,0.0,57.3,8.34
pp_1,56.7,0.0,0.0,56.7,7.94
pp_1,60.8,0.0,0.0,60.8,6.53
pp_1,56.9,0.0,0.0,56.9,6.9
pp_1,57.4,0.0,10.0,67.4,6.63
pp_1,61.1,0.0,0.0,61.1,7.33
pp_1,56.8,0.0,0.0,56.8,7.25
pp_1,56.9,0.0,0.0,56.9,7.24
pp_1,61.0,0.0,0.0,61.0,5.93
pp_1,56.9,0.0,0.0,56.9,6.08
pp_1,56.8,0.0,10.0,66.8,4.79
pp_1,60.7,0.0,0.0,60.7,4.6
pp_1,57.2,0.0,0.0,57.2,4.96
pp_1,56.9,0.0,0.0,56.9,4.06
pp_1,60.9,0.0,10.0,70.9,3.3
pp_1,57.0,0.0,0.0,57.0,3.34
pp_1,56.9,0.0,0.0,56.9,3.46
pp_1,60.9,0.0,0.0,60.9,3.31
pp_1,56.7,0.0,0.0,56.7,3.41
pp_1,66.7,0.0,0.0,66.7,3.18
pp_1,60.7,0.0,0.0,60.7,3.22
pp_1,56.7,0.0,0.0,56.7,2.91
pp_1,56.7,0.0,10.0,66.7,2.57
pp_1,60.8,0.0,0.0,60.8,2.42
pp_1,56.7,0.0,0.0,56.7,2.69
pp_1,56.9,0.0,0.0,56.9,3.14
pp_1,60.9,0.0,0.0,60.9,3.2
pp_1,56.8,0.0,0.0,56.8,3.67
pp_1,56.8,0.0,0.0,56.8,3.69
pp_1,60.9,0.0,0.0,60.9,3.02
pp_1,56.8,0.0,0.0,56.8,3.12
pp_1,57.3,0.0,10.0,67.3,2.65
pp_1,62.4,0.0,0.0,62.4,2.86
pp_1,56.9,0.0,0.0,56.9,3.34
pp_1,56.9,0.0,0.0,56.9,3.45
pp_1,60.8,0.0,0.0,60.8,2.63
pp_1,56.9,0.0,0.0,56.9,2.81
pp_1,56.9,0.0,0.0,56.9,2.81
pp_1,61.1,0.0,0.0,61.1,2.34
pp_1,56.8,0.0,0.0,56.8,2.9
pp_1,56.8,0.0,10.0,66.8,2.99
pp_1,61.1,0.0,0.0,61.1,2.67
pp_1,57.0,0.0,0.0,57.0,3.87
pp_1,56.7,0.0,0.0,56.7,4.55
pp_1,61.9,0.0,10.0,71.9,3.67
pp_1,57.4,0.0,0.0,57.4,6.55
pp_1,58.5,0.0,0.0,58.5,8.47
pp_1,60.8,0.0,0.0,60.8,10.11
pp_1,56.7,0.0,10.0,66.7,12.34
pp_1,56.8,0.0,10.0,66.8,16.71
pp_1,62.9,0.0,10.0,72.9,14.31
pp_1,58.8,0.0,10.0,68.8,18.57
pp_1,57.1,0.0,0.0,57.1,16.45
pp_1,61.5,0.0,10.0,71.5,8.48
pp_1,56.7,0.0,0.0,56.7,8.84
pp_1,56.7,0.0,0.0,56.7,6.59
pp_1,61.1,0.0,0.0,61.1,4.32
pp_1,56.8,0.0,0.0,56.8,4.12
pp_1,56.8,0.0,0.0,56.8,3.54
pp_1,60.7,0.0,0.0,60.7,3.65
pp_1,56.7,0.0,10.0,66.7,3.55
pp_1,59.4,0.0,0.0,59.4,4.19
pp_1,60.9,0.0,0.0,60.9,4.37
pp_1,56.9,0.0,0.0,56.9,3.95
pp_1,56.6,0.0,0.0,56.6,4.3
pp_1,60.7,0.0,0.0,60.7,4.42
pp_1,56.6,0.0,0.0,56.6,4.11
pp_1,56.8,0.0,10.0,66.8,4.07
pp_1,60.8,0.0,0.0,60.8,3.69
pp_1,56.8,0.0,0.0,56.8,3.21
pp_1,58.6,0.0,0.0,58.6,2.89
pp_1,61.8,0.0,0.0,61.8,2.54
pp_1,56.9,0.0,0.0,56.9,2.3
pp_1,56.8,0.0,0.0,56.8,2.12
pp_1,61.2,0.0,10.0,71.2,1.88
pp_1,57.4,0.0,0.0,57.4,2.02
pp_1,56.7,0.0,10.0,66.7,1.83
pp_1,61.3,0.0,0.0,61.3,1.66
pp_1,56.7,0.0,0.0,56.7,1.47
pp_1,56.8,0.0,10.0,66.8,1.23
pp_1,62.1,0.0,10.0,72.1,0.96
pp_1,60.2,0.0,10.0,70.2,0.75
pp_1,61.4,0.0,0.0,61.4,0.74
pp_1,60.9,0.0,0.0,60.9,0.75
pp_1,56.7,0.0,10.0,66.7,0.67
pp_1,56.7,0.0,0.0,56.7,0.79
pp_1,60.9,0.0,0.0,60.9,0.57
pp_1,57.1,0.0,0.0,57.1,0.6
pp_1,56.8,0.0,10.0,66.8,0.54
pp_1,60.8,0.0,0.0,60.8,0.49
pp_1,56.8,0.0,0.0,56.8,0.59
pp_1,56.9,0.0,10.0,66.9,0.73
pp_1,61.8,0.0,10.0,71.8,0.64
pp_1,69.5,0.0,0.0,69.5,0.85
pp_1,65.1,0.0,0.0,65.1,1.23
pp_1,62.8,0.0,10.0,72.8,1.61
pp_1,58.8,0.0,10.0,68.8,3.14
pp_1,57.6,0.0,10.0,67.6,3.94
pp_1,61.2,0.0,0.0,61.2,5.23
pp_1,58.0,0.0,10.0,68.0,7.92
pp_1,56.7,0.0,10.0,66.7,11.04
pp_1,60.8,0.0,0.0,60.8,12.81
pp_1,56.8,0.0,0.0,56.8,16.2
pp_1,56.6,0.0,10.0,66.6,14.32
pp_1,61.9,0.0,0.0,61.9,15.55
pp_1,56.9,0.0,0.0,56.9,16.53
pp_1,68.1,0.0,0.0,68.1,11.89
pp_1,60.6,0.0,0.0,60.6,13.68
pp_1,56.7,0.0,0.0,56.7,13.57
pp_1,56.9,0.0,0.0,56.9,11.85
pp_1,60.9,0.0,10.0,70.9,6.99
pp_1,57.2,0.0,0.0,57.2,10.93
pp_1,57.1,0.0,0.0,57.1,10.02
pp_1,60.9,0.0,0.0,60.9,8.27
pp_1,57.0,0.0,0.0,57.0,9.11
pp_1,56.8,0.0,10.0,66.8,5.96
pp_1,61.2,0.0,0.0,61.2,7.34
pp_1,56.7,0.0,0.0,56.7,8.49
pp_1,56.9,0.0,10.0,66.9,7.62
pp_1,61.8,0.0,10.0,71.8,3.44
pp_1,57.9,0.0,10.0,67.9,4.88
pp_1,56.8,0.0,10.0,66.8,4.69
pp_1,61.7,0.0,10.0,71.7,2.94
pp_1,57.2,0.0,0.0,57.2,7.28
pp_1,57.3,0.0,10.0,67.3,3.6
pp_1,60.9,0.0,0.0,60.9,5.69
pp_1,56.8,0.0,0.0,56.8,6.98
pp_1,58.2,0.0,10.0,68.2,3.15
pp_1,60.7,0.0,0.0,60.7,5.93
pp_1,56.8,0.0,0.0,56.8,7.22
pp_1,56.7,0.0,10.0,66.7,6.77
pp_1,57.0,0.0,0.0,57.0,6.95
pp_1,57.2,0.0,0.0,57.2,6.69
pp_1,57.0,0.0,0.0,57.0,6.79
pp_1,46.9,10.0,0.0,56.9,7.6
pp_1,58.3,0.0,0.0,58.3,7.01
pp_1,57.5,10.0,0.0,67.5,5.26
pp_1,48.2,10.0,-10.0,48.2,8.02
pp_1,56.7,0.0,0.0,56.7,7.19
pp_1,56.7,0.0,0.0,56.7,6.42
pp_1,57.1,0.0,10.0,67.1,3.86
pp_1,57.4,0.0,0.0,57.4,6.75
pp_1,56.7,0.0,10.0,66.7,7.78
pp_1,56.6,0.0,10.0,66.6,9.36
pp_1,56.8,0.0,10.0,66.8,10.82
pp_1,56.9,0.0,10.0,66.9,12.19
pp_1,46.9,10.0,0.0,56.9,11.98
pp_1,56.7,0.0,0.0,56.7,11.33
pp_1,56.8,0.0,0.0,56.8,10.26
pp_1,47.2,10.0,0.0,57.2,8.79
pp_1,56.6,0.0,10.0,66.6,7.33
pp_1,56.7,0.0,0.0,56.7,6.59
pp_1,58.4,0.0,0.0,58.4,6.14
pp_1,56.6,0.0,0.0,56.6,5.57
pp_1,56.7,0.0,10.0,66.7,4.85
pp_1,58.7,0.0,0.0,58.7,4.31
pp_1,56.9,0.0,0.0,56.9,3.91
pp_1,56.7,0.0,10.0,66.7,4.43
pp_1,47.0,0.0,10.0,57.0,4.42
pp_1,56.7,0.0,0.0,56.7,4.14
pp_1,56.6,0.0,0.0,56.6,3.81
pp_1,56.9,0.0,0.0,56.9,3.33
pp_1,57.0,0.0,0.0,57.0,2.88
pp_1,56.9,0.0,10.0,66.9,2.46
pp_1,57.1,0.0,0.0,57.1,2.02
pp_1,56.6,0.0,0.0,56.6,1.74
pp_1,57.0,0.0,0.0,57.0,1.51
pp_1,58.2,0.0,0.0,58.2,1.23
pp_1,56.8,0.0,10.0,66.8,1.01
pp_1,56.8,0.0,0.0,56.8,0.98
pp_1,47.0,0.0,10.0,57.0,0.79
pp_1,56.8,0.0,0.0,56.8,0.72
pp_1,56.8,0.0,0.0,56.8,0.62
pp_1,57.0,0.0,0.0,57.0,0.45
pp_1,58.2,0.0,0.0,58.2,0.4
pp_1,57.7,0.0,10.0,67.7,0.45
pp_1,58.2,0.0,0.0,58.2,0.43
pp_1,56.9,0.0,0.0,56.9,0.48
pp_1,56.8,0.0,0.0,56.8,0.56
pp_1,57.0,0.0,0.0,57.0,0.66
pp_1,56.8,0.0,0.0,56.8,0.73
pp_1,56.8,0.0,0.0,56.8,0.77
pp_1,46.8,0.0,10.0,56.8,0.76
pp_1,56.8,0.0,0.0,56.8,0.71
pp_1,56.9,0.0,0.0,56.9,0.73
pp_1,56.9,0.0,0.0,56.9,0.67
pp_1,56.9,0.0,0.0,56.9,0.69
pp_1,56.9,0.0,0.0,56.9,0.67
pp_1,66.7,0.0,0.0,66.7,0.55
pp_1,56.8,0.0,0.0,56.8,0.57
pp_1,56.9,0.0,0.0,56.9,0.58
pp_1,56.6,0.0,10.0,66.6,0.52
pp_1,57.3,0.0,0.0,57.3,0.57
pp_1,56.7,0.0,10.0,66.7,0.55
pp_1,57.1,0.0,0.0,57.1,0.35
pp_1,56.7,0.0,0.0,56.7,0.25
pp_1,56.7,0.0,0.0,56.7,0.1
pp_1,47.3,0.0,10.0,57.3,0.05
pp_1,37.9,30.0,0.0,67.9,0.15
pp_1,76.1,0.0,0.0,76.1,0.34
pp_1,92.2,0.0,0.0,92.2,0.47
pp_1,83.3,0.0,10.0,93.3,0.45
pp_1,98.5,0.0,0.0,98.5,0.41
pp_1,95.6,10.0,0.0,105.6,0.38
pp_1,83.1,0.0,10.0,93.1,0.51
pp_1,85.2,0.0,0.0,85.2,0.53
pp_1,71.3,0.0,10.0,81.3,0.44
pp_1,70.7,0.0,0.0,70.7,0.42
pp_1,78.4,0.0,0.0,78.4,0.22
pp_1,73.9,0.0,0.0,73.9,0.12
pp_1,71.3,0.0,0.0,71.3,0.11
pp_1,79.0,0.0,0.0,79.0,0.02
pp_1,70.5,0.0,10.0,80.5,0.12
pp_1,66.7,0.0,0.0,66.7,0.23
pp_1,78.8,0.0,0.0,78.8,0.39
pp_1,56.6,0.0,10.0,66.6,0.44
pp_1,61.0,0.0,0.0,61.0,0.45
pp_1,59.0,0.0,0.0,59.0,0.4
pp_1,60.8,0.0,0.0,60.8,0.4
pp_1,56.6,0.0,0.0,56.6,0.43
pp_1,56.9,0.0,0.0,56.9,0.24
pp_1,61.0,0.0,0.0,61.0,0.08
pp_1,66.9,0.0,0.0,66.9,0.11
pp_1,58.9,0.0,0.0,58.9,0.16
pp_1,60.6,0.0,0.0,60.6,0.22
pp_1,56.7,0.0,0.0,56.7,0.27
pp_1,46.9,10.0,0.0,56.9,0.21
pp_1,60.6,0.0,0.0,60.6,0.15
pp_1,56.7,0.0,10.0,66.7,0.03
pp_1,56.7,10.0,0.0,66.7,0.28
pp_1,62.1,0.0,10.0,72.1,0.63
pp_1,57.9,0.0,10.0,67.9,0.82
pp_1,66.5,0.0,0.0,66.5,0.87
pp_1,60.9,0.0,0.0,60.9,0.42
pp_1,56.7,0.0,0.0,56.7,0.11
pp_1,56.7,10.0,0.0,66.7,0.02
pp_1,61.0,0.0,0.0,61.0,0.03
pp_1,56.7,0.0,10.0,66.7,0.03
pp_1,56.8,10.0,0.0,66.8,0.04
pp_1,60.7,0.0,0.0,60.7,0.04
pp_1,56.6,0.0,10.0,66.6,0.05
pp_1,47.2,0.0,10.0,57.2,0.05
pp_1,60.8,0.0,0.0,60.8,0.05
pp_1,57.1,0.0,10.0,67.1,0.05
pp_1,56.8,0.0,10.0,66.8,0.06
pp_1,60.6,0.0,10.0,70.6,0.06
pp_1,56.6,0.0,0.0,56.6,0.06
pp_1,57.9,0.0,0.0,57.9,0.06
pp_1,60.7,0.0,10.0,70.7,0.06
pp_1,58.5,0.0,10.0,68.5,0.06
pp_1,47.9,10.0,0.0,57.9,0.06
pp_1,61.2,0.0,0.0,61.2,0.06
pp_1,57.0,0.0,10.0,67.0,0.06
pp_1,57.2,0.0,0.0,57.2,0.06
pp_1,60.8,0.0,10.0,70.8,0.06
pp_1,56.7,0.0,0.0,56.7,0.06
pp_1,58.3,0.0,0.0,58.3,0.06
pp_1,60.7,0.0,10.0,70.7,0.06
pp_1,56.6,0.0,10.0,66.6,0.06
pp_1,66.7,0.0,0.0,66.7,0.06
pp_1,60.6,0.0,0.0,60.6,0.06
pp_1,57.0,0.0,10.0,67.0,0.06
pp_1,56.9,0.0,10.0,66.9,0.06
pp_1,60.5,0.0,0.0,60.5,0.06
pp_1,56.8,0.0,0.0,56.8,0.07
pp_1,57.1,0.0,0.0,57.1,0.07
pp_1,60.8,0.0,0.0,60.8,0.07
pp_1,56.6,0.0,10.0,66.6,0.07
pp_1,57.4,0.0,0.0,57.4,0.07
pp_1,60.8,0.0,0.0,60.8,0.07
pp_1,56.8,0.0,10.0,66.8,0.07
pp_1,48.1,10.0,0.0,58.1,0.07
pp_1,60.6,0.0,10.0,70.6,0.07
pp_1,56.6,0.0,0.0,56.6,0.07
pp_1,66.8,0.0,0.0,66.8,0.07
pp_1,60.6,0.0,10.0,70.6,0.07
pp_1,56.8,0.0,0.0,56.8,0.06
pp_1,47.0,0.0,10.0,57.0,0.07
pp_1,60.7,0.0,10.0,70.7,0.07
pp_1,57.6,0.0,0.0,57.6,0.06
pp_1,56.7,0.0,10.0,66.7,0.07
pp_1,61.0,0.0,10.0,71.0,0.07
pp_1,50.3,10.0,0.0,60.3,0.07
pp_1,60.3,0.0,0.0,60.3,0.07
pp_1,61.0,0.0,0.0,61.0,0.07
pp_1,57.3,0.0,0.0,57.3,0.07
pp_1,47.1,10.0,0.0,57.1,0.07
pp_1,60.9,0.0,10.0,70.9,0.07
pp_1,56.8,0.0,10.0,66.8,0.07
pp_1,56.8,10.0,0.0,66.8,0.07
pp_1,60.7,0.0,0.0,60.7,0.07
pp_1,56.7,0.0,0.0,56.7,0.07
pp_1,47.3,10.0,0.0,57.3,0.07
pp_1,61.6,0.0,10.0,71.6,0.07
pp_1,58.1,0.0,10.0,68.1,0.07
pp_1,48.2,10.0,0.0,58.2,0.07
pp_1,60.7,0.0,0.0,60.7,0.07
pp_1,56.6,0.0,0.0,56.6,0.07
pp_1,66.7,0.0,0.0,66.7,0.07
pp_1,60.8,0.0,10.0,70.8,0.07
pp_1,56.9,0.0,0.0,56.9,0.07
pp_1,56.6,10.0,0.0,66.6,0.07
pp_1,60.7,0.0,10.0,70.7,0.07
pp_1,56.6,0.0,10.0,66.6,0.07
pp_1,56.6,10.0,0.0,66.6,0.07
pp_1,60.7,0.0,10.0,70.7,0.07
pp_1,58.3,0.0,0.0,58.3,0.07
pp_1,47.3,10.0,0.0,57.3,0.07
pp_1,61.0,0.0,0.0,61.0,0.07
pp_1,66.6,0.0,0.0,66.6,0.07
pp_1,59.5,0.0,0.0,59.5,0.07
pp_1,61.3,0.0,0.0,61.3,0.07
pp_1,57.0,0.0,0.0,57.0,0.07
pp_1,56.8,0.0,10.0,66.8,0.07
pp_1,60.8,0.0,0.0,60.8,0.07
pp_1,56.8,0.0,0.0,56.8,0.07
pp_1,57.3,0.0,0.0,57.3,0.07
pp_1,60.8,0.0,10.0,70.8,0.07
pp_1,56.8,0.0,0.0,56.8,0.07
pp_1,56.7,0.0,10.0,66.7,0.0
pp_1,60.6,0.0,0.0,60.6,10.84
pp_1,58.1,0.0,10.0,68.1,15.04
pp_1,58.9,0.0,0.0,58.9,20.27
pp_1,61.6,0.0,0.0,61.6,18.93
pp_1,56.9,0.0,0.0,56.9,18.14
pp_1,66.6,0.0,0.0,66.6,9.07
pp_1,60.7,0.0,0.0,60.7,3.97
pp_1,56.9,0.0,0.0,56.9,1.61
pp_1,47.3,0.0,0.0,47.3,1.81
pp_1,60.9,0.0,10.0,70.9,4.09
pp_1,56.6,0.0,0.0,56.6,4.86
pp_1,56.7,10.0,0.0,66.7,5.72
pp_1,60.6,0.0,0.0,60.6,4.68
pp_1,56.6,0.0,0.0,56.6,3.61
pp_1,58.5,0.0,0.0,58.5,3.66
pp_1,62.4,0.0,10.0,72.4,3.5
pp_1,56.7,0.0,0.0,56.7,3.72
pp_1,56.6,0.0,10.0,66.6,3.3
pp_1,60.7,0.0,0.0,60.7,2.85
pp_1,56.6,0.0,10.0,66.6,2.51
pp_1,58.3,0.0,0.0,58.3,2.47
pp_1,60.8,0.0,0.0,60.8,2.52
pp_1,57.1,0.0,0.0,57.1,2.18
pp_1,57.2,0.0,0.0,57.2,1.87
pp_1,60.9,0.0,0.0,60.9,1.61
pp_1,56.9,0.0,0.0,56.9,1.17
pp_1,66.7,0.0,0.0,66.7,1.02
pp_1,60.7,0.0,0.0,60.7,1.16
pp_1,56.9,0.0,0.0,56.9,1.1
pp_1,56.7,10.0,0.0,66.7,0.86
pp_1,61.7,0.0,10.0,71.7,0.48
pp_1,57.5,0.0,10.0,67.5,0.37
pp_1,58.3,0.0,0.0,58.3,0.49
pp_1,60.8,0.0,10.0,70.8,0.55
pp_1,56.8,0.0,10.0,66.8,0.79
pp_1,66.9,0.0,0.0,66.9,0.73
pp_1,60.9,0.0,10.0,70.9,0.59
pp_1,56.7,0.0,0.0,56.7,0.31
pp_reset,56.6,0.0,10.0,66.6,0.36
pp_reset,62.3,0.0,0.0,62.3,0.43
pp_reset,61.8,0.0,0.0,61.8,0.25
pp_reset,59.8,0.0,0.0,59.8,0.34
pp_reset,60.7,0.0,10.0,70.7,0.56
pp_reset,56.9,0.0,10.0,66.9,0.42
pp_reset,66.7,0.0,0.0,66.7,0.41
pp_reset,60.6,0.0,0.0,60.6,0.71
pp_reset,56.7,0.0,0.0,56.7,0.73
pp_reset,56.6,10.0,0.0,66.6,0.6
pp_reset,60.8,0.0,0.0,60.8,1.4
pp_reset,57.1,0.0,10.0,67.1,2.57
pp_reset,56.9,0.0,10.0,66.9,3.31
pp_reset,60.6,0.0,10.0,70.6,5.71
pp_reset,56.8,0.0,0.0,56.8,11.25
pp_reset,56.8,10.0,0.0,66.8,10.99
pp_reset,60.9,0.0,0.0,60.9,10.46
pp_reset,56.9,0.0,0.0,56.9,12.02
pp_reset,56.7,0.0,10.0,66.7,9.21
pp_reset,61.3,0.0,10.0,71.3,5.96
pp_reset,56.7,0.0,10.0,66.7,5.07
pp_reset,66.9,0.0,0.0,66.9,3.56
pp_reset,60.7,0.0,0.0,60.7,2.47
pp_reset,56.6,0.0,10.0,66.6,1.18
pp_reset,56.7,0.0,10.0,66.7,3.42
pp_reset,60.7,0.0,0.0,60.7,4.8
pp_reset,56.6,0.0,0.0,56.6,5.38
pp_reset,56.8,0.0,10.0,66.8,5.38
pp_reset,60.6,0.0,10.0,70.6,4.9
pp_reset,56.9,0.0,10.0,66.9,4.45
pp_reset,66.8,0.0,0.0,66.8,3.96
pp_reset,62.0,0.0,10.0,72.0,3.36
pp_reset,56.8,0.0,0.0,56.8,3.06
pp_reset,56.7,10.0,0.0,66.7,2.53
pp_reset,60.7,0.0,0.0,60.7,2.19
pp_reset,57.1,0.0,0.0,57.1,1.89
pp_reset,48.1,0.0,10.0,58.1,1.57
pp_reset,60.6,0.0,0.0,60.6,1.52
pp_reset,56.8,0.0,0.0,56.8,1.84
pp_reset,56.9,0.0,10.0,66.9,2.06
pp_reset,60.6,0.0,10.0,70.6,1.95
pp_reset,56.6,0.0,0.0,56.6,2.25
pp_reset,66.7,0.0,0.0,66.7,1.71
pp_reset,60.7,0.0,0.0,60.7,1.39
pp_reset,57.0,0.0,10.0,67.0,0.8
pp_reset,66.7,0.0,0.0,66.7,1.29
pp_reset,61.0,0.0,0.0,61.0,1.31
pp_reset,56.7,0.0,0.0,56.7,1.46
pp_reset,56.6,0.0,10.0,66.6,1.48
pp_reset,60.7,0.0,0.0,60.7,2.19
pp_reset,56.8,0.0,0.0,56.8,2.94
pp_reset,48.4,0.0,10.0,58.4,2.92
pp_reset,60.7,0.0,0.0,60.7,4.06
pp_reset,56.9,0.0,0.0,56.9,0.56
pp_reset,56.8,10.0,0.0,66.8,2.16
pp_reset,60.6,0.0,10.0,70.6,3.82
pp_reset,56.7,0.0,10.0,66.7,2.53
pp_reset,56.9,0.0,10.0,66.9,2.39
pp_reset,60.7,0.0,0.0,60.7,2.37
pp_reset,56.7,0.0,0.0,56.7,2.36
pp_2,256.6,10.0,0.0,266.6,3.82
pp_2,61.1,0.0,0.0,61.1,6.45
pp_2,56.9,0.0,0.0,56.9,5.5
pp_2,56.7,0.0,10.0,66.7,4.42
pp_2,62.4,0.0,10.0,72.4,3.53
pp_2,59.8,0.0,0.0,59.8,2.98
pp_2,60.5,0.0,0.0,60.5,2.51
pp_2,50.7,10.0,0.0,60.7,2.1
pp_2,57.5,0.0,0.0,57.5,1.75
pp_2,57.8,0.0,0.0,57.8,1.37
pp_2,60.8,0.0,0.0,60.8,1.13
pp_2,56.9,0.0,0.0,56.9,0.92
pp_2,56.9,0.0,10.0,66.9,0.69
pp_2,60.9,0.0,0.0,60.9,0.55
pp_2,56.9,0.0,0.0,56.9,0.44
pp_2,56.8,0.0,10.0,66.8,0.32
pp_2,60.7,0.0,0.0,60.7,0.25
pp_2,56.7,0.0,10.0,66.7,0.2
pp_2,66.9,0.0,0.0,66.9,0.18
pp_2,60.6,0.0,0.0,60.6,0.19
pp_2,56.8,0.0,10.0,66.8,0.21
pp_2,47.6,0.0,10.0,57.6,0.23
pp_2,61.8,0.0,0.0,61.8,0.25
pp_2,66.8,0.0,0.0,66.8,0.26
pp_2,56.7,10.0,0.0,66.7,0.29
pp_2,60.8,0.0,0.0,60.8,0.3
pp_2,56.7,0.0,10.0,66.7,0.32
pp_2,56.7,10.0,0.0,66.7,0.33
pp_2,60.6,0.0,0.0,60.6,0.34
pp_2,58.3,0.0,10.0,68.3,0.35
pp_2,58.0,0.0,0.0,58.0,0.36
pp_2,61.1,0.0,10.0,71.1,0.36
pp_2,57.8,0.0,0.0,57.8,0.37
pp_2,56.7,0.0,10.0,66.7,0.37
pp_2,61.2,0.0,0.0,61.2,0.38
pp_2,56.9,0.0,10.0,66.9,0.38
pp_2,57.8,0.0,0.0,57.8,0.38
pp_2,60.8,0.0,10.0,70.8,0.39
pp_2,56.8,0.0,0.0,56.8,0.39
pp_2,58.0,0.0,0.0,58.0,0.39
pp_2,60.9,0.0,0.0,60.9,0.39
pp_2,56.8,0.0,0.0,56.8,0.39
pp_2,66.7,0.0,0.0,66.7,0.39
pp_2,61.0,0.0,0.0,61.0,0.39
pp_2,56.8,0.0,0.0,56.8,0.39
pp_2,66.7,0.0,10.0,76.7,0.4
pp_2,61.6,0.0,0.0,61.6,0.4
pp_2,56.9,0.0,10.0,66.9,0.4
pp_2,56.8,0.0,10.0,66.8,0.4
pp_2,60.7,0.0,0.0,60.7,0.4
pp_2,57.5,0.0,0.0,57.5,0.4
pp_2,56.9,10.0,0.0,66.9,0.4
pp_2,60.8,0.0,0.0,60.8,0.4
pp_2,57.3,0.0,10.0,67.3,0.0
pp_2,57.8,0.0,0.0,57.8,11.86
pp_2,61.9,0.0,0.0,61.9,15.05
pp_2,57.8,0.0,10.0,67.8,16.64
pp_2,56.9,0.0,10.0,66.9,16.74
pp_2,60.9,0.0,0.0,60.9,17.75
pp_2,57.4,0.0,0.0,57.4,17.88
pp_2,48.5,10.0,0.0,58.5,16.87
pp_2,60.6,0.0,10.0,70.6,13.46
pp_2,59.5,0.0,0.0,59.5,12.47
pp_2,59.8,0.0,0.0,59.8,8.0
pp_2,60.7,0.0,0.0,60.7,4.61
pp_2,56.8,0.0,0.0,56.8,3.75
pp_2,56.6,0.0,10.0,66.6,1.4
pp_2,60.6,0.0,0.0,60.6,0.87
pp_2,56.7,0.0,0.0,56.7,1.97
pp_2,66.8,0.0,0.0,66.8,5.35
pp_2,61.0,0.0,0.0,61.0,6.57
pp_2,56.7,0.0,0.0,56.7,7.26
pp_2,57.8,0.0,0.0,57.8,7.79
pp_2,60.6,0.0,0.0,60.6,8.9
pp_2,56.8,0.0,0.0,56.8,10.3
pp_2,47.7,0.0,10.0,57.7,10.03
pp_2,60.6,0.0,10.0,70.6,8.71
pp_2,56.6,0.0,10.0,66.6,9.18
pp_2,56.9,10.0,0.0,66.9,8.22
pp_2,60.6,0.0,0.0,60.6,7.56
pp_2,56.7,0.0,0.0,56.7,7.24
pp_2,66.8,0.0,0.0,66.8,4.86
pp_2,60.8,0.0,0.0,60.8,4.23
pp_2,57.2,0.0,0.0,57.2,3.5
pp_2,66.9,0.0,0.0,66.9,1.31
pp_2,61.0,0.0,0.0,61.0,1.47
pp_2,49.6,0.0,0.0,49.6,2.61
pp_2,58.3,0.0,0.0,58.3,4.13
pp_2,61.9,0.0,0.0,61.9,4.79
pp_2,57.4,0.0,10.0,67.4,5.12
pp_2,67.0,0.0,0.0,67.0,5.56
pp_2,60.5,0.0,0.0,60.5,7.04
pp_2,57.0,10.0,0.0,67.0,8.08
pp_2,60.4,0.0,0.0,60.4,8.77
pp_2,61.0,0.0,10.0,71.0,7.55
pp_2,57.1,0.0,0.0,57.1,8.72
pp_2,66.6,0.0,0.0,66.6,6.78
pp_2,60.9,0.0,0.0,60.9,6.39
pp_2,56.7,0.0,0.0,56.7,6.56
pp_2,56.5,0.0,10.0,66.5,4.91
pp_2,61.1,0.0,0.0,61.1,4.37
pp_2,56.6,0.0,0.0,56.6,3.83
pp_2,66.8,0.0,0.0,66.8,1.61
pp_2,60.7,0.0,0.0,60.7,0.79
pp_2,57.0,0.0,0.0,57.0,0.94
pp_2,57.7,0.0,0.0,57.7,1.56
pp_2,60.7,0.0,0.0,60.7,1.28
pp_2,57.2,0.0,10.0,67.2,0.99
pp_2,66.8,0.0,0.0,66.8,0.47
pp_2,60.8,0.0,10.0,70.8,0.34
pp_2,56.7,0.0,10.0,66.7,1.15
pp_2,66.8,0.0,0.0,66.8,1.19
pp_2,60.7,0.0,0.0,60.7,0.7
pp_2,56.6,0.0,0.0,56.6,0.33
pp_2,56.7,0.0,10.0,66.7,1.64
pp_2,60.6,0.0,10.0,70.6,2.35
pp_2,57.5,0.0,0.0,57.5,2.19
pp_2,56.8,0.0,10.0,66.8,1.69
pp_2,60.6,0.0,10.0,70.6,0.72
pp_2,56.7,0.0,0.0,56.7,1.04
pp_2,56.6,0.0,10.0,66.6,2.46
pp_2,60.7,0.0,0.0,60.7,4.69
pp_2,57.1,0.0,10.0,67.1,6.99
pp_2,58.4,0.0,0.0,58.4,9.79
pp_2,60.6,0.0,0.0,60.6,12.63
pp_2,56.8,0.0,10.0,66.8,12.18
pp_2,66.8,0.0,0.0,66.8,11.63
pp_2,60.6,0.0,0.0,60.6,9.68
pp_2,56.7,0.0,0.0,56.7,7.19
pp_2,66.8,0.0,0.0,66.8,2.02
pp_2,60.9,0.0,0.0,60.9,1.28
pp_2,58.4,0.0,0.0,58.4,3.63
pp_2,47.3,0.0,10.0,57.3,5.52
pp_2,61.7,0.0,0.0,61.7,7.24
pp_2,58.0,0.0,0.0,58.0,7.32
pp_2,56.8,0.0,10.0,66.8,6.63
pp_2,60.6,0.0,10.0,70.6,5.14
pp_2,56.9,0.0,10.0,66.9,4.93
pp_2,66.8,0.0,0.0,66.8,4.79
pp_2,60.9,0.0,0.0,60.9,4.71
pp_2,66.8,0.0,0.0,66.8,4.61
pp_2,59.9,0.0,0.0,59.9,4.56
pp_2,60.8,0.0,0.0,60.8,4.51
pp_2,56.6,0.0,0.0,56.6,4.46
pp_2,57.0,10.0,0.0,67.0,4.42
pp_2,62.5,0.0,0.0,62.5,4.39
pp_2,58.0,0.0,10.0,68.0,4.36
pp_2,58.3,0.0,0.0,58.3,4.34
pp_2,60.9,0.0,0.0,60.9,4.32
pp_2,57.1,0.0,0.0,57.1,4.3
pp_2,67.0,0.0,0.0,67.0,4.29
pp_2,60.8,0.0,0.0,60.8,4.28
pp_2,56.8,0.0,0.0,56.8,4.27
pp_2,66.8,0.0,0.0,66.8,4.26
pp_2,62.0,0.0,0.0,62.0,4.25
pp_2,58.1,0.0,0.0,58.1,4.25
pp_2,48.0,10.0,0.0,58.0,4.24
pp_2,60.8,0.0,0.0,60.8,4.24
pp_2,57.0,0.0,0.0,57.0,4.24
pp_2,56.7,0.0,10.0,66.7,4.23
pp_2,61.0,0.0,10.0,71.0,4.23
pp_2,56.7,0.0,0.0,56.7,4.23
pp_2,56.9,0.0,10.0,66.9,4.23
pp_2,61.2,0.0,0.0,61.2,0.0
pp_2,62.0,0.0,0.0,62.0,3.79
pp_2,61.2,0.0,10.0,71.2,3.91
pp_2,62.2,0.0,0.0,62.2,3.48
pp_2,58.2,0.0,10.0,68.2,0.73
pp_2,48.9,10.0,0.0,58.9,1.68
pp_2,60.5,0.0,0.0,60.5,3.59
pp_2,56.7,0.0,0.0,56.7,4.65
pp_2,57.5,0.0,0.0,57.5,4.2
pp_2,60.8,0.0,10.0,70.8,5.79
pp_2,57.4,0.0,0.0,57.4,9.89
pp_2,56.8,10.0,0.0,66.8,10.05
pp_2,60.9,0.0,0.0,60.9,8.32
pp_2,57.0,0.0,0.0,57.0,9.16
pp_2,57.0,0.0,10.0,67.0,5.7
pp_2,61.0,0.0,0.0,61.0,4.05
pp_2,57.0,0.0,0.0,57.0,2.96
pp_2,56.6,0.0,10.0,66.6,1.81
pp_2,62.0,0.0,0.0,62.0,2.34
pp_2,57.0,0.0,0.0,57.0,3.56
pp_2,56.9,0.0,10.0,66.9,3.85
pp_2,60.6,0.0,0.0,60.6,4.67
pp_2,56.6,0.0,10.0,66.6,4.91
pp_2,59.2,0.0,0.0,59.2,5.24
pp_2,60.8,0.0,10.0,70.8,4.52
pp_2,56.7,0.0,10.0,66.7,4.86
pp_2,60.0,0.0,0.0,60.0,4.8
pp_2,62.1,0.0,10.0,72.1,3.61
pp_2,56.6,0.0,0.0,56.6,3.84
pp_2,56.9,0.0,10.0,66.9,2.36
pp_2,62.0,0.0,0.0,62.0,1.54
pp_2,57.1,0.0,0.0,57.1,0.99
pp_2,56.7,0.0,10.0,66.7,1.95
pp_2,60.9,0.0,0.0,60.9,2.67
pp_2,56.9,0.0,0.0,56.9,4.04
pp_2,56.6,0.0,10.0,66.6,4.52
pp_2,60.8,0.0,0.0,60.8,4.8
pp_2,56.9,0.0,10.0,66.9,3.73
pp_2,66.8,0.0,0.0,66.8,2.92
pp_2,61.9,0.0,0.0,61.9,2.59
pp_2,56.9,0.0,0.0,56.9,2.53
pp_2,48.0,10.0,0.0,58.0,2.5
pp_2,60.6,0.0,0.0,60.6,2.33
pp_2,56.7,0.0,10.0,66.7,1.93
pp_2,57.9,0.0,0.0,57.9,1.68
pp_2,60.5,0.0,0.0,60.5,1.73
pp_2,56.7,0.0,0.0,56.7,2.14
pp_2,57.4,0.0,0.0,57.4,1.88
pp_2,61.0,0.0,0.0,61.0,1.9
pp_2,56.8,0.0,0.0,56.8,1.85
pp_2,56.8,0.0,10.0,66.8,1.44
pp_2,61.6,0.0,0.0,61.6,1.64
pp_2,57.1,0.0,0.0,57.1,1.81
pp_2,66.8,0.0,0.0,66.8,1.7
pp_2,60.9,0.0,0.0,60.9,1.7
pp_2,56.7,0.0,0.0,56.7,1.74
pp_2,56.8,0.0,10.0,66.8,1.79
pp_2,61.1,0.0,0.0,61.1,1.87
pp_2,56.7,0.0,0.0,56.7,1.86
pp_2,56.7,10.0,0.0,66.7,1.76
pp_2,60.8,0.0,0.0,60.8,1.74
pp_2,57.0,0.0,0.0,57.0,1.82
pp_2,56.8,0.0,10.0,66.8,1.92
pp_2,61.2,0.0,10.0,71.2,2.04
pp_2,58.6,0.0,0.0,58.6,2.54
pp_2,56.9,0.0,10.0,66.9,2.07
pp_2,60.5,0.0,0.0,60.5,1.56
pp_2,58.5,0.0,0.0,58.5,1.33
pp_2,56.6,0.0,10.0,66.6,0.82
pp_2,60.8,0.0,0.0,60.8,0.67
pp_2,56.8,0.0,0.0,56.8,0.52
pp_2,56.7,0.0,10.0,66.7,3.69
pp_2,60.7,0.0,0.0,60.7,7.11
pp_2,56.8,0.0,0.0,56.8,9.19
pp_2,56.9,10.0,0.0,66.9,8.23
pp_2,60.8,0.0,10.0,70.8,6.7
pp_2,56.6,0.0,0.0,56.6,7.34
pp_2,58.0,0.0,0.0,58.0,5.17
pp_2,61.0,0.0,0.0,61.0,4.82
pp_2,56.9,10.0,0.0,66.9,3.52
pp_2,60.8,0.0,0.0,60.8,3.13
pp_2,60.9,0.0,0.0,60.9,3.79
pp_2,49.4,0.0,0.0,49.4,4.1
pp_2,57.0,0.0,10.0,67.0,2.41
pp_2,61.0,0.0,10.0,71.0,0.88
pp_2,57.2,0.0,0.0,57.2,1.91
pp_2,47.5,0.0,10.0,57.5,1.23
pp_2,62.0,0.0,10.0,72.0,0.98
pp_2,57.5,0.0,0.0,57.5,1.09
pp_2,56.8,0.0,10.0,66.8,1.52
pp_2,61.0,0.0,0.0,61.0,1.62
pp_2,58.2,0.0,0.0,58.2,2.07
pp_2,58.1,0.0,0.0,58.1,2.12
pp_2,61.0,0.0,0.0,61.0,1.32
pp_2,57.8,0.0,10.0,67.8,1.28
pp_2,66.8,0.0,0.0,66.8,1.15
pp_2,61.7,0.0,0.0,61.7,1.29
pp_2,57.1,0.0,0.0,57.1,1.0
pp_2,66.7,0.0,0.0,66.7,1.31
pp_2,61.1,0.0,10.0,71.1,1.69
pp_2,56.9,0.0,0.0,56.9,1.99
pp_2,56.7,0.0,10.0,66.7,2.09
pp_2,60.9,0.0,0.0,60.9,2.43
pp_2,56.8,0.0,0.0,56.8,3.37
pp_2,56.6,10.0,0.0,66.6,3.63
pp_2,60.6,0.0,10.0,70.6,3.69
pp_2,56.5,0.0,0.0,56.5,5.57
pp_2,66.7,0.0,0.0,66.7,5.18
pp_2,60.7,0.0,0.0,60.7,5.23
pp_2,56.8,0.0,0.0,56.8,5.38
pp_2,56.7,0.0,10.0,66.7,3.77
pp_2,60.7,0.0,0.0,60.7,3.08
pp_2,56.9,0.0,0.0,56.9,2.18
pp_2,56.9,0.0,10.0,66.9,0.66
pp_2,61.1,0.0,10.0,71.1,0.88
pp_2,56.8,0.0,10.0,66.8,1.29
pp_2,56.7,0.0,10.0,66.7,1.4
pp_2,60.8,0.0,0.0,60.8,1.49
pp_2,56.6,0.0,10.0,66.6,1.66
pp_2,56.6,10.0,0.0,66.6,1.75
pp_2,61.0,0.0,0.0,61.0,1.94
pp_2,56.9,0.0,0.0,56.9,2.28
pp_2,57.9,0.0,0.0,57.9,2.62
pp_2,72.5,0.0,0.0,72.5,2.68
pp_2,61.2,0.0,0.0,61.2,3.15
pp_2,61.2,0.0,0.0,61.2,3.65
pp_2,61.0,0.0,0.0,61.0,4.03
pp_2,60.1,0.0,0.0,60.1,3.97
pp_2,59.9,0.0,0.0,59.9,3.7
pp_2,60.8,0.0,0.0,60.8,3.72
pp_2,57.1,0.0,10.0,67.1,3.41
pp_2,56.8,0.0,10.0,66.8,2.83
pp_2,61.0,0.0,10.0,71.0,3.2
pp_2,57.6,0.0,0.0,57.6,4.28
pp_2,56.6,10.0,0.0,66.6,3.44
pp_2,60.9,0.0,0.0,60.9,3.82
pp_2,56.7,0.0,10.0,66.7,4.11
pp_2,56.7,0.0,10.0,66.7,5.16
pp_2,60.6,0.0,0.0,60.6,8.41
pp_2,56.9,0.0,0.0,56.9,13.81
pp_2,66.6,0.0,0.0,66.6,13.92
pp_2,60.7,0.0,10.0,70.7,14.17
pp_2,56.8,0.0,0.0,56.8,7.59
pp_2,66.7,0.0,0.0,66.7,4.33
pp_2,50.7,10.0,0.0,60.7,4.48
pp_2,56.6,0.0,0.0,56.6,4.61
pp_2,66.9,0.0,0.0,66.9,4.75
pp_2,60.6,0.0,10.0,70.6,4.87
pp_2,56.7,0.0,10.0,66.7,4.94
pp_2,66.6,0.0,0.0,66.6,5.0
pp_2,61.9,0.0,10.0,71.9,5.08
pp_2,58.6,0.0,0.0,58.6,5.11
pp_2,57.9,0.0,0.0,57.9,5.16
pp_2,60.8,0.0,10.0,70.8,5.2
pp_2,56.8,0.0,0.0,56.8,5.22
pp_2,56.7,0.0,10.0,66.7,5.26
pp_2,60.8,0.0,0.0,60.8,5.28
pp_2,56.9,0.0,10.0,66.9,5.3
pp_2,56.7,0.0,10.0,66.7,5.31
pp_2,60.8,0.0,0.0,60.8,5.33
pp_2,57.1,0.0,10.0,67.1,5.34
pp_2,66.7,0.0,0.0,66.7,5.35
pp_2,61.6,0.0,10.0,71.6,5.36
pp_2,56.9,0.0,10.0,66.9,5.36
pp_2,66.6,0.0,0.0,66.6,5.37
pp_2,60.7,0.0,0.0,60.7,5.37
pp_2,56.6,0.0,0.0,56.6,5.38
pp_2,56.6,0.0,10.0,66.6,5.38
pp_2,61.1,0.0,10.0,71.1,0.0
pp_2,56.8,0.0,10.0,66.8,10.31
pp_2,66.6,0.0,0.0,66.6,14.34
pp_2,60.8,0.0,10.0,70.8,16.29
pp_2,57.0,0.0,0.0,57.0,18.55
pp_2,56.6,0.0,10.0,66.6,8.7
pp_2,60.8,0.0,0.0,60.8,4.01
pp_2,57.0,0.0,10.0,67.0,1.72
pp_2,67.1,0.0,0.0,67.1,3.6
pp_2,60.9,0.0,10.0,70.9,5.76
pp_2,68.5,0.0,0.0,68.5,7.02
pp_2,60.7,0.0,0.0,60.7,7.69
pp_2,61.1,0.0,10.0,71.1,6.63
pp_2,56.8,0.0,0.0,56.8,6.85
pp_2,66.6,0.0,0.0,66.6,6.18
pp_2,60.9,0.0,0.0,60.9,6.4
pp_2,56.7,0.0,0.0,56.7,6.86
pp_2,66.6,0.0,0.0,66.6,6.33
pp_2,61.9,0.0,10.0,71.9,6.46
pp_2,56.7,0.0,0.0,56.7,8.13
pp_2,56.6,0.0,10.0,66.6,7.25
pp_2,60.9,0.0,0.0,60.9,6.04
pp_2,57.9,0.0,0.0,57.9,5.83
pp_2,56.9,0.0,10.0,66.9,4.39
pp_2,60.7,0.0,0.0,60.7,3.97
pp_2,56.8,0.0,10.0,66.8,3.32
pp_2,47.8,0.0,10.0,57.8,3.46
pp_2,61.8,0.0,10.0,71.8,3.06
pp_2,56.7,0.0,0.0,56.7,4.22
pp_2,48.3,0.0,10.0,58.3,3.27
pp_2,60.6,0.0,0.0,60.6,3.05
pp_2,57.0,0.0,10.0,67.0,2.41
pp_2,66.6,0.0,0.0,66.6,2.1
pp_2,60.6,0.0,0.0,60.6,1.84
pp_2,56.8,0.0,0.0,56.8,1.6
pp_2,66.6,0.0,0.0,66.6,0.72
pp_2,62.0,0.0,10.0,72.0,0.29
pp_2,56.8,0.0,0.0,56.8,0.85
pp_2,56.5,0.0,10.0,66.5,0.6
pp_2,60.7,0.0,0.0,60.7,0.45
pp_2,56.6,0.0,10.0,66.6,0.61
pp_2,56.9,0.0,10.0,66.9,0.82
pp_2,60.9,0.0,10.0,70.9,1.31
pp_2,56.6,0.0,0.0,56.6,2.85
pp_2,56.7,0.0,10.0,66.7,2.26
pp_2,62.0,0.0,10.0,72.0,1.27
pp_2,56.8,0.0,10.0,66.8,1.12
pp_2,60.3,0.0,0.0,60.3,1.05
pp_2,60.6,0.0,10.0,70.6,0.89
pp_2,56.6,0.0,0.0,56.6,0.86
pp_2,56.7,0.0,10.0,66.7,0.68
pp_2,61.0,0.0,10.0,71.0,1.02
pp_2,58.4,0.0,10.0,68.4,0.7
pp_2,48.6,0.0,10.0,58.6,1.07
pp_2,60.5,0.0,0.0,60.5,1.33
pp_2,57.0,0.0,0.0,57.0,1.53
pp_2,66.8,0.0,0.0,66.8,1.63
pp_2,60.8,0.0,0.0,60.8,1.66
pp_2,56.8,0.0,0.0,56.8,1.52
pp_2,56.8,10.0,0.0,66.8,1.3
pp_2,62.0,0.0,10.0,72.0,1.09
pp_2,58.2,0.0,0.0,58.2,1.07
pp_2,56.9,0.0,10.0,66.9,1.08
pp_2,60.8,0.0,10.0,70.8,0.95
pp_2,56.8,0.0,0.0,56.8,0.59
pp_2,56.6,0.0,10.0,66.6,0.35
pp_2,60.8,0.0,10.0,70.8,0.46
pp_2,57.5,0.0,0.0,57.5,0.4
pp_2,56.6,0.0,10.0,66.6,0.35
pp_2,60.7,0.0,10.0,70.7,0.15
pp_2,56.7,0.0,0.0,56.7,0.15
pp_2,66.8,0.0,0.0,66.8,0.23
pp_2,60.8,0.0,0.0,60.8,0.23
pp_2,56.8,0.0,0.0,56.8,0.38
pp_2,66.9,0.0,0.0,66.9,0.37
pp_2,61.0,0.0,10.0,71.0,0.45
pp_2,56.6,0.0,0.0,56.6,0.7
pp_2,56.7,0.0,10.0,66.7,0.83
pp_2,60.8,0.0,10.0,70.8,1.01
pp_2,56.7,0.0,0.0,56.7,1.64
pp_2,66.6,0.0,0.0,66.6,1.71
pp_2,62.0,0.0,0.0,62.0,2.34
pp_2,56.8,0.0,0.0,56.8,3.25
pp_2,56.5,10.0,0.0,66.5,3.32
pp_2,61.6,0.0,0.0,61.6,4.11
pp_2,56.8,0.0,10.0,66.8,3.91
pp_2,59.2,0.0,0.0,59.2,4.31
pp_2,61.2,0.0,0.0,61.2,4.57
pp_2,57.1,0.0,10.0,67.1,3.92
pp_2,56.9,10.0,0.0,66.9,3.47
pp_2,61.3,0.0,10.0,71.3,2.33
pp_2,56.6,0.0,0.0,56.6,3.23
pp_2,56.6,0.0,10.0,66.6,2.92
pp_2,60.6,0.0,0.0,60.6,2.18
pp_2,56.6,0.0,10.0,66.6,2.31
pp_2,56.8,0.0,10.0,66.8,1.67
pp_2,60.8,0.0,0.0,60.8,1.45
pp_2,57.6,0.0,0.0,57.6,1.24
pp_2,66.8,0.0,0.0,66.8,1.09
pp_2,60.7,0.0,10.0,70.7,0.95
pp_2,58.9,0.0,0.0,58.9,1.86
pp_2,66.6,0.0,0.0,66.6,1.47
pp_2,62.0,0.0,10.0,72.0,0.99
pp_2,56.8,0.0,0.0,56.8,1.26
pp_2,56.8,0.0,10.0,66.8,1.29
pp_2,60.9,0.0,10.0,70.9,1.33
pp_2,60.8,0.0,0.0,60.8,1.82
pp_2,61.1,0.0,0.0,61.1,0.97
pp_2,60.6,0.0,10.0,70.6,0.11
pp_2,56.8,0.0,0.0,56.8,0.56
pp_2,66.6,0.0,0.0,66.6,0.64
pp_2,62.3,0.0,10.0,72.3,0.68
pp_2,57.3,0.0,10.0,67.3,0.88
pp_2,56.7,0.0,10.0,66.7,0.85
pp_2,60.6,0.0,0.0,60.6,0.85
pp_2,57.0,0.0,0.0,57.0,0.77
pp_2,48.6,0.0,10.0,58.6,0.52
pp_2,61.9,0.0,10.0,71.9,0.54
pp_2,56.8,0.0,0.0,56.8,0.67
pp_2,56.6,0.0,10.0,66.6,0.92
pp_2,60.8,0.0,0.0,60.8,1.15
pp_2,56.6,10.0,0.0,66.6,1.0
pp_2,49.2,10.0,0.0,59.2,0.9
pp_2,60.9,0.0,0.0,60.9,0.82
pp_2,56.9,0.0,10.0,66.9,0.85
pp_2,66.6,0.0,0.0,66.6,0.91
pp_2,60.8,0.0,0.0,60.8,1.07
pp_2,57.2,0.0,10.0,67.2,0.91
pp_2,56.6,0.0,0.0,56.6,0.95
pp_2,60.9,0.0,10.0,70.9,0.94
pp_2,57.9,0.0,10.0,67.9,1.06
pp_2,57.0,0.0,10.0,67.0,1.15
pp_2,60.9,0.0,10.0,70.9,1.11
pp_2,58.4,0.0,0.0,58.4,1.3
pp_2,66.8,0.0,0.0,66.8,1.25
pp_2,60.9,0.0,10.0,70.9,1.27
pp_2,50.8,0.0,10.0,60.8,1.59
pp_2,48.8,10.0,0.0,58.8,1.87
pp_2,60.8,0.0,0.0,60.8,5.54
pp_2,58.1,10.0,0.0,68.1,9.5
pp_2,58.8,0.0,0.0,58.8,12.67
pp_2,60.5,0.0,0.0,60.5,14.7
pp_2,56.8,0.0,0.0,56.8,15.8
pp_2,66.6,0.0,0.0,66.6,12.97
pp_2,60.7,0.0,0.0,60.7,12.01
pp_2,56.7,0.0,0.0,56.7,11.35
pp_2,56.6,10.0,0.0,66.6,8.07
pp_2,61.6,0.0,10.0,71.6,8.16
pp_2,58.8,0.0,0.0,58.8,8.72
pp_2,56.6,10.0,0.0,66.6,7.16
pp_2,60.6,0.0,0.0,60.6,7.54
pp_2,59.1,0.0,10.0,69.1,7.46
pp_2,48.4,0.0,10.0,58.4,7.27
pp_2,60.8,0.0,0.0,60.8,7.66
pp_2,56.6,0.0,0.0,56.6,9.11
pp_2,56.9,10.0,0.0,66.9,7.0
pp_2,61.8,0.0,10.0,71.8,6.26
pp_2,57.0,0.0,0.0,57.0,6.83
pp_2,56.9,0.0,10.0,66.9,6.96
pp_2,62.3,0.0,0.0,62.3,7.11
pp_2,56.7,0.0,0.0,56.7,8.75
pp_2,66.5,0.0,0.0,66.5,10.43
pp_2,60.6,0.0,10.0,70.6,12.79
pp_2,56.7,0.0,0.0,56.7,18.3
pp_2,48.4,0.0,10.0,58.4,17.86
pp_2,60.9,0.0,0.0,60.9,16.71
pp_2,56.8,0.0,10.0,66.8,14.99
pp_2,58.7,0.0,0.0,58.7,15.14
pp_2,61.0,0.0,0.0,61.0,12.53
pp_2,56.7,0.0,10.0,66.7,7.62
pp_2,66.8,0.0,0.0,66.8,5.35
pp_2,60.8,0.0,10.0,70.8,2.52
pp_2,56.7,0.0,0.0,56.7,4.95
pp_2,56.8,0.0,10.0,66.8,2.77
pp_2,61.0,0.0,10.0,71.0,1.74
pp_2,56.8,0.0,10.0,66.8,1.66
pp_2,48.6,10.0,0.0,58.6,2.01
pp_2,60.9,0.0,10.0,70.9,3.82
pp_2,56.9,0.0,10.0,66.9,2.85
pp_2,56.7,0.0,10.0,66.7,3.86
pp_2,60.7,0.0,10.0,70.7,4.54
pp_2,56.8,0.0,0.0,56.8,3.83
pp_2,56.7,0.0,10.0,66.7,3.73
pp_2,61.1,0.0,10.0,71.1,3.3
pp_2,57.0,0.0,0.0,57.0,4.47
pp_2,56.7,0.0,10.0,66.7,4.37
pp_2,60.7,0.0,0.0,60.7,5.58
pp_2,56.8,0.0,10.0,66.8,7.44
pp_2,66.7,0.0,0.0,66.7,6.22
pp_2,60.9,0.0,0.0,60.9,6.97
pp_2,57.0,0.0,0.0,57.0,7.24
pp_2,66.6,0.0,0.0,66.6,4.77
pp_2,61.2,0.0,10.0,71.2,2.81
pp_2,56.6,0.0,0.0,56.6,4.34
pp_2,56.6,0.0,10.0,66.6,2.25
pp_2,61.9,0.0,0.0,61.9,1.9
pp_2,56.8,0.0,0.0,56.8,2.3
pp_2,66.8,0.0,0.0,66.8,1.15
pp_2,60.9,0.0,0.0,60.9,1.81
pp_2,58.5,0.0,10.0,68.5,1.85
pp_2,60.5,0.0,0.0,60.5,3.02
pp_2,61.1,0.0,0.0,61.1,4.15
pp_2,57.1,0.0,0.0,57.1,5.73
pp_2,57.2,0.0,0.0,57.2,6.76
pp_2,60.8,0.0,10.0,70.8,2.53
pp_2,58.2,0.0,0.0,58.2,4.44
pp_2,57.2,10.0,0.0,67.2,2.13
pp_2,61.0,0.0,10.0,71.0,1.35
pp_2,68.4,0.0,0.0,68.4,1.97
pp_2,61.7,0.0,0.0,61.7,2.44
pp_2,60.5,0.0,0.0,60.5,2.58
pp_2,56.8,0.0,10.0,66.8,2.87
pp_2,58.4,0.0,0.0,58.4,3.24
pp_2,60.9,0.0,0.0,60.9,3.71
pp_2,56.8,0.0,0.0,56.8,3.97
pp_2,56.7,0.0,10.0,66.7,4.72
pp_2,60.8,0.0,0.0,60.8,4.81
pp_2,60.0,0.0,0.0,60.0,5.08
pp_2,62.7,0.0,10.0,72.7,4.95
pp_2,61.6,0.0,10.0,71.6,4.64
pp_2,56.8,0.0,0.0,56.8,4.89
pp_2,56.6,0.0,10.0,66.6,4.91
pp_2,61.5,0.0,0.0,61.5,5.66
pp_2,56.7,0.0,10.0,66.7,6.71
pp_2,66.9,0.0,0.0,66.9,7.84
pp_2,61.9,0.0,10.0,71.9,7.76
pp_2,58.1,0.0,10.0,68.1,10.05
pp_2,59.8,0.0,0.0,59.8,10.74
pp_2,61.9,0.0,10.0,71.9,8.7
pp_2,57.2,0.0,0.0,57.2,10.0
pp_2,48.3,10.0,0.0,58.3,6.19
pp_2,60.8,0.0,0.0,60.8,4.71
pp_2,57.0,0.0,10.0,67.0,3.97
pp_2,56.6,10.0,0.0,66.6,3.14
pp_2,60.8,0.0,0.0,60.8,3.6
pp_2,57.2,0.0,10.0,67.2,4.5
pp_2,66.9,0.0,0.0,66.9,5.05
pp_2,60.7,0.0,10.0,70.7,5.24
pp_2,57.0,10.0,0.0,67.0,5.63
pp_2,85.6,10.0,0.0,95.6,5.17
pp_2,91.6,0.0,0.0,91.6,5.23
pp_2,90.2,0.0,10.0,100.2,5.43
pp_2,81.4,0.0,0.0,81.4,4.89
pp_2,80.0,10.0,0.0,90.0,3.06
pp_2,84.7,0.0,0.0,84.7,2.55
pp_2,103.3,0.0,10.0,113.3,1.6
pp_2,102.5,0.0,0.0,102.5,1.25
pp_2,58.6,0.0,10.0,68.6,0.49
pp_2,62.0,0.0,0.0,62.0,0.65
pp_2,61.1,0.0,0.0,61.1,1.08
pp_2,59.6,0.0,0.0,59.6,1.38
pp_2,56.6,0.0,10.0,66.6,1.83
pp_2,59.2,0.0,0.0,59.2,1.95
pp_2,57.9,0.0,10.0,67.9,2.02
pp_2,56.6,0.0,0.0,56.6,2.05
pp_2,66.6,0.0,0.0,66.6,2.15
pp_2,59.0,0.0,0.0,59.0,2.14
pp_2,56.8,0.0,0.0,56.8,2.08
pp_2,67.0,0.0,0.0,67.0,1.87
pp_2,58.6,0.0,0.0,58.6,1.89
pp_2,56.7,0.0,0.0,56.7,1.91
pp_2,66.8,0.0,0.0,66.8,1.61
pp_2,48.1,10.0,0.0,58.1,1.41
pp_2,56.8,0.0,0.0,56.8,1.28
pp_2,57.0,0.0,10.0,67.0,0.85
pp_2,47.0,0.0,10.0,57.0,0.8
pp_2,56.9,0.0,0.0,56.9,0.65
pp_2,58.7,0.0,0.0,58.7,0.41
pp_2,60.7,0.0,0.0,60.7,0.33
pp_2,58.0,0.0,0.0,58.0,0.27
pp_2,48.0,0.0,10.0,58.0,0.09
pp_2,57.1,0.0,0.0,57.1,0.03
pp_2,56.6,0.0,10.0,66.6,0.14
pp_2,61.4,0.0,10.0,71.4,0.24
pp_2,62.3,0.0,10.0,72.3,0.19
pp_2,57.7,0.0,0.0,57.7,0.33
pp_2,66.9,0.0,0.0,66.9,0.94
pp_2,47.4,0.0,10.0,57.4,2.13
pp_2,56.6,0.0,0.0,56.6,4.78
pp_2,56.8,0.0,10.0,66.8,7.44
pp_2,46.9,0.0,10.0,56.9,10.9
pp_2,56.6,0.0,0.0,56.6,14.91
pp_2,56.9,10.0,0.0,66.9,15.13
pp_2,57.2,0.0,0.0,57.2,19.18
pp_2,57.6,0.0,10.0,67.6,15.04
pp_2,48.9,0.0,10.0,58.9,17.12
pp_2,47.0,0.0,10.0,57.0,16.18
pp_2,57.0,0.0,0.0,57.0,14.21
pp_2,56.8,0.0,10.0,66.8,9.99
pp_2,46.8,0.0,10.0,56.8,12.47
pp_2,56.8,0.0,0.0,56.8,11.41
pp_2,56.8,0.0,10.0,66.8,7.68
pp_2,46.7,0.0,10.0,56.7,10.52
pp_2,56.8,0.0,0.0,56.8,9.74
pp_2,56.8,0.0,10.0,66.8,7.72
pp_2,47.1,0.0,10.0,57.1,12.11
pp_2,56.9,0.0,0.0,56.9,13.23
pp_2,66.6,0.0,0.0,66.6,12.79
pp_2,48.5,10.0,0.0,58.5,15.93
pp_2,56.9,0.0,0.0,56.9,16.0
pp_2,57.0,10.0,0.0,67.0,13.2
pp_2,46.9,0.0,10.0,56.9,15.41
pp_2,58.3,0.0,0.0,58.3,13.76
pp_2,48.0,10.0,0.0,58.0,13.05
pp_2,47.3,0.0,10.0,57.3,12.14
pp_2,56.6,0.0,0.0,56.6,11.05
pp_2,66.7,0.0,0.0,66.7,8.06
pp_2,59.3,0.0,0.0,59.3,9.76
pp_2,56.7,0.0,0.0,56.7,9.82
pp_2,66.7,0.0,0.0,66.7,6.79
pp_2,46.8,10.0,0.0,56.8,9.67
pp_2,56.6,0.0,0.0,56.6,9.49
pp_2,59.2,0.0,0.0,59.2,10.12
pp_2,47.3,0.0,10.0,57.3,6.91
pp_2,56.9,0.0,10.0,66.9,7.49
pp_2,59.6,0.0,0.0,59.6,7.25
pp_2,48.0,0.0,10.0,58.0,7.05
pp_2,56.7,0.0,0.0,56.7,6.89
pp_2,56.8,10.0,0.0,66.8,6.71
pp_2,56.7,0.0,0.0,56.7,6.61
pp_2,56.8,0.0,0.0,56.8,6.52
pp_2,67.7,0.0,0.0,67.7,6.42
pp_2,58.4,0.0,0.0,58.4,6.36
pp_2,56.8,0.0,0.0,56.8,6.31
pp_2,56.8,10.0,0.0,66.8,6.26
pp_2,46.7,0.0,0.0,46.7,6.23
pp_2,56.7,0.0,10.0,66.7,6.18
pp_2,49.5,10.0,0.0,59.5,6.16
pp_2,46.9,0.0,10.0,56.9,6.14
pp_2,58.1,0.0,0.0,58.1,6.13
pp_2,56.9,10.0,0.0,66.9,6.11
pp_2,47.0,0.0,0.0,47.0,6.1
pp_2,61.0,0.0,0.0,61.0,6.09
pp_2,56.9,0.0,10.0,66.9,6.07
pp_2,46.8,0.0,10.0,56.8,6.07
pp_2,72.0,0.0,0.0,72.0,6.06
pp_2,62.8,0.0,0.0,62.8,6.06
pp_2,62.8,0.0,0.0,62.8,6.05
pp_2,60.6,0.0,10.0,70.6,6.05
pp_2,57.1,0.0,10.0,67.1,6.04
pp_2,46.9,0.0,10.0,56.9,6.04
pp_2,60.8,0.0,0.0,60.8,6.04
pp_2,56.7,0.0,10.0,66.7,6.04
pp_2,46.7,0.0,0.0,46.7,6.04
pp_2,60.9,0.0,0.0,60.9,6.04
pp_2,56.8,0.0,10.0,66.8,6.03
pp_2,47.2,0.0,10.0,57.2,6.03
pp_2,60.6,0.0,0.0,60.6,6.03
pp_2,56.9,10.0,0.0,66.9,6.03
pp_2,47.3,0.0,10.0,57.3,6.03
pp_2,60.9,0.0,10.0,70.9,6.03
pp_2,67.0,0.0,0.0,67.0,6.03
pp_2,59.8,0.0,0.0,59.8,6.03
pp_2,60.7,0.0,0.0,60.7,6.03
pp_2,57.2,0.0,10.0,67.2,6.03
pp_2,46.7,0.0,10.0,56.7,6.03
pp_2,60.8,0.0,10.0,70.8,6.03
pp_2,59.6,0.0,0.0,59.6,6.03
pp_2,47.9,0.0,10.0,57.9,6.03
pp_2,60.8,0.0,0.0,60.8,6.03
pp_2,56.8,0.0,10.0,66.8,6.03
pp_2,47.1,0.0,10.0,57.1,6.03
pp_2,60.6,0.0,0.0,60.6,6.03
pp_2,66.8,0.0,0.0,66.8,6.03
pp_2,47.3,10.0,0.0,57.3,6.03
pp_2,60.6,0.0,10.0,70.6,6.03
pp_2,56.9,0.0,10.0,66.9,6.03
pp_2,47.2,10.0,0.0,57.2,6.03
pp_2,61.8,0.0,0.0,61.8,6.03
pp_2,56.8,0.0,10.0,66.8,6.03
pp_2,46.7,10.0,0.0,56.7,6.03
pp_2,60.9,0.0,0.0,60.9,6.03
pp_2,57.1,0.0,10.0,67.1,6.03
pp_2,46.8,0.0,10.0,56.8,6.03
pp_2,61.3,0.0,0.0,61.3,6.03
pp_2,66.8,0.0,0.0,66.8,6.03
pp_2,59.2,0.0,0.0,59.2,6.03
pp_2,62.1,0.0,0.0,62.1,6.03
pp_2,57.0,0.0,10.0,67.0,6.03
pp_2,58.0,0.0,0.0,58.0,6.03
pp_2,60.6,0.0,0.0,60.6,6.03
pp_2,56.6,0.0,10.0,66.6,6.03
pp_2,47.3,0.0,10.0,57.3,6.03
pp_2,62.0,0.0,0.0,62.0,6.03
pp_2,57.0,0.0,10.0,67.0,6.03
pp_2,47.2,0.0,10.0,57.2,6.03
pp_2,60.9,0.0,0.0,60.9,6.03
pp_2,66.8,0.0,0.0,66.8,6.03
pp_2,58.3,0.0,0.0,58.3,6.03
pp_2,60.7,0.0,10.0,70.7,6.03
pp_2,57.4,10.0,0.0,67.4,6.03
pp_2,47.0,0.0,10.0,57.0,6.03
pp_2,60.7,0.0,10.0,70.7,6.03
pp_2,60.0,0.0,0.0,60.0,6.03
pp_2,59.7,0.0,0.0,59.7,6.03
pp_2,60.8,0.0,0.0,60.8,6.03
pp_2,58.3,0.0,0.0,58.3,6.03
pp_2,60.6,0.0,0.0,60.6,6.03
pp_2,72.8,0.0,0.0,72.8,6.03
pp_2,60.2,0.0,0.0,60.2,6.03
pp_2,62.0,0.0,0.0,62.0,6.03
pp_2,70.9,0.0,0.0,70.9,6.03
pp_2,62.1,0.0,10.0,72.1,6.03
pp_2,74.2,0.0,0.0,74.2,6.03
pp_2,66.2,0.0,10.0,76.2,6.03
pp_2,63.3,0.0,0.0,63.3,6.03
pp_2,62.8,0.0,10.0,72.8,6.03
pp_2,65.7,0.0,10.0,75.7,6.03
pp_2,64.3,0.0,10.0,74.3,6.03
pp_2,63.1,0.0,0.0,63.1,6.03
pp_2,61.3,0.0,0.0,61.3,6.03
pp_2,58.1,0.0,0.0,58.1,6.03
pp_2,58.1,0.0,0.0,58.1,6.03
pp_2,70.7,0.0,0.0,70.7,6.03
pp_2,61.2,0.0,10.0,71.2,6.03
pp_2,62.8,10.0,0.0,72.8,6.03
pp_2,66.1,0.0,0.0,66.1,6.03
pp_2,61.0,0.0,0.0,61.0,6.03
pp_2,60.8,0.0,0.0,60.8,6.03
pp_2,61.6,0.0,10.0,71.6,6.03
pp_2,60.5,0.0,0.0,60.5,6.03
pp_2,60.1,0.0,0.0,60.1,6.03
pp_2,73.2,0.0,0.0,73.2,6.03
pp_2,60.7,0.0,10.0,70.7,6.03
pp_2,61.0,0.0,10.0,71.0,6.03
pp_2,60.7,0.0,0.0,60.7,6.03
pp_2,56.9,0.0,10.0,66.9,6.03
pp_2,57.8,0.0,0.0,57.8,6.03
pp_2,60.8,10.0,0.0,70.8,6.03
pp_2,59.4,0.0,10.0,69.4,6.03
pp_2,74.6,0.0,0.0,74.6,6.03
pp_2,66.0,0.0,10.0,76.0,6.03
pp_2,64.5,0.0,10.0,74.5,6.03
pp_2,64.1,0.0,0.0,64.1,6.03
pp_2,72.8,0.0,0.0,72.8,6.03
pp_2,59.3,0.0,0.0,59.3,6.03
pp_2,60.1,0.0,0.0,60.1,6.03
pp_2,60.5,0.0,10.0,70.5,6.03
pp_2,62.0,0.0,10.0,72.0,6.03
pp_2,62.2,0.0,0.0,62.2,6.03
pp_2,71.9,0.0,0.0,71.9,6.03
pp_2,61.2,0.0,0.0,61.2,6.03
pp_2,60.5,0.0,0.0,60.5,6.03
pp_2,61.3,0.0,0.0,61.3,6.03
pp_2,67.0,0.0,0.0,67.0,6.03
pp_2,60.4,0.0,0.0,60.4,6.03
pp_2,72.8,0.0,10.0,82.8,6.03
pp_2,62.9,0.0,10.0,72.9,6.03
pp_2,62.8,0.0,0.0,62.8,6.03
pp_2,72.6,0.0,0.0,72.6,6.03
pp_2,61.2,0.0,0.0,61.2,6.03
pp_2,60.5,0.0,0.0,60.5,6.03
pp_2,63.9,0.0,0.0,63.9,6.03
pp_2,64.7,0.0,10.0,74.7,6.03
pp_2,65.2,0.0,10.0,75.2,6.03
pp_2,65.1,0.0,0.0,65.1,6.03
pp_2,61.4,0.0,10.0,71.4,6.03
pp_2,60.8,0.0,0.0,60.8,6.03
pp_2,72.8,0.0,0.0,72.8,6.03
pp_2,60.1,0.0,0.0,60.1,6.03
pp_2,59.1,0.0,10.0,69.1,6.03
pp_2,66.6,0.0,0.0,66.6,6.03
pp_2,61.9,0.0,10.0,71.9,6.03
pp_2,61.8,0.0,0.0,61.8,6.03
pp_2,64.2,0.0,0.0,64.2,6.03
pp_2,60.0,0.0,0.0,60.0,6.03
pp_2,60.9,0.0,0.0,60.9,6.03
pp_2,60.7,0.0,0.0,60.7,6.03
pp_2,66.6,0.0,10.0,76.6,6.03
pp_2,60.8,0.0,10.0,70.8,6.03
pp_2,60.6,10.0,0.0,70.6,6.03
pp_2,61.0,0.0,10.0,71.0,6.03
pp_2,60.9,0.0,0.0,60.9,6.03
pp_2,60.8,0.0,0.0,60.8,6.03
pp_2,66.6,0.0,0.0,66.6,6.03
pp_2,57.3,0.0,0.0,57.3,6.03
pp_2,70.7,0.0,0.0,70.7,6.03
pp_2,62.7,10.0,0.0,72.7,6.03
pp_2,67.6,0.0,0.0,67.6,6.03
pp_2,70.1,10.0,0.0,80.1,6.03
pp_2,79.2,0.0,10.0,89.2,6.03
pp_2,71.4,0.0,10.0,81.4,6.03
pp_2,72.8,10.0,0.0,82.8,6.03
pp_2,70.7,0.0,0.0,70.7,6.03
pp_2,71.0,0.0,10.0,81.0,6.03
pp_2,84.3,0.0,0.0,84.3,6.03
pp_2,73.2,0.0,10.0,83.2,6.03
pp_2,71.7,0.0,10.0,81.7,6.03
pp_2,69.9,0.0,10.0,79.9,6.03
pp_2,65.5,0.0,10.0,75.5,6.03
pp_2,66.8,0.0,0.0,66.8,6.03
pp_2,67.1,0.0,10.0,77.1,6.03
pp_2,75.4,0.0,0.0,75.4,6.03
pp_2,68.0,0.0,10.0,78.0,6.03
pp_2,72.1,10.0,0.0,82.1,6.03
pp_2,79.2,0.0,0.0,79.2,6.03
pp_2,70.0,0.0,0.0,70.0,6.03
pp_2,69.7,0.0,10.0,79.7,6.03
pp_2,79.0,0.0,0.0,79.0,6.03
pp_2,68.5,0.0,0.0,68.5,6.03
pp_2,67.4,0.0,0.0,67.4,6.03
pp_2,62.8,0.0,10.0,72.8,6.03
pp_2,61.9,0.0,0.0,61.9,6.03
pp_2,70.5,0.0,0.0,70.5,6.03
pp_2,61.0,0.0,10.0,71.0,6.03
pp_2,61.6,0.0,0.0,61.6,6.03
pp_2,61.0,10.0,0.0,71.0,6.03
pp_2,59.5,0.0,10.0,69.5,6.03
pp_2,63.2,0.0,0.0,63.2,6.03
pp_2,64.3,0.0,0.0,64.3,6.03
pp_2,61.4,0.0,10.0,71.4,6.03
pp_2,64.8,0.0,10.0,74.8,6.03
pp_2,65.3,0.0,0.0,65.3,6.03
pp_2,61.7,0.0,0.0,61.7,6.03
pp_2,70.7,0.0,0.0,70.7,6.03
pp_2,65.6,0.0,0.0,65.6,6.03
pp_2,61.4,0.0,10.0,71.4,6.03
pp_2,61.8,0.0,0.0,61.8,6.03
pp_2,60.6,0.0,0.0,60.6,6.03
pp_2,56.6,10.0,0.0,66.6,6.03
pp_2,47.0,0.0,10.0,57.0,6.03
pp_2,60.6,0.0,10.0,70.6,6.03
pp_2,58.6,0.0,0.0,58.6,6.03
pp_2,58.3,0.0,0.0,58.3,6.03
pp_2,60.9,0.0,0.0,60.9,6.03
pp_2,67.0,0.0,0.0,67.0,6.03
pp_2,59.1,0.0,0.0,59.1,6.03
pp_2,61.0,0.0,0.0,61.0,6.03
pp_2,57.0,0.0,10.0,67.0,6.03
pp_2,48.0,10.0,0.0,58.0,6.03
pp_2,60.6,0.0,0.0,60.6,6.03
pp_2,57.9,0.0,0.0,57.9,6.03
pp_2,57.3,0.0,0.0,57.3,6.03
pp_2,61.0,0.0,10.0,71.0,6.03
pp_2,58.7,0.0,0.0,58.7,6.03
pp_2,58.5,0.0,0.0,58.5,6.03
pp_2,60.6,0.0,10.0,70.6,6.03
pp_2,67.3,0.0,0.0,67.3,6.03
pp_2,60.9,0.0,0.0,60.9,6.03
pp_2,60.9,0.0,0.0,60.9,6.03
pp_2,58.4,0.0,0.0,58.4,6.03
pp_2,60.6,0.0,0.0,60.6,6.03
pp_2,70.7,0.0,0.0,70.7,6.03
pp_2,59.5,0.0,0.0,59.5,6.03
pp_2,48.3,10.0,0.0,58.3,6.03
pp_2,61.9,0.0,10.0,71.9,6.03
pp_2,58.2,0.0,0.0,58.2,6.03
pp_2,57.6,0.0,0.0,57.6,6.03
pp_2,62.3,0.0,10.0,72.3,6.03
pp_2,59.2,0.0,0.0,59.2,6.03
pp_2,47.2,10.0,0.0,57.2,6.03
pp_2,62.0,0.0,0.0,62.0,6.03
pp_2,58.0,0.0,0.0,58.0,6.03
pp_2,59.3,0.0,0.0,59.3,6.03
pp_2,60.8,0.0,0.0,60.8,6.03
pp_2,56.6,0.0,10.0,66.6,6.03
pp_2,47.2,10.0,0.0,57.2,6.03
pp_2,62.3,0.0,0.0,62.3,6.03
pp_2,57.1,10.0,0.0,67.1,6.03
pp_2,57.1,0.0,0.0,57.1,6.03
pp_2,60.6,0.0,10.0,70.6,6.03
pp_2,58.4,0.0,10.0,68.4,6.03
pp_2,75.2,0.0,0.0,75.2,6.03
pp_2,68.7,0.0,10.0,78.7,6.03
pp_2,65.1,10.0,0.0,75.1,6.03
pp_2,66.7,0.0,0.0,66.7,6.03
pp_2,68.0,0.0,10.0,78.0,6.03
pp_2,64.1,0.0,10.0,74.1,6.03
pp_2,64.8,0.0,10.0,74.8,6.03
pp_2,64.6,0.0,0.0,64.6,6.03
pp_2,62.2,0.0,10.0,72.2,6.03
pp_2,64.1,0.0,10.0,74.1,6.03
pp_2,64.9,0.0,0.0,64.9,6.03
pp_2,62.3,0.0,10.0,72.3,6.03
pp_2,61.6,0.0,0.0,61.6,6.03
pp_2,62.2,0.0,10.0,72.2,6.03
pp_2,59.3,0.0,0.0,59.3,6.03
pp_2,59.2,0.0,0.0,59.2,6.03
pp_2,60.9,0.0,0.0,60.9,6.03
pp_2,66.8,0.0,0.0,66.8,6.03
pp_2,60.1,0.0,0.0,60.1,6.03
pp_2,62.1,0.0,10.0,72.1,6.03
pp_2,58.0,0.0,0.0,58.0,6.03
pp_2,57.3,0.0,0.0,57.3,6.03
pp_2,60.7,10.0,0.0,70.7,6.03
pp_2,62.1,0.0,10.0,72.1,6.03
pp_2,74.9,0.0,0.0,74.9,6.03
pp_2,66.1,0.0,0.0,66.1,6.03
pp_2,60.9,0.0,0.0,60.9,6.03
pp_2,59.5,0.0,0.0,59.5,6.03
pp_2,60.6,0.0,0.0,60.6,6.03
pp_2,66.9,0.0,0.0,66.9,6.03
pp_2,57.5,0.0,0.0,57.5,6.03
pp_2,61.0,0.0,0.0,61.0,0.0
pp_2,66.9,0.0,0.0,66.9,10.21
pp_2,58.3,0.0,0.0,58.3,17.93
pp_2,60.7,0.0,0.0,60.7,18.31
pp_2,57.0,0.0,10.0,67.0,17.01
pp_2,57.2,0.0,0.0,57.2,19.58
pp_2,72.0,0.0,0.0,72.0,13.59
pp_2,60.7,0.0,0.0,60.7,16.82
pp_2,59.7,0.0,0.0,59.7,8.49
pp_2,60.8,0.0,0.0,60.8,1.73
pp_2,66.7,0.0,10.0,76.7,4.35
pp_2,71.4,0.0,10.0,81.4,6.38
pp_2,71.2,0.0,10.0,81.2,7.08
pp_2,65.8,0.0,10.0,75.8,7.76
pp_2,75.1,0.0,0.0,75.1,7.13
pp_2,56.2,10.0,0.0,66.2,6.58
pp_2,59.9,0.0,0.0,59.9,5.76
pp_2,48.4,0.0,10.0,58.4,5.32
pp_2,60.8,0.0,0.0,60.8,5.06
pp_2,57.6,0.0,10.0,67.6,4.78
pp_2,46.8,0.0,10.0,56.8,4.32
pp_2,60.9,0.0,0.0,60.9,4.04
pp_2,56.8,0.0,10.0,66.8,3.57
pp_2,57.6,0.0,0.0,57.6,3.24
pp_2,60.6,0.0,0.0,60.6,3.08
pp_2,56.9,0.0,10.0,66.9,2.81
pp_2,46.7,0.0,10.0,56.7,2.58
pp_2,60.8,0.0,0.0,60.8,2.18
pp_2,56.7,0.0,10.0,66.7,1.79
pp_2,57.0,0.0,0.0,57.0,1.37
pp_2,61.0,0.0,0.0,61.0,1.03
pp_2,58.4,0.0,0.0,58.4,0.73
pp_2,48.6,0.0,10.0,58.6,0.55
pp_2,60.9,0.0,0.0,60.9,0.63
pp_2,57.0,0.0,10.0,67.0,0.34
pp_2,46.8,0.0,0.0,46.8,0.51
pp_2,60.9,0.0,0.0,60.9,0.51
pp_2,56.7,0.0,10.0,66.7,0.57
pp_2,46.9,0.0,0.0,46.9,0.74
pp_2,60.6,0.0,0.0,60.6,0.64
pp_2,57.0,0.0,10.0,67.0,0.53
pp_2,48.1,10.0,0.0,58.1,0.44
pp_2,60.8,0.0,0.0,60.8,0.5
pp_2,66.9,0.0,0.0,66.9,0.25
pp_2,59.4,0.0,0.0,59.4,0.37
pp_2,60.8,0.0,0.0,60.8,0.44
pp_2,56.8,0.0,10.0,66.8,0.31
pp_2,46.7,0.0,10.0,56.7,0.18
pp_2,61.0,0.0,0.0,61.0,0.31
pp_2,57.1,0.0,10.0,67.1,0.22
pp_2,46.9,0.0,10.0,56.9,0.17
pp_2,60.9,0.0,0.0,60.9,0.22
pp_2,56.6,0.0,10.0,66.6,0.22
pp_2,47.1,0.0,10.0,57.1,0.23
pp_2,60.9,0.0,0.0,60.9,0.28
pp_2,66.9,0.0,0.0,66.9,0.4
pp_2,48.6,0.0,10.0,58.6,0.35
pp_2,61.2,0.0,10.0,71.2,0.37
pp_2,48.7,0.0,10.0,58.7,0.4
pp_2,46.8,0.0,0.0,46.8,0.36
pp_2,60.7,0.0,0.0,60.7,0.34
pp_2,56.9,0.0,10.0,66.9,0.37
pp_2,46.8,0.0,10.0,56.8,0.49
pp_2,60.7,0.0,0.0,60.7,0.46
pp_2,56.8,10.0,0.0,66.8,0.21
pp_2,47.4,0.0,10.0,57.4,0.14
pp_2,60.7,0.0,0.0,60.7,0.22
pp_2,56.6,0.0,10.0,66.6,0.43
pp_2,47.1,0.0,10.0,57.1,0.5
pp_2,60.8,0.0,0.0,60.8,0.3
pp_2,56.7,0.0,10.0,66.7,0.47
pp_2,46.8,0.0,10.0,56.8,0.47
pp_2,62.7,0.0,0.0,62.7,0.48
pp_2,48.3,0.0,10.0,58.3,0.56
pp_2,47.1,0.0,0.0,47.1,1.0
pp_2,62.6,0.0,0.0,62.6,1.59
pp_2,67.0,0.0,10.0,77.0,2.53
pp_2,61.5,0.0,0.0,61.5,4.06
pp_2,60.6,0.0,10.0,70.6,3.69
pp_2,59.0,0.0,0.0,59.0,3.7
pp_2,58.8,0.0,0.0,58.8,3.54
pp_2,60.9,0.0,0.0,60.9,4.1
pp_2,56.8,0.0,10.0,66.8,2.37
pp_2,46.8,0.0,10.0,56.8,10.14
pp_2,60.5,0.0,0.0,60.5,14.3
pp_2,56.9,0.0,10.0,66.9,16.58
pp_2,46.9,0.0,10.0,56.9,20.82
pp_2,60.7,0.0,0.0,60.7,18.61
pp_2,56.8,0.0,10.0,66.8,16.07
pp_2,47.3,0.0,10.0,57.3,12.98
pp_2,60.8,0.0,0.0,60.8,4.57
pp_2,66.8,0.0,0.0,66.8,1.69
pp_2,47.9,0.0,10.0,57.9,4.23
pp_reset,61.1,0.0,0.0,61.1,4.95
pp_reset,57.0,0.0,10.0,67.0,9.62
pp_reset,47.3,0.0,0.0,47.3,14.61
pp_reset,60.6,0.0,0.0,60.6,10.26
pp_reset,56.7,0.0,10.0,66.7,8.86
pp_reset,46.8,0.0,10.0,56.8,11.7
pp_reset,61.9,0.0,10.0,71.9,9.19
pp_reset,56.7,0.0,0.0,56.7,10.61
pp_reset,47.0,0.0,10.0,57.0,10.49
pp_reset,60.6,0.0,0.0,60.6,8.15
pp_reset,48.7,0.0,10.0,58.7,8.67
pp_reset,47.7,10.0,0.0,57.7,8.1
pp_reset,60.5,0.0,10.0,70.5,6.46
pp_reset,56.7,0.0,10.0,66.7,5.16
pp_reset,47.1,0.0,0.0,47.1,11.14
pp_reset,60.6,0.0,0.0,60.6,7.61
pp_reset,57.0,0.0,10.0,67.0,18.02
pp_reset,46.9,0.0,10.0,56.9,29.78
pp_reset,61.1,0.0,10.0,71.1,28.26
pp_reset,58.6,0.0,0.0,58.6,32.73
pp_reset,48.6,0.0,10.0,58.6,30.05
pp_reset,61.2,0.0,0.0,61.2,19.11
pp_reset,56.7,10.0,0.0,66.7,6.7
pp_reset,47.2,0.0,10.0,57.2,3.59
pp_reset,60.8,0.0,0.0,60.8,3.96
pp_reset,57.0,0.0,10.0,67.0,2.08
pp_reset,46.8,0.0,10.0,56.8,1.85
pp_reset,60.6,0.0,10.0,70.6,1.79
pp_reset,49.4,10.0,0.0,59.4,1.76
pp_reset,46.7,0.0,0.0,46.7,1.74
pp_reset,60.7,0.0,0.0,60.7,1.71
pp_reset,66.8,0.0,0.0,66.8,1.69
pp_reset,60.8,0.0,0.0,60.8,1.67
pp_reset,60.7,0.0,10.0,70.7,1.66
pp_reset,60.5,0.0,0.0,60.5,1.65
pp_reset,49.5,10.0,0.0,59.5,1.64
pp_reset,62.4,0.0,0.0,62.4,1.63
pp_reset,57.1,0.0,10.0,67.1,1.62
pp_reset,46.9,0.0,10.0,56.9,1.62
pp_reset,61.0,0.0,0.0,61.0,1.61
pp_reset,56.9,0.0,10.0,66.9,1.61
pp_reset,46.8,0.0,10.0,56.8,1.6
pp_reset,60.5,0.0,0.0,60.5,1.6
pp_reset,56.8,10.0,0.0,66.8,1.6
pp_reset,48.1,0.0,10.0,58.1,1.6
pp_reset,60.6,0.0,10.0,70.6,1.6
pp_reset,56.7,0.0,0.0,56.7,1.6
pp_reset,47.1,0.0,10.0,57.1,1.59
pp_reset,60.6,0.0,0.0,60.6,1.59
pp_reset,56.8,10.0,0.0,66.8,1.59
pp_reset,47.3,0.0,10.0,57.3,1.59
pp_reset,60.5,0.0,0.0,60.5,1.59
pp_reset,57.5,10.0,0.0,67.5,1.59
pp_reset,47.5,0.0,10.0,57.5,1.59
pp_reset,60.5,0.0,0.0,60.5,1.59
pp_reset,57.0,0.0,10.0,67.0,1.59
pp_reset,46.8,0.0,10.0,56.8,1.59
pp_reset,60.5,0.0,0.0,60.5,1.59
pp_reset,66.5,0.0,0.0,66.5,1.59
pp_reset,60.4,0.0,0.0,60.4,1.59
pp_reset,63.2,0.0,10.0,73.2,1.59
pp_3,60.0,0.0,10.0,70.0,0.0
pp_3,61.6,0.0,0.0,61.6,0.0
pp_3,73.1,0.0,0.0,73.1,0.01
pp_3,61.4,0.0,10.0,71.4,0.01
pp_3,60.7,0.0,10.0,70.7,0.02
pp_3,74.5,0.0,0.0,74.5,0.02
pp_3,62.2,0.0,0.0,62.2,0.02
pp_3,63.7,0.0,0.0,63.7,0.02
pp_3,73.2,0.0,0.0,73.2,0.02
pp_3,70.0,0.0,0.0,70.0,0.02
pp_3,58.2,0.0,10.0,68.2,0.02
pp_3,61.0,0.0,0.0,61.0,0.02
pp_3,69.9,0.0,0.0,69.9,0.02
pp_3,62.1,0.0,0.0,62.1,0.02
pp_3,62.0,10.0,0.0,72.0,0.02
pp_3,69.4,0.0,0.0,69.4,0.02
pp_3,59.7,0.0,10.0,69.7,0.01
pp_3,60.8,0.0,0.0,60.8,0.01
pp_3,56.9,10.0,0.0,66.9,0.01
pp_3,57.2,0.0,0.0,57.2,0.01
pp_3,60.6,0.0,0.0,60.6,0.01
pp_3,67.0,0.0,0.0,67.0,0.01
pp_3,57.7,0.0,0.0,57.7,0.01
pp_3,60.6,0.0,0.0,60.6,0.01
pp_3,66.8,0.0,0.0,66.8,0.01
pp_3,59.7,0.0,10.0,69.7,0.01
pp_3,71.7,0.0,0.0,71.7,0.01
pp_3,62.8,0.0,0.0,62.8,0.01
pp_3,74.6,0.0,0.0,74.6,0.01
pp_3,75.9,0.0,0.0,75.9,0.01
pp_3,61.8,0.0,10.0,71.8,0.01
pp_3,72.3,0.0,0.0,72.3,0.01
pp_3,64.5,0.0,10.0,74.5,0.01
pp_3,70.3,0.0,0.0,70.3,0.02
pp_3,70.0,0.0,0.0,70.0,0.02
pp_3,70.1,0.0,0.0,70.1,0.02
pp_3,64.6,0.0,0.0,64.6,0.02
pp_3,63.3,0.0,10.0,73.3,0.0
pp_3,63.2,10.0,0.0,73.2,9.02
pp_3,59.4,10.0,0.0,69.4,15.67
pp_3,57.2,0.0,0.0,57.2,21.24
pp_3,60.9,0.0,10.0,70.9,18.93
pp_3,56.8,0.0,10.0,66.8,16.04
pp_3,57.1,0.0,10.0,67.1,15.12
pp_3,60.7,0.0,0.0,60.7,16.33
pp_3,56.6,0.0,0.0,56.6,16.7
pp_3,46.8,0.0,10.0,56.8,16.09
pp_3,60.9,0.0,10.0,70.9,11.43
pp_3,57.0,0.0,0.0,57.0,15.23
pp_3,46.9,0.0,10.0,56.9,12.18
pp_3,62.1,0.0,10.0,72.1,12.39
pp_3,68.9,0.0,0.0,68.9,16.82
pp_3,60.1,0.0,0.0,60.1,19.4
pp_3,61.2,0.0,10.0,71.2,15.84
pp_3,66.7,0.0,0.0,66.7,14.44
pp_3,58.0,0.0,0.0,58.0,12.3
pp_3,60.7,0.0,10.0,70.7,8.22
pp_3,56.9,10.0,0.0,66.9,6.96
pp_3,59.4,0.0,0.0,59.4,5.87
pp_3,61.6,0.0,10.0,71.6,5.03
pp_3,66.8,0.0,0.0,66.8,3.83
pp_3,47.4,10.0,0.0,57.4,3.34
pp_3,60.9,0.0,10.0,70.9,3.34
pp_3,56.8,0.0,10.0,66.8,3.91
pp_3,56.8,0.0,0.0,56.8,5.74
pp_3,61.1,0.0,10.0,71.1,6.76
pp_3,56.6,0.0,10.0,66.6,8.1
pp_3,57.2,0.0,0.0,57.2,10.11
pp_3,60.6,0.0,10.0,70.6,12.49
pp_3,66.6,0.0,0.0,66.6,13.41
pp_3,58.0,0.0,0.0,58.0,14.05
pp_3,60.8,0.0,0.0,60.8,14.36
pp_3,56.9,10.0,0.0,66.9,12.98
pp_3,57.1,0.0,0.0,57.1,12.3
pp_3,61.9,10.0,0.0,71.9,9.73
pp_3,69.7,0.0,0.0,69.7,9.6
pp_3,58.7,0.0,0.0,58.7,7.86
pp_3,62.3,0.0,10.0,72.3,5.46
pp_3,57.7,0.0,0.0,57.7,3.66
pp_3,46.9,0.0,10.0,56.9,0.79
pp_3,61.8,0.0,0.0,61.8,1.5
pp_3,57.6,0.0,10.0,67.6,2.96
pp_3,56.9,0.0,0.0,56.9,3.42
pp_3,62.5,0.0,10.0,72.5,3.95
pp_3,60.3,0.0,0.0,60.3,3.71
pp_3,59.3,0.0,0.0,59.3,3.45
pp_3,61.4,0.0,0.0,61.4,3.16
pp_3,58.0,0.0,10.0,68.0,2.75
pp_3,57.3,0.0,0.0,57.3,2.37
pp_3,60.9,0.0,10.0,70.9,2.16
pp_3,56.9,0.0,10.0,66.9,2.38
pp_3,47.0,10.0,0.0,57.0,3.73
pp_3,61.1,0.0,0.0,61.1,5.5
pp_3,68.8,0.0,0.0,68.8,6.41
pp_3,59.0,0.0,0.0,59.0,8.47
pp_3,60.9,0.0,0.0,60.9,11.24
pp_3,67.1,0.0,0.0,67.1,14.76
pp_3,58.2,0.0,0.0,58.2,19.45
pp_3,61.8,0.0,0.0,61.8,4.96
pp_3,56.8,0.0,10.0,66.8,3.53
pp_3,56.8,0.0,0.0,56.8,3.77
pp_3,60.7,0.0,10.0,70.7,3.59
pp_3,57.0,0.0,10.0,67.0,3.48
pp_3,46.7,10.0,0.0,56.7,3.39
pp_3,61.0,0.0,0.0,61.0,3.31
pp_3,56.8,0.0,0.0,56.8,3.24
pp_3,56.8,0.0,0.0,56.8,3.17
pp_3,60.7,0.0,10.0,70.7,3.11
pp_3,67.1,0.0,0.0,67.1,3.07
pp_3,59.7,0.0,10.0,69.7,3.03
pp_3,60.6,0.0,0.0,60.6,3.01
pp_3,67.6,0.0,0.0,67.6,2.98
pp_3,58.5,0.0,0.0,58.5,2.96
pp_3,60.6,0.0,0.0,60.6,2.94
pp_3,56.9,0.0,10.0,66.9,2.93
pp_3,56.9,0.0,0.0,56.9,2.91
pp_3,60.7,0.0,0.0,60.7,2.9
pp_3,56.6,0.0,10.0,66.6,2.89
pp_3,56.8,0.0,0.0,56.8,2.89
pp_3,60.6,0.0,10.0,70.6,0.0
pp_3,57.6,0.0,10.0,67.6,9.94
pp_3,47.5,0.0,10.0,57.5,17.98
pp_3,60.7,0.0,10.0,70.7,7.92
pp_3,56.6,0.0,10.0,66.6,3.77
pp_3,46.8,0.0,10.0,56.8,3.45
pp_3,60.6,0.0,10.0,70.6,3.7
pp_3,56.9,0.0,10.0,66.9,5.03
pp_3,46.8,0.0,10.0,56.8,6.18
pp_3,60.7,0.0,0.0,60.7,7.16
pp_3,57.0,0.0,10.0,67.0,8.09
pp_3,46.8,0.0,10.0,56.8,6.89
pp_3,61.6,0.0,10.0,71.6,6.74
pp_3,56.7,0.0,10.0,66.7,5.66
pp_3,56.8,0.0,0.0,56.8,5.26
pp_3,60.9,0.0,10.0,70.9,4.19
pp_3,66.9,0.0,0.0,66.9,4.98
pp_3,58.0,0.0,0.0,58.0,5.36
pp_3,75.1,0.0,0.0,75.1,4.41
pp_3,61.4,0.0,0.0,61.4,4.75
pp_3,58.3,0.0,10.0,68.3,4.04
pp_3,60.6,0.0,10.0,70.6,1.9
pp_3,68.9,0.0,0.0,68.9,1.5
pp_3,57.3,0.0,0.0,57.3,1.19
pp_3,60.7,0.0,10.0,70.7,1.43
pp_3,56.8,0.0,0.0,56.8,2.92
pp_3,56.8,0.0,0.0,56.8,2.64
pp_3,60.6,0.0,0.0,60.6,3.02
pp_3,57.8,0.0,10.0,67.8,2.43
pp_3,47.0,10.0,0.0,57.0,1.9
pp_3,60.9,0.0,10.0,70.9,0.57
pp_3,57.5,10.0,0.0,67.5,1.22
pp_3,57.9,0.0,0.0,57.9,2.39
pp_3,60.8,0.0,0.0,60.8,3.35
pp_3,56.7,0.0,0.0,56.7,4.24
pp_3,46.9,10.0,0.0,56.9,4.63
pp_3,60.6,0.0,10.0,70.6,4.62
pp_3,56.6,0.0,10.0,66.6,4.25
pp_3,46.8,0.0,10.0,56.8,3.82
pp_3,60.6,0.0,10.0,70.6,3.31
pp_3,56.6,0.0,0.0,56.6,2.78
pp_3,57.7,0.0,0.0,57.7,2.17
pp_3,62.3,0.0,0.0,62.3,1.82
pp_3,56.5,0.0,10.0,66.5,1.69
pp_3,58.2,0.0,10.0,68.2,1.49
pp_3,62.0,0.0,0.0,62.0,1.82
pp_3,57.0,10.0,0.0,67.0,1.93
pp_3,47.0,10.0,0.0,57.0,2.26
pp_3,60.6,0.0,10.0,70.6,2.6
pp_3,56.7,0.0,10.0,66.7,2.67
pp_3,57.1,0.0,0.0,57.1,6.04
pp_3,61.7,0.0,10.0,71.7,8.57
pp_3,67.0,0.0,0.0,67.0,8.14
pp_3,58.5,0.0,0.0,58.5,7.57
pp_3,60.7,0.0,0.0,60.7,7.47
pp_3,56.7,0.0,10.0,66.7,7.26
pp_3,46.8,0.0,10.0,56.8,5.68
pp_3,60.7,10.0,0.0,70.7,3.46
pp_3,69.6,0.0,0.0,69.6,4.48
pp_3,58.5,0.0,0.0,58.5,4.46
pp_3,60.7,0.0,0.0,60.7,3.84
pp_3,66.8,0.0,0.0,66.8,3.35
pp_3,58.5,0.0,0.0,58.5,4.12
pp_3,62.1,0.0,0.0,62.1,3.68
pp_3,60.9,0.0,0.0,60.9,2.91
pp_3,61.2,0.0,10.0,71.2,4.04
pp_3,60.5,0.0,10.0,70.5,4.37
pp_3,66.6,0.0,0.0,66.6,3.22
pp_3,57.5,0.0,0.0,57.5,2.44
pp_3,60.5,0.0,10.0,70.5,1.98
pp_3,56.6,0.0,0.0,56.6,1.54
pp_3,46.7,0.0,0.0,46.7,0.97
pp_3,60.7,0.0,0.0,60.7,0.96
pp_3,57.3,10.0,0.0,67.3,1.1
pp_3,57.5,0.0,0.0,57.5,1.24
pp_3,60.7,0.0,0.0,60.7,1.42
pp_3,68.9,0.0,0.0,68.9,1.71
pp_3,59.6,0.0,0.0,59.6,1.89
pp_3,60.7,0.0,0.0,60.7,2.04
pp_3,56.7,0.0,10.0,66.7,2.14
pp_3,47.3,10.0,0.0,57.3,2.29
pp_3,61.1,0.0,0.0,61.1,2.88
pp_3,57.8,10.0,0.0,67.8,3.57
pp_3,46.8,0.0,10.0,56.8,4.41
pp_3,60.5,0.0,10.0,70.5,4.82
pp_3,56.6,0.0,10.0,66.6,4.51
pp_3,46.7,0.0,10.0,56.7,4.1
pp_3,60.6,0.0,10.0,70.6,3.44
pp_3,56.8,0.0,10.0,66.8,2.39
pp_3,56.8,0.0,0.0,56.8,1.79
pp_3,60.7,0.0,10.0,70.7,1.94
pp_3,56.6,0.0,0.0,56.6,2.19
pp_3,46.9,0.0,10.0,56.9,2.19
pp_3,60.6,0.0,10.0,70.6,2.07
pp_3,56.8,10.0,0.0,66.8,2.16
pp_3,58.6,0.0,0.0,58.6,2.24
pp_3,60.6,0.0,10.0,70.6,2.19
pp_3,69.3,0.0,0.0,69.3,2.24
pp_3,59.7,0.0,0.0,59.7,2.36
pp_3,60.8,0.0,0.0,60.8,2.62
pp_3,57.6,10.0,0.0,67.6,2.84
pp_3,57.4,0.0,0.0,57.4,3.23
pp_3,71.8,0.0,0.0,71.8,3.13
pp_3,60.7,0.0,0.0,60.7,3.5
pp_3,58.4,0.0,0.0,58.4,3.56
pp_3,60.7,0.0,10.0,70.7,7.16
pp_3,67.7,0.0,0.0,67.7,11.78
pp_3,58.5,0.0,0.0,58.5,12.68
pp_3,60.6,0.0,10.0,70.6,14.86
pp_3,66.6,0.0,0.0,66.6,5.49
pp_3,60.4,0.0,0.0,60.4,4.08
pp_3,60.7,0.0,10.0,70.7,4.17
pp_3,56.7,0.0,0.0,56.7,4.23
pp_3,56.8,0.0,0.0,56.8,4.31
pp_3,61.5,0.0,0.0,61.5,4.35
pp_3,57.0,0.0,0.0,57.0,4.39
pp_3,56.8,0.0,0.0,56.8,4.44
pp_3,60.7,0.0,0.0,60.7,4.47
pp_3,56.7,0.0,0.0,56.7,4.49
pp_3,46.8,0.0,0.0,46.8,4.52
pp_3,60.7,0.0,10.0,70.7,4.54
pp_3,67.7,0.0,0.0,67.7,4.56
pp_3,60.9,0.0,0.0,60.9,4.57
pp_3,62.3,0.0,0.0,62.3,4.58
pp_3,56.5,0.0,10.0,66.5,4.6
pp_3,56.9,0.0,0.0,56.9,4.6
pp_3,60.5,0.0,10.0,70.5,4.61
pp_3,56.6,10.0,0.0,66.6,4.62
pp_3,56.8,0.0,0.0,56.8,4.62
pp_3,60.5,0.0,10.0,70.5,0.0
pp_3,56.6,0.0,10.0,66.6,10.2
pp_3,46.9,10.0,0.0,56.9,18.14
pp_3,60.6,0.0,10.0,70.6,15.12
pp_3,67.5,0.0,0.0,67.5,16.85
pp_3,57.9,0.0,0.0,57.9,19.56
pp_3,60.7,0.0,0.0,60.7,16.8
pp_3,56.8,0.0,10.0,66.8,13.65
pp_3,56.9,0.0,0.0,56.9,15.84
pp_3,60.6,0.0,0.0,60.6,12.94
pp_3,56.7,0.0,10.0,66.7,13.78
pp_3,57.0,0.0,0.0,57.0,12.63
pp_3,61.0,0.0,0.0,61.0,11.93
pp_3,66.7,0.0,0.0,66.7,12.52
pp_3,59.5,0.0,0.0,59.5,14.49
pp_3,60.7,0.0,10.0,70.7,15.79
pp_3,69.2,0.0,0.0,69.2,16.7
pp_3,60.2,0.0,0.0,60.2,17.17
pp_3,60.7,0.0,10.0,70.7,16.74
pp_3,66.6,0.0,0.0,66.6,15.36
pp_3,58.2,0.0,0.0,58.2,14.81
pp_3,62.3,0.0,10.0,72.3,14.09
pp_3,56.5,10.0,0.0,66.5,11.58
pp_3,56.9,0.0,0.0,56.9,10.37
pp_3,60.7,0.0,0.0,60.7,9.09
pp_3,69.1,0.0,0.0,69.1,7.55
pp_3,57.9,0.0,0.0,57.9,6.94
pp_3,60.6,0.0,0.0,60.6,6.33
pp_3,56.6,10.0,0.0,66.6,5.06
pp_3,59.7,0.0,0.0,59.7,5.13
pp_3,60.8,0.0,0.0,60.8,4.79
pp_3,57.0,0.0,0.0,57.0,4.42
pp_3,56.7,0.0,0.0,56.7,3.68
pp_3,60.7,0.0,0.0,60.7,2.99
pp_3,56.6,0.0,0.0,56.6,3.2
pp_3,56.8,0.0,0.0,56.8,1.68
pp_3,62.2,0.0,10.0,72.2,1.59
pp_3,57.6,0.0,0.0,57.6,2.28
pp_3,46.9,0.0,10.0,56.9,1.79
pp_3,60.8,0.0,0.0,60.8,2.06
pp_3,66.6,0.0,0.0,66.6,1.88
pp_3,59.5,0.0,10.0,69.5,3.1
pp_3,60.5,0.0,10.0,70.5,4.6
pp_3,56.6,0.0,0.0,56.6,6.44
pp_3,56.9,0.0,0.0,56.9,5.63
pp_3,61.7,0.0,0.0,61.7,6.18
pp_3,57.2,0.0,10.0,67.2,7.18
pp_3,46.8,0.0,10.0,56.8,6.16
pp_3,60.6,0.0,0.0,60.6,6.37
pp_3,56.7,0.0,0.0,56.7,6.65
pp_3,46.7,0.0,10.0,56.7,3.56
pp_3,60.7,0.0,10.0,70.7,2.67
pp_3,56.6,0.0,0.0,56.6,2.53
pp_3,56.8,0.0,0.0,56.8,1.34
pp_3,60.7,0.0,10.0,70.7,1.28
pp_3,57.9,10.0,0.0,67.9,1.52
pp_3,62.6,10.0,0.0,72.6,2.83
pp_3,,,10.0,88.9,3.03
pp_3,,,10.0,103.2,4.65
pp_3,,,0.0,118.4,4.67
pp_3,,,10.0,83.7,3.7
pp_3,,,0.0,102.4,4.13
pp_3,,,0.0,103.6,4.35
pp_3,,,0.0,76.0,4.54
pp_3,76.6,0.0,0.0,76.6,4.1
pp_3,60.7,0.0,0.0,60.7,4.09
pp_3,59.1,0.0,0.0,59.1,4.03
pp_3,60.7,0.0,0.0,60.7,4.19
pp_3,56.9,0.0,0.0,56.9,4.59
pp_3,56.8,0.0,0.0,56.8,4.26
pp_3,60.8,0.0,0.0,60.8,4.7
pp_3,56.9,0.0,10.0,66.9,5.52
pp_3,57.4,0.0,0.0,57.4,6.71
pp_3,60.7,0.0,0.0,60.7,7.77
pp_3,56.7,0.0,10.0,66.7,7.34
pp_3,46.9,10.0,0.0,56.9,7.02
pp_3,60.5,0.0,0.0,60.5,6.41
pp_3,66.8,0.0,0.0,66.8,4.84
pp_3,57.9,0.0,0.0,57.9,4.22
pp_3,60.7,0.0,0.0,60.7,3.64
pp_3,57.0,0.0,0.0,57.0,3.27
pp_3,47.0,0.0,10.0,57.0,1.57
pp_3,60.7,0.0,0.0,60.7,1.21
pp_3,57.6,10.0,0.0,67.6,1.46
pp_3,57.8,0.0,0.0,57.8,2.07
pp_3,60.5,0.0,0.0,60.5,3.1
pp_3,56.6,0.0,0.0,56.6,4.69
pp_3,46.9,10.0,0.0,56.9,6.06
pp_3,60.8,0.0,0.0,60.8,7.06
pp_3,66.8,0.0,0.0,66.8,8.53
pp_3,59.9,0.0,0.0,59.9,10.72
pp_3,60.5,0.0,0.0,60.5,12.78
pp_3,56.7,0.0,0.0,56.7,14.64
pp_3,56.6,0.0,0.0,56.6,12.64
pp_3,60.6,0.0,0.0,60.6,11.99
pp_3,69.9,0.0,0.0,69.9,9.77
pp_3,58.7,0.0,0.0,58.7,8.56
pp_3,61.9,0.0,0.0,61.9,6.62
pp_3,57.5,10.0,0.0,67.5,3.49
pp_3,57.5,0.0,0.0,57.5,1.89
pp_3,60.8,0.0,0.0,60.8,0.73
pp_3,56.7,0.0,0.0,56.7,1.49
pp_3,56.9,0.0,0.0,56.9,2.91
pp_3,62.0,0.0,0.0,62.0,3.85
pp_3,66.7,0.0,0.0,66.7,4.92
pp_3,58.5,0.0,0.0,58.5,5.54
pp_3,62.1,0.0,10.0,72.1,5.95
pp_3,67.5,0.0,0.0,67.5,6.16
pp_3,59.7,0.0,0.0,59.7,6.83
pp_3,60.6,0.0,0.0,60.6,7.36
pp_3,66.8,0.0,10.0,76.8,6.47
pp_3,61.3,0.0,0.0,61.3,6.32
pp_3,60.7,0.0,0.0,60.7,6.97
pp_3,56.7,0.0,10.0,66.7,5.97
pp_3,47.0,10.0,0.0,57.0,4.89
pp_3,60.7,0.0,0.0,60.7,4.47
pp_3,56.8,0.0,0.0,56.8,4.46
pp_3,57.2,0.0,0.0,57.2,3.27
pp_3,60.7,0.0,0.0,60.7,2.37
pp_3,66.7,0.0,0.0,66.7,1.79
pp_3,59.0,0.0,0.0,59.0,1.77
pp_3,58.4,0.0,0.0,58.4,2.18
pp_3,58.2,10.0,0.0,68.2,2.41
pp_3,58.4,0.0,0.0,58.4,2.18
pp_3,57.3,0.0,0.0,57.3,1.69
pp_3,57.4,0.0,10.0,67.4,0.72
pp_3,46.9,0.0,10.0,56.9,0.73
pp_3,56.9,0.0,0.0,56.9,1.51
pp_3,56.8,0.0,0.0,56.8,2.64
pp_3,57.1,0.0,0.0,57.1,3.19
pp_3,57.1,0.0,0.0,57.1,3.8
pp_3,56.9,0.0,0.0,56.9,3.97
pp_3,56.9,0.0,0.0,56.9,2.62
pp_3,56.8,0.0,0.0,56.8,2.05
pp_3,56.7,10.0,0.0,66.7,1.3
pp_3,57.4,0.0,0.0,57.4,1.32
pp_3,58.3,0.0,0.0,58.3,1.9
pp_3,57.8,0.0,10.0,67.8,2.4
pp_3,47.1,10.0,0.0,57.1,2.94
pp_3,56.7,0.0,0.0,56.7,3.38
pp_3,56.8,0.0,0.0,56.8,4.25
pp_3,46.9,0.0,10.0,56.9,4.4
pp_3,58.7,0.0,0.0,58.7,4.74
pp_3,56.6,10.0,0.0,66.6,4.56
pp_3,59.7,0.0,0.0,59.7,4.72
pp_3,60.7,0.0,0.0,60.7,4.87
pp_3,68.6,0.0,0.0,68.6,3.83
pp_3,59.2,0.0,0.0,59.2,3.16
pp_3,57.3,0.0,0.0,57.3,2.35
pp_3,56.7,0.0,10.0,66.7,1.26
pp_3,57.4,0.0,0.0,57.4,1.51
pp_3,56.8,0.0,0.0,56.8,2.25
pp_3,56.7,0.0,10.0,66.7,2.67
pp_3,46.9,10.0,0.0,56.9,3.08
pp_3,46.7,0.0,10.0,56.7,3.27
pp_3,57.5,10.0,0.0,67.5,3.05
pp_3,47.4,10.0,0.0,57.4,2.85
pp_3,57.6,0.0,0.0,57.6,2.58
pp_3,56.7,0.0,0.0,56.7,2.45
pp_3,46.9,10.0,0.0,56.9,2.05
pp_3,56.9,0.0,0.0,56.9,2.05
pp_3,56.7,0.0,0.0,56.7,2.31
pp_3,58.2,0.0,0.0,58.2,2.19
pp_3,57.2,0.0,0.0,57.2,2.42
pp_3,57.0,0.0,0.0,57.0,2.9
pp_3,56.9,0.0,0.0,56.9,2.53
pp_3,57.9,0.0,0.0,57.9,2.45
pp_3,57.0,0.0,10.0,67.0,1.88
pp_3,57.1,0.0,0.0,57.1,1.65
pp_3,58.0,0.0,0.0,58.0,1.74
pp_3,56.6,0.0,0.0,56.6,2.19
pp_3,46.8,0.0,0.0,46.8,2.71
pp_3,56.7,0.0,0.0,56.7,2.96
pp_3,67.9,0.0,0.0,67.9,3.5
pp_3,57.9,0.0,0.0,57.9,4.37
pp_3,57.3,0.0,0.0,57.3,5.0
pp_3,58.0,0.0,10.0,68.0,4.38
pp_3,47.0,0.0,10.0,57.0,3.87
pp_3,57.4,0.0,0.0,57.4,3.11
pp_3,56.8,0.0,10.0,66.8,1.46
pp_3,56.8,0.0,0.0,56.8,1.0
pp_3,59.4,0.0,0.0,59.4,1.24
pp_3,56.7,0.0,0.0,56.7,1.74
pp_3,58.1,0.0,0.0,58.1,2.0
pp_3,56.8,0.0,0.0,56.8,2.08
pp_3,68.7,0.0,0.0,68.7,2.06
pp_3,58.6,0.0,0.0,58.6,2.01
pp_3,57.8,0.0,0.0,57.8,1.96
pp_3,56.7,0.0,10.0,66.7,1.78
pp_3,46.9,0.0,10.0,56.9,1.62
pp_3,57.3,0.0,0.0,57.3,1.33
pp_3,56.7,0.0,10.0,66.7,1.04
pp_3,57.4,0.0,0.0,57.4,0.89
pp_3,58.6,0.0,0.0,58.6,0.76
pp_3,56.7,0.0,10.0,66.7,0.72
pp_3,47.2,10.0,0.0,57.2,0.78
pp_3,56.7,0.0,0.0,56.7,0.64
pp_3,56.7,0.0,10.0,66.7,0.51
pp_3,47.1,10.0,0.0,57.1,0.59
pp_3,57.8,0.0,0.0,57.8,0.43
pp_3,66.9,0.0,0.0,66.9,0.37
pp_3,58.4,0.0,0.0,58.4,0.56
pp_3,57.6,0.0,0.0,57.6,0.5
pp_3,60.7,10.0,0.0,70.7,0.31
pp_3,47.6,10.0,0.0,57.6,0.5
pp_3,56.8,0.0,0.0,56.8,0.81
pp_3,61.0,0.0,0.0,61.0,1.26
pp_3,47.2,10.0,0.0,57.2,2.41
pp_3,57.0,0.0,0.0,57.0,4.13
pp_3,60.6,0.0,0.0,60.6,6.29
pp_3,56.9,0.0,0.0,56.9,7.98
pp_3,56.9,0.0,0.0,56.9,9.54
pp_3,60.8,0.0,0.0,60.8,10.51
pp_3,46.8,10.0,0.0,56.8,9.79
pp_3,57.1,0.0,0.0,57.1,9.4
pp_3,62.8,0.0,10.0,72.8,7.31
pp_3,57.5,0.0,0.0,57.5,8.56
pp_3,57.4,0.0,0.0,57.4,10.32
pp_3,60.7,0.0,0.0,60.7,12.61
pp_3,46.8,10.0,0.0,56.8,13.69
pp_3,57.2,0.0,0.0,57.2,14.32
pp_3,60.8,0.0,10.0,70.8,12.04
pp_3,57.3,0.0,0.0,57.3,16.59
pp_3,56.9,0.0,0.0,56.9,16.17
pp_3,60.8,0.0,10.0,70.8,11.11
pp_3,46.8,0.0,0.0,46.8,15.52
pp_3,56.8,0.0,0.0,56.8,11.03
pp_3,60.9,0.0,0.0,60.9,9.59
pp_3,46.9,10.0,0.0,56.9,10.15
pp_3,57.1,0.0,0.0,57.1,13.42
pp_3,60.8,0.0,0.0,60.8,15.08
pp_3,57.8,0.0,0.0,57.8,17.32
pp_3,56.8,0.0,0.0,56.8,17.3
pp_3,61.0,0.0,10.0,71.0,12.76
pp_3,56.9,0.0,0.0,56.9,13.15
pp_3,57.6,0.0,0.0,57.6,11.15
pp_3,72.2,0.0,0.0,72.2,7.11
pp_3,60.2,0.0,0.0,60.2,6.54
pp_3,58.1,0.0,0.0,58.1,5.79
pp_3,60.8,0.0,0.0,60.8,5.17
pp_3,46.7,0.0,10.0,56.7,4.33
pp_3,57.3,0.0,0.0,57.3,4.21
pp_3,60.6,0.0,10.0,70.6,4.04
pp_3,48.0,10.0,0.0,58.0,3.95
pp_3,57.0,0.0,0.0,57.0,3.64
pp_3,60.7,10.0,0.0,70.7,3.01
pp_3,48.1,10.0,0.0,58.1,2.56
pp_3,56.9,0.0,0.0,56.9,2.07
pp_3,60.9,0.0,10.0,70.9,1.08
pp_3,47.6,0.0,10.0,57.6,1.23
pp_3,46.9,10.0,0.0,56.9,1.17
pp_3,61.0,0.0,0.0,61.0,1.69
pp_3,56.9,0.0,0.0,56.9,1.94
pp_3,56.9,0.0,0.0,56.9,2.11
pp_3,60.8,0.0,10.0,70.8,2.3
pp_3,57.1,0.0,0.0,57.1,2.03
pp_3,56.8,0.0,0.0,56.8,1.73
pp_3,60.7,0.0,0.0,60.7,1.49
pp_3,46.9,0.0,10.0,56.9,1.18
pp_3,57.6,0.0,0.0,57.6,1.16
pp_3,60.8,0.0,0.0,60.8,1.48
pp_3,56.8,0.0,0.0,56.8,1.47
pp_3,58.6,0.0,0.0,58.6,1.87
pp_3,62.4,0.0,10.0,72.4,1.76
pp_3,57.5,0.0,0.0,57.5,3.13
pp_3,60.3,0.0,0.0,60.3,3.84
pp_3,61.0,0.0,0.0,61.0,4.36
pp_3,67.0,0.0,0.0,67.0,3.89
pp_3,56.6,0.0,0.0,56.6,3.88
pp_3,60.8,10.0,0.0,70.8,2.61
pp_3,57.9,0.0,0.0,57.9,3.2
pp_3,58.4,0.0,0.0,58.4,3.2
pp_3,60.7,0.0,10.0,70.7,2.08
pp_3,47.6,10.0,0.0,57.6,2.62
pp_3,57.2,0.0,0.0,57.2,2.75
pp_3,60.8,0.0,0.0,60.8,2.99
pp_3,56.7,0.0,0.0,56.7,3.77
pp_3,57.9,0.0,0.0,57.9,4.2
pp_3,61.0,0.0,0.0,61.0,4.96
pp_3,57.0,0.0,10.0,67.0,5.14
pp_3,56.7,0.0,0.0,56.7,5.37
pp_3,60.9,0.0,0.0,60.9,5.43
pp_3,56.9,0.0,10.0,66.9,4.36
pp_3,57.2,0.0,0.0,57.2,3.99
pp_3,60.7,0.0,10.0,70.7,2.82
pp_3,47.3,10.0,0.0,57.3,3.58
pp_3,56.8,0.0,0.0,56.8,3.78
pp_3,60.8,10.0,0.0,70.8,2.49
pp_3,47.8,10.0,0.0,57.8,3.03
pp_3,56.8,0.0,0.0,56.8,3.05
pp_3,60.9,0.0,0.0,60.9,3.12
pp_3,46.9,0.0,10.0,56.9,3.28
pp_3,56.7,0.0,0.0,56.7,3.36
pp_3,60.8,0.0,0.0,60.8,3.3
pp_3,47.0,0.0,10.0,57.0,3.02
pp_3,56.8,0.0,0.0,56.8,2.75
pp_3,60.7,0.0,0.0,60.7,2.42
pp_3,57.1,0.0,0.0,57.1,2.18
pp_3,57.2,0.0,0.0,57.2,2.39
pp_3,60.9,0.0,0.0,60.9,2.69
pp_3,46.9,0.0,10.0,56.9,2.73
pp_3,56.9,0.0,0.0,56.9,2.87
pp_3,60.7,0.0,0.0,60.7,2.79
pp_3,47.1,0.0,10.0,57.1,1.97
pp_3,56.7,0.0,0.0,56.7,1.44
pp_3,60.7,0.0,0.0,60.7,0.97
pp_3,57.9,0.0,0.0,57.9,0.46
pp_3,56.9,0.0,0.0,56.9,0.29
pp_3,62.8,10.0,0.0,72.8,0.41
pp_3,58.5,0.0,0.0,58.5,1.34
pp_3,56.9,0.0,0.0,56.9,1.81
pp_3,60.7,0.0,10.0,70.7,1.52
pp_3,57.0,0.0,0.0,57.0,1.93
pp_3,57.7,0.0,0.0,57.7,1.72
pp_3,60.8,10.0,0.0,70.8,0.71
pp_3,57.8,0.0,0.0,57.8,0.58
pp_3,59.9,0.0,0.0,59.9,0.43
pp_3,60.7,10.0,0.0,70.7,0.71
pp_3,48.4,10.0,0.0,58.4,0.85
pp_3,58.6,0.0,0.0,58.6,0.97
pp_3,70.7,0.0,0.0,70.7,1.18
pp_3,58.0,0.0,0.0,58.0,0.91
pp_3,57.1,0.0,0.0,57.1,0.72
pp_3,60.7,0.0,0.0,60.7,0.59
pp_3,56.9,0.0,0.0,56.9,0.71
pp_3,56.8,0.0,0.0,56.8,0.75
pp_3,60.7,0.0,10.0,70.7,1.07
pp_3,58.0,0.0,0.0,58.0,1.25
pp_3,59.8,0.0,0.0,59.8,1.36
pp_3,60.8,0.0,0.0,60.8,1.29
pp_3,57.1,0.0,0.0,57.1,1.15
pp_3,46.9,10.0,0.0,56.9,0.97
pp_3,60.7,0.0,10.0,70.7,0.74
pp_3,47.1,0.0,10.0,57.1,0.49
pp_3,56.9,0.0,0.0,56.9,0.33
pp_3,60.6,0.0,10.0,70.6,0.64
pp_3,47.3,0.0,10.0,57.3,1.14
pp_3,57.5,0.0,0.0,57.5,1.88
pp_3,60.6,0.0,10.0,70.6,2.58
pp_3,57.3,0.0,0.0,57.3,3.74
pp_3,57.4,0.0,0.0,57.4,4.33
pp_3,72.5,0.0,0.0,72.5,3.31
pp_3,58.7,0.0,0.0,58.7,3.24
pp_3,48.7,10.0,0.0,58.7,2.6
pp_3,60.8,0.0,0.0,60.8,1.79
pp_3,57.8,0.0,0.0,57.8,1.36
pp_3,57.0,0.0,0.0,57.0,1.45
pp_3,60.7,0.0,0.0,60.7,1.65
pp_3,57.0,0.0,0.0,57.0,1.74
pp_3,58.0,0.0,0.0,58.0,1.88
pp_3,71.1,0.0,0.0,71.1,1.77
pp_3,61.0,0.0,0.0,61.0,1.67
pp_3,57.6,0.0,0.0,57.6,1.65
pp_3,60.9,0.0,0.0,60.9,1.59
pp_3,47.0,0.0,10.0,57.0,1.44
pp_3,56.7,0.0,0.0,56.7,1.35
pp_3,60.8,0.0,10.0,70.8,1.18
pp_3,46.9,0.0,10.0,56.9,1.11
pp_3,57.0,0.0,0.0,57.0,1.04
pp_3,60.7,0.0,10.0,70.7,0.94
pp_3,47.6,10.0,0.0,57.6,0.89
pp_3,57.0,0.0,0.0,57.0,0.84
pp_3,60.7,0.0,0.0,60.7,0.83
pp_3,47.1,0.0,10.0,57.1,0.65
pp_3,57.4,0.0,0.0,57.4,0.67
pp_3,60.9,0.0,0.0,60.9,0.69
pp_3,47.2,10.0,0.0,57.2,0.67
pp_3,57.1,0.0,0.0,57.1,0.61
pp_3,60.7,0.0,0.0,60.7,0.66
pp_3,46.8,0.0,10.0,56.8,0.67
pp_3,56.7,0.0,0.0,56.7,0.68
pp_3,71.7,0.0,0.0,71.7,0.51
pp_3,58.1,0.0,0.0,58.1,0.85
pp_3,46.8,10.0,0.0,56.8,1.21
pp_3,60.9,0.0,10.0,70.9,1.49
pp_3,47.1,0.0,10.0,57.1,2.43
pp_3,47.6,10.0,0.0,57.6,3.0
pp_3,61.8,0.0,10.0,71.8,2.86
pp_3,58.2,0.0,0.0,58.2,3.02
pp_3,57.6,0.0,0.0,57.6,2.57
pp_3,61.1,0.0,10.0,71.1,1.52
pp_3,47.2,10.0,0.0,57.2,1.22
pp_3,57.3,0.0,0.0,57.3,0.93
pp_3,60.6,0.0,10.0,70.6,0.98
pp_3,47.1,10.0,0.0,57.1,1.08
pp_3,56.8,0.0,0.0,56.8,1.18
pp_3,61.6,0.0,10.0,71.6,1.08
pp_3,47.7,10.0,0.0,57.7,1.17
pp_3,56.9,0.0,0.0,56.9,1.02
pp_3,70.8,0.0,0.0,70.8,0.86
pp_3,58.5,0.0,0.0,58.5,1.51
pp_3,56.9,0.0,0.0,56.9,1.94
pp_3,60.9,0.0,0.0,60.9,2.98
pp_3,56.9,0.0,0.0,56.9,3.99
pp_3,57.2,0.0,0.0,57.2,5.38
pp_3,60.7,0.0,0.0,60.7,6.4
pp_3,58.3,0.0,0.0,58.3,6.53
pp_3,57.8,0.0,0.0,57.8,6.65
pp_3,60.7,0.0,0.0,60.7,5.71
pp_3,46.8,10.0,0.0,56.8,3.2
pp_3,58.2,0.0,0.0,58.2,1.7
pp_3,60.8,0.0,0.0,60.8,0.68
pp_3,58.0,0.0,0.0,58.0,1.79
pp_3,59.3,0.0,0.0,59.3,2.84
pp_3,60.7,0.0,0.0,60.7,3.4
pp_3,47.0,0.0,10.0,57.0,3.51
pp_3,57.3,0.0,0.0,57.3,3.17
pp_3,60.8,0.0,0.0,60.8,2.75
pp_3,58.3,0.0,0.0,58.3,2.12
pp_3,58.3,0.0,0.0,58.3,2.08
pp_3,60.8,0.0,0.0,60.8,1.94
pp_3,56.9,0.0,10.0,66.9,1.76
pp_3,56.9,0.0,0.0,56.9,1.56
pp_3,60.9,0.0,10.0,70.9,1.22
pp_3,66.8,0.0,0.0,66.8,0.97
pp_3,60.6,0.0,0.0,60.6,0.96
pp_3,70.7,0.0,0.0,70.7,0.69
pp_3,49.5,0.0,10.0,59.5,0.75
pp_3,58.1,0.0,0.0,58.1,0.85
pp_3,62.5,0.0,0.0,62.5,0.93
pp_3,56.8,0.0,10.0,66.8,0.92
pp_3,57.1,0.0,0.0,57.1,1.05
pp_3,60.6,10.0,0.0,70.6,1.63
pp_3,57.7,0.0,0.0,57.7,2.86
pp_3,58.8,0.0,0.0,58.8,4.15
pp_3,60.8,0.0,0.0,60.8,5.55
pp_3,47.4,0.0,10.0,57.4,6.21
pp_3,46.9,10.0,0.0,56.9,7.31
pp_3,61.1,0.0,0.0,61.1,8.05
pp_3,66.6,0.0,0.0,66.6,8.15
pp_3,56.7,0.0,0.0,56.7,9.41
pp_3,60.9,0.0,10.0,70.9,8.8
pp_3,47.3,10.0,0.0,57.3,11.16
pp_3,57.0,0.0,0.0,57.0,12.07
pp_3,60.7,0.0,10.0,70.7,9.75
pp_3,68.1,0.0,10.0,78.1,7.29
pp_3,83.5,0.0,0.0,83.5,4.18
pp_3,76.0,0.0,10.0,86.0,3.19
pp_3,81.0,0.0,0.0,81.0,4.21
pp_3,79.7,0.0,0.0,79.7,4.46
pp_3,78.2,0.0,0.0,78.2,4.53
pp_3,71.1,0.0,0.0,71.1,4.08
pp_3,71.1,0.0,0.0,71.1,3.84
pp_3,68.5,0.0,0.0,68.5,3.7
pp_3,62.4,0.0,0.0,62.4,3.68
pp_3,60.0,0.0,0.0,60.0,3.76
pp_3,70.7,0.0,0.0,70.7,4.1
pp_3,59.8,0.0,0.0,59.8,3.74
pp_3,61.0,0.0,0.0,61.0,3.24
pp_3,60.7,10.0,0.0,70.7,3.29
pp_3,57.6,0.0,0.0,57.6,2.88
pp_3,59.4,0.0,0.0,59.4,3.31
pp_3,60.9,0.0,0.0,60.9,3.4
pp_3,56.9,0.0,0.0,56.9,3.02
pp_3,47.0,10.0,0.0,57.0,2.68
pp_3,61.1,0.0,0.0,61.1,2.79
pp_3,47.4,10.0,0.0,57.4,2.78
pp_3,56.8,0.0,0.0,56.8,3.07
pp_3,61.0,0.0,0.0,61.0,3.32
pp_3,56.7,0.0,10.0,66.7,3.52
pp_3,56.7,0.0,0.0,56.7,4.0
pp_3,60.8,0.0,10.0,70.8,4.46
pp_3,58.1,0.0,0.0,58.1,5.68
pp_3,59.8,0.0,0.0,59.8,6.15
pp_3,61.4,0.0,0.0,61.4,6.4
pp_3,66.6,0.0,0.0,66.6,5.34
pp_3,56.8,0.0,0.0,56.8,5.57
pp_3,60.7,0.0,0.0,60.7,5.51
pp_3,56.7,0.0,10.0,66.7,4.56
pp_3,47.7,10.0,0.0,57.7,4.31
pp_3,60.8,0.0,0.0,60.8,4.48
pp_3,56.8,10.0,0.0,66.8,4.54
pp_3,56.9,0.0,0.0,56.9,5.0
pp_3,60.8,10.0,0.0,70.8,3.72
pp_3,47.8,10.0,0.0,57.8,3.73
pp_3,57.1,0.0,0.0,57.1,3.22
pp_3,60.9,0.0,10.0,70.9,2.03
pp_3,56.7,0.0,10.0,66.7,1.83
pp_3,57.2,0.0,0.0,57.2,1.53
pp_3,60.7,0.0,0.0,60.7,1.62
pp_3,56.9,0.0,0.0,56.9,1.7
pp_3,56.8,0.0,0.0,56.8,1.42
pp_3,60.8,0.0,10.0,70.8,1.84
pp_3,67.1,0.0,0.0,67.1,3.01
pp_3,46.6,10.0,0.0,56.6,4.01
pp_3,72.3,0.0,0.0,72.3,5.19
pp_3,60.1,0.0,0.0,60.1,7.77
pp_3,57.9,0.0,0.0,57.9,9.19
pp_3,61.9,0.0,10.0,71.9,8.27
pp_3,56.7,10.0,0.0,66.7,8.44
pp_3,56.9,0.0,0.0,56.9,7.46
pp_3,60.7,0.0,0.0,60.7,6.31
pp_3,56.8,0.0,10.0,66.8,4.34
pp_3,57.1,0.0,0.0,57.1,3.47
pp_3,60.7,0.0,0.0,60.7,2.67
pp_3,47.0,0.0,10.0,57.0,1.33
pp_3,46.8,10.0,0.0,56.8,1.22
pp_3,60.7,0.0,0.0,60.7,0.77
pp_3,56.8,0.0,10.0,66.8,0.74
pp_3,57.6,0.0,0.0,57.6,0.81
pp_3,61.0,0.0,0.0,61.0,0.96
pp_3,58.2,0.0,0.0,58.2,1.1
pp_3,59.0,0.0,0.0,59.0,0.94
pp_3,60.9,0.0,0.0,60.9,0.74
pp_3,47.2,0.0,10.0,57.2,0.82
pp_3,57.1,0.0,0.0,57.1,0.54
pp_3,62.1,10.0,0.0,72.1,0.53
pp_3,58.8,0.0,0.0,58.8,0.3
pp_3,59.1,0.0,0.0,59.1,0.38
pp_3,60.7,0.0,10.0,70.7,0.4
pp_3,56.8,10.0,0.0,66.8,0.76
pp_3,57.2,0.0,0.0,57.2,0.91
pp_3,61.2,0.0,0.0,61.2,1.09
pp_3,66.8,0.0,0.0,66.8,1.09
pp_3,57.2,0.0,0.0,57.2,1.32
pp_3,60.8,0.0,0.0,60.8,1.42
pp_3,47.3,0.0,10.0,57.3,1.15
pp_3,47.1,10.0,0.0,57.1,0.98
pp_3,61.0,0.0,10.0,71.0,0.4
pp_3,56.8,10.0,0.0,66.8,0.49
pp_3,56.9,0.0,0.0,56.9,0.42
pp_3,60.8,0.0,10.0,70.8,0.22
pp_3,57.8,0.0,0.0,57.8,0.45
pp_3,57.9,0.0,0.0,57.9,0.28
pp_3,60.6,0.0,0.0,60.6,0.16
pp_3,56.7,0.0,0.0,56.7,0.4
pp_3,57.3,0.0,0.0,57.3,0.68
pp_3,60.9,0.0,0.0,60.9,0.96
pp_3,56.9,0.0,10.0,66.9,1.11
pp_3,57.1,0.0,0.0,57.1,1.06
pp_3,60.9,0.0,0.0,60.9,1.16
pp_3,56.6,10.0,0.0,66.6,1.73
pp_3,56.9,0.0,0.0,56.9,2.78
pp_3,60.8,0.0,0.0,60.8,4.08
pp_3,57.0,0.0,10.0,67.0,5.09
pp_3,57.1,0.0,0.0,57.1,5.74
pp_3,60.8,0.0,0.0,60.8,5.71
pp_3,66.9,0.0,0.0,66.9,4.3
pp_3,58.0,0.0,0.0,58.0,3.33
pp_3,61.0,0.0,0.0,61.0,2.06
pp_3,66.9,0.0,0.0,66.9,0.77
pp_3,58.3,0.0,0.0,58.3,1.24
pp_3,60.7,10.0,0.0,70.7,2.21
pp_3,58.6,0.0,0.0,58.6,2.59
pp_3,47.1,10.0,0.0,57.1,2.76
pp_3,60.9,0.0,0.0,60.9,2.74
pp_3,47.2,0.0,10.0,57.2,2.52
pp_3,58.4,0.0,0.0,58.4,2.36
pp_3,60.8,0.0,0.0,60.8,2.18
pp_3,47.2,0.0,10.0,57.2,1.91
pp_3,57.2,0.0,0.0,57.2,1.77
pp_3,61.0,0.0,0.0,61.0,1.68
pp_3,57.4,0.0,0.0,57.4,1.53
pp_3,47.6,10.0,0.0,57.6,1.48
pp_3,60.8,0.0,10.0,70.8,1.2
pp_3,47.8,0.0,10.0,57.8,1.16
pp_3,57.4,0.0,0.0,57.4,0.99
pp_3,60.9,0.0,10.0,70.9,0.67
pp_3,58.4,0.0,0.0,58.4,0.68
pp_3,58.9,0.0,0.0,58.9,0.67
pp_3,60.9,0.0,0.0,60.9,0.74
pp_3,59.1,0.0,0.0,59.1,1.0
pp_3,58.3,0.0,0.0,58.3,1.47
pp_3,60.8,0.0,10.0,70.8,1.97
pp_3,47.3,10.0,0.0,57.3,2.93
pp_3,56.9,0.0,0.0,56.9,3.64
pp_3,61.2,0.0,0.0,61.2,4.27
pp_3,46.9,10.0,0.0,56.9,4.65
pp_3,57.0,0.0,0.0,57.0,5.12
pp_3,70.7,0.0,0.0,70.7,4.57
pp_3,59.5,0.0,0.0,59.5,5.32
pp_3,57.3,0.0,0.0,57.3,5.27
pp_3,60.9,10.0,0.0,70.9,3.76
pp_3,58.0,0.0,0.0,58.0,4.08
pp_3,60.6,0.0,0.0,60.6,4.52
pp_3,60.7,0.0,0.0,60.7,4.87
pp_3,57.3,0.0,0.0,57.3,4.23
pp_3,58.1,0.0,0.0,58.1,4.42
pp_3,60.9,0.0,0.0,60.9,5.0
pp_3,56.7,0.0,10.0,66.7,4.71
pp_3,57.7,0.0,0.0,57.7,4.69
pp_3,60.8,0.0,0.0,60.8,4.59
pp_3,56.7,0.0,10.0,66.7,3.28
pp_3,57.0,0.0,0.0,57.0,2.85
pp_3,60.7,0.0,10.0,70.7,1.11
pp_3,57.1,0.0,0.0,57.1,0.85
pp_3,58.4,0.0,0.0,58.4,0.57
pp_3,60.8,0.0,0.0,60.8,0.95
pp_3,56.9,0.0,0.0,56.9,1.88
pp_3,57.3,0.0,0.0,57.3,2.36
pp_3,60.9,0.0,0.0,60.9,2.69
pp_3,56.8,0.0,10.0,66.8,3.05
pp_3,57.9,0.0,0.0,57.9,3.2
pp_3,61.1,0.0,10.0,71.1,3.29
pp_3,66.8,0.0,0.0,66.8,3.28
pp_3,58.7,0.0,0.0,58.7,3.25
pp_3,60.7,0.0,0.0,60.7,3.33
pp_3,56.8,0.0,0.0,56.8,3.44
pp_3,57.0,0.0,0.0,57.0,3.29
pp_3,60.9,0.0,0.0,60.9,3.86
pp_3,66.7,0.0,0.0,66.7,5.01
pp_3,56.8,0.0,0.0,56.8,6.55
pp_3,62.3,10.0,0.0,72.3,7.0
pp_3,58.1,0.0,0.0,58.1,8.43
pp_3,57.8,0.0,0.0,57.8,8.77
pp_3,60.8,0.0,0.0,60.8,8.74
pp_3,56.6,0.0,10.0,66.6,6.97
pp_3,46.8,10.0,0.0,56.8,5.81
pp_3,62.1,0.0,10.0,72.1,3.51
pp_3,57.6,0.0,0.0,57.6,3.59
pp_3,58.1,0.0,0.0,58.1,2.8
pp_3,60.6,0.0,0.0,60.6,2.57
pp_3,58.4,0.0,0.0,58.4,1.95
pp_3,61.1,0.0,0.0,61.1,1.84
pp_3,61.2,0.0,10.0,71.2,1.15
pp_3,57.7,0.0,0.0,57.7,0.95
pp_3,57.6,0.0,0.0,57.6,0.86
pp_3,60.8,0.0,0.0,60.8,1.05
pp_3,56.8,0.0,10.0,66.8,1.57
pp_3,56.9,0.0,0.0,56.9,1.83
pp_3,72.2,0.0,0.0,72.2,2.2
pp_3,59.4,0.0,0.0,59.4,2.29
pp_3,59.5,0.0,0.0,59.5,2.42
pp_3,60.9,0.0,0.0,60.9,2.34
pp_3,66.7,0.0,0.0,66.7,2.21
pp_3,57.4,0.0,0.0,57.4,1.98
pp_3,60.8,0.0,10.0,70.8,1.72
pp_3,48.0,10.0,0.0,58.0,1.63
pp_3,57.1,0.0,0.0,57.1,1.72
pp_3,60.8,0.0,0.0,60.8,2.05
pp_3,57.0,0.0,10.0,67.0,2.6
pp_3,57.0,0.0,0.0,57.0,3.92
pp_3,71.0,0.0,0.0,71.0,4.71
pp_3,61.6,0.0,0.0,61.6,6.54
pp_3,59.1,0.0,0.0,59.1,6.96
pp_3,60.8,0.0,0.0,60.8,6.51
pp_3,66.6,0.0,0.0,66.6,4.56
pp_3,56.9,0.0,0.0,56.9,3.25
pp_3,60.9,0.0,10.0,70.9,1.45
pp_3,47.2,0.0,10.0,57.2,1.18
pp_3,57.1,0.0,0.0,57.1,1.04
pp_3,61.5,0.0,0.0,61.5,0.53
pp_3,56.8,10.0,0.0,66.8,0.64
pp_3,46.9,10.0,0.0,56.9,1.05
pp_3,61.1,0.0,0.0,61.1,1.5
pp_3,56.7,10.0,0.0,66.7,2.22
pp_3,47.0,10.0,0.0,57.0,3.17
pp_3,61.9,0.0,10.0,71.9,2.81
pp_3,47.3,0.0,10.0,57.3,3.62
pp_3,57.0,0.0,0.0,57.0,3.95
pp_3,60.8,0.0,0.0,60.8,3.65
pp_3,56.7,0.0,10.0,66.7,2.51
pp_3,47.1,10.0,0.0,57.1,2.97
pp_3,61.0,0.0,0.0,61.0,3.48
pp_3,47.6,0.0,10.0,57.6,3.51
pp_3,47.4,10.0,0.0,57.4,3.71
pp_3,60.8,0.0,0.0,60.8,3.53
pp_3,48.3,0.0,10.0,58.3,2.94
pp_3,57.7,0.0,0.0,57.7,2.69
pp_3,60.8,0.0,0.0,60.8,2.36
pp_3,56.9,0.0,10.0,66.9,2.04
pp_3,56.9,0.0,0.0,56.9,1.91
pp_3,60.8,0.0,0.0,60.8,2.16
pp_3,56.9,0.0,10.0,66.9,2.48
pp_3,56.9,0.0,0.0,56.9,2.08
pp_3,61.5,0.0,10.0,71.5,1.45
pp_3,57.9,0.0,0.0,57.9,1.35
pp_3,60.4,0.0,0.0,60.4,1.29
pp_3,60.7,10.0,0.0,70.7,1.1
pp_3,61.1,0.0,0.0,61.1,1.13
pp_3,58.7,0.0,0.0,58.7,1.21
pp_3,60.8,0.0,0.0,60.8,1.18
pp_3,66.7,0.0,0.0,66.7,1.03
pp_3,58.3,0.0,0.0,58.3,0.9
pp_3,61.0,0.0,0.0,61.0,0.7
pp_3,56.7,0.0,10.0,66.7,0.47
pp_3,57.6,0.0,0.0,57.6,0.89
pp_3,61.0,0.0,10.0,71.0,1.47
pp_3,56.8,0.0,10.0,66.8,2.44
pp_3,57.3,0.0,0.0,57.3,3.43
pp_3,71.0,0.0,0.0,71.0,3.49
pp_3,48.8,10.0,0.0,58.8,4.26
pp_3,56.8,0.0,0.0,56.8,4.13
pp_3,60.9,0.0,0.0,60.9,3.41
pp_3,58.2,0.0,0.0,58.2,2.28
pp_3,58.7,0.0,0.0,58.7,1.59
pp_3,60.8,0.0,10.0,70.8,0.6
pp_3,56.8,0.0,10.0,66.8,0.47
pp_3,57.0,0.0,0.0,57.0,0.42
pp_3,61.0,0.0,10.0,71.0,0.64
pp_3,47.3,0.0,10.0,57.3,1.82
pp_3,56.9,0.0,0.0,56.9,2.14
pp_3,61.0,10.0,0.0,71.0,1.83
pp_3,58.8,0.0,0.0,58.8,2.52
pp_3,59.7,0.0,0.0,59.7,3.27
pp_3,60.9,0.0,0.0,60.9,3.62
pp_3,56.7,0.0,10.0,66.7,3.82
pp_3,57.1,0.0,0.0,57.1,4.14
pp_3,71.9,0.0,0.0,71.9,4.28
pp_3,61.3,0.0,0.0,61.3,5.68
pp_3,62.0,0.0,0.0,62.0,6.17
pp_3,61.5,0.0,0.0,61.5,6.6
pp_3,47.3,10.0,0.0,57.3,5.63
pp_3,57.5,0.0,0.0,57.5,4.45
pp_3,61.0,0.0,0.0,61.0,3.87
pp_3,56.8,0.0,10.0,66.8,3.05
pp_3,57.0,0.0,0.0,57.0,3.63
pp_3,61.0,0.0,0.0,61.0,2.92
pp_3,58.4,0.0,0.0,58.4,1.34
pp_3,60.3,0.0,0.0,60.3,1.09
pp_3,60.8,0.0,0.0,60.8,0.57
pp_3,56.7,10.0,0.0,66.7,1.08
pp_3,57.7,0.0,0.0,57.7,1.39
pp_3,60.6,0.0,0.0,60.6,1.37
pp_3,66.8,0.0,0.0,66.8,1.57
pp_3,59.2,0.0,0.0,59.2,1.92
pp_3,60.8,0.0,10.0,70.8,2.38
pp_3,67.2,0.0,0.0,67.2,2.13
pp_3,58.8,0.0,0.0,58.8,1.94
pp_3,60.9,0.0,0.0,60.9,1.65
pp_3,56.7,10.0,0.0,66.7,1.76
pp_3,56.7,0.0,0.0,56.7,1.88
pp_3,60.9,0.0,10.0,70.9,1.74
pp_3,56.7,10.0,0.0,66.7,1.57
pp_3,57.2,0.0,0.0,57.2,1.68
pp_3,60.8,0.0,0.0,60.8,1.37
pp_3,57.0,0.0,10.0,67.0,1.33
pp_3,57.3,0.0,0.0,57.3,1.11
pp_3,61.0,0.0,0.0,61.0,1.14
pp_3,56.9,0.0,10.0,66.9,0.94
pp_3,56.9,0.0,0.0,56.9,0.99
pp_3,60.9,0.0,0.0,60.9,0.96
pp_3,56.8,0.0,0.0,56.8,1.02
pp_3,56.7,0.0,0.0,56.7,0.88
pp_3,61.0,0.0,10.0,71.0,0.81
pp_3,47.5,0.0,10.0,57.5,0.87
pp_3,56.8,0.0,0.0,56.8,0.88
pp_3,72.7,0.0,0.0,72.7,0.65
pp_3,59.3,0.0,0.0,59.3,0.41
pp_3,58.5,0.0,0.0,58.5,0.51
pp_3,70.9,0.0,0.0,70.9,0.88
pp_3,60.1,0.0,0.0,60.1,0.92
pp_3,57.6,0.0,0.0,57.6,0.98
pp_3,60.9,0.0,0.0,60.9,1.17
pp_3,58.2,0.0,0.0,58.2,1.14
pp_3,57.3,0.0,0.0,57.3,1.26
pp_3,61.0,0.0,10.0,71.0,1.09
pp_3,58.6,0.0,0.0,58.6,1.36
pp_3,58.9,0.0,0.0,58.9,0.92
pp_3,61.1,0.0,0.0,61.1,0.79
pp_3,66.8,0.0,0.0,66.8,0.68
pp_3,57.6,0.0,0.0,57.6,0.8
pp_3,72.2,0.0,0.0,72.2,0.75
pp_3,60.8,0.0,0.0,60.8,0.54
pp_3,60.4,0.0,10.0,70.4,0.54
pp_3,63.1,10.0,0.0,73.1,0.78
pp_3,48.1,10.0,0.0,58.1,1.15
pp_3,56.9,0.0,0.0,56.9,1.51
pp_3,61.0,0.0,0.0,61.0,1.73
pp_3,56.7,0.0,10.0,66.7,2.37
pp_3,57.4,0.0,0.0,57.4,3.22
pp_3,60.9,0.0,0.0,60.9,4.03
pp_3,48.0,10.0,0.0,58.0,4.15
pp_3,46.9,0.0,10.0,56.9,4.28
pp_3,61.0,0.0,10.0,71.0,4.26
pp_3,58.9,0.0,0.0,58.9,5.27
pp_3,56.9,0.0,0.0,56.9,4.96
pp_3,61.0,0.0,0.0,61.0,4.72
pp_3,56.7,0.0,10.0,66.7,3.72
pp_3,57.1,0.0,0.0,57.1,3.52
pp_3,71.1,0.0,0.0,71.1,2.39
pp_3,59.2,0.0,0.0,59.2,2.14
pp_3,58.6,0.0,0.0,58.6,1.84
pp_3,60.9,0.0,0.0,60.9,1.86
pp_3,56.6,0.0,0.0,56.6,1.91
pp_3,47.0,10.0,0.0,57.0,1.38
pp_3,62.3,10.0,0.0,72.3,1.27
pp_3,58.8,0.0,0.0,58.8,1.25
pp_3,59.9,0.0,0.0,59.9,1.36
pp_3,60.7,0.0,0.0,60.7,1.25
pp_3,57.0,0.0,10.0,67.0,1.14
pp_3,47.1,0.0,10.0,57.1,1.13
pp_3,60.9,0.0,0.0,60.9,1.04
pp_3,66.6,0.0,0.0,66.6,0.92
pp_3,58.0,0.0,0.0,58.0,1.06
pp_3,61.0,0.0,0.0,61.0,1.42
pp_3,56.7,0.0,10.0,66.7,1.78
pp_3,56.9,0.0,0.0,56.9,2.26
pp_3,60.9,0.0,10.0,70.9,2.04
pp_3,57.9,0.0,0.0,57.9,2.37
pp_3,57.6,0.0,0.0,57.6,2.42
pp_3,60.9,0.0,0.0,60.9,2.26
pp_3,57.9,0.0,0.0,57.9,1.84
pp_3,59.5,0.0,0.0,59.5,1.71
pp_3,61.0,0.0,10.0,71.0,1.48
pp_3,47.2,10.0,0.0,57.2,2.57
pp_3,57.7,0.0,0.0,57.7,4.53
pp_3,60.9,0.0,0.0,60.9,7.62
pp_3,56.6,0.0,10.0,66.6,10.99
pp_3,56.9,0.0,0.0,56.9,14.8
pp_3,60.7,0.0,10.0,70.7,12.78
pp_3,48.0,10.0,0.0,58.0,18.05
pp_3,46.8,10.0,0.0,56.8,17.69
pp_3,61.0,0.0,0.0,61.0,14.63
pp_3,56.9,0.0,0.0,56.9,15.26
pp_3,57.9,0.0,0.0,57.9,14.55
pp_3,60.6,0.0,10.0,70.6,9.41
pp_3,48.1,0.0,10.0,58.1,8.52
pp_3,56.9,0.0,0.0,56.9,7.21
pp_3,61.1,0.0,10.0,71.1,6.07
pp_3,48.4,10.0,0.0,58.4,8.1
pp_3,56.8,0.0,0.0,56.8,9.33
pp_3,61.0,0.0,10.0,71.0,8.79
pp_3,48.0,10.0,0.0,58.0,12.11
pp_3,58.0,0.0,0.0,58.0,13.36
pp_3,60.9,0.0,0.0,60.9,13.11
pp_3,56.8,0.0,10.0,66.8,12.6
pp_3,56.8,0.0,0.0,56.8,15.54
pp_3,60.8,0.0,10.0,70.8,10.67
pp_3,57.8,0.0,0.0,57.8,13.92
pp_3,68.9,0.0,0.0,68.9,9.99
pp_3,60.8,0.0,10.0,70.8,9.56
pp_3,66.9,0.0,0.0,66.9,9.49
pp_3,58.3,0.0,0.0,58.3,6.92
pp_3,60.6,0.0,10.0,70.6,4.14
pp_3,57.9,0.0,0.0,57.9,3.9
pp_3,57.3,0.0,0.0,57.3,4.21
pp_3,72.2,0.0,0.0,72.2,5.8
pp_3,61.6,0.0,0.0,61.6,6.93
pp_3,60.3,0.0,0.0,60.3,8.19
pp_3,60.8,0.0,0.0,60.8,9.35
pp_3,56.8,10.0,0.0,66.8,9.77
pp_3,57.6,0.0,0.0,57.6,9.76
pp_3,60.8,0.0,10.0,70.8,8.88
pp_3,47.9,0.0,10.0,57.9,8.18
pp_3,46.9,10.0,0.0,56.9,7.19
pp_3,60.9,0.0,0.0,60.9,6.22
pp_3,57.0,0.0,10.0,67.0,5.18
pp_3,57.2,0.0,0.0,57.2,4.51
pp_3,61.9,0.0,10.0,71.9,3.83
pp_3,57.0,0.0,0.0,57.0,3.1
pp_3,60.7,0.0,0.0,60.7,2.85
pp_3,61.0,0.0,10.0,71.0,3.01
pp_3,57.5,0.0,0.0,57.5,4.71
pp_3,57.8,0.0,0.0,57.8,7.33
pp_3,73.9,0.0,0.0,73.9,8.49
pp_3,63.0,0.0,0.0,63.0,15.81
pp_3,61.7,0.0,0.0,61.7,18.19
pp_3,60.6,0.0,10.0,70.6,14.98
pp_3,56.8,0.0,0.0,56.8,18.69
pp_3,58.2,0.0,0.0,58.2,16.75
pp_3,60.7,0.0,0.0,60.7,14.51
pp_3,56.9,0.0,10.0,66.9,12.37
pp_3,56.8,0.0,0.0,56.8,15.59
pp_3,60.9,10.0,0.0,70.9,11.55
pp_3,58.4,0.0,0.0,58.4,15.72
pp_3,58.8,0.0,0.0,58.8,15.52
pp_3,60.9,0.0,10.0,70.9,11.5
pp_3,57.8,0.0,0.0,57.8,14.83
pp_3,60.2,0.0,0.0,60.2,13.49
pp_3,60.7,0.0,10.0,70.7,9.6
pp_3,66.6,0.0,0.0,66.6,12.9
pp_3,81.1,0.0,10.0,91.1,7.65
pp_3,108.7,10.0,0.0,118.7,9.8
pp_3,150.3,0.0,0.0,150.3,9.59
pp_3,116.5,0.0,10.0,126.5,9.48
pp_3,119.0,10.0,0.0,129.0,9.37
pp_reset,96.4,0.0,10.0,106.4,9.3
pp_reset,106.4,0.0,0.0,106.4,9.26
pp_reset,75.1,0.0,0.0,75.1,9.22
pp_reset,60.1,0.0,0.0,60.1,9.19
pp_reset,58.9,0.0,0.0,58.9,9.16
pp_reset,61.1,0.0,10.0,71.1,9.13
pp_reset,66.9,0.0,0.0,66.9,9.11
pp_reset,56.7,0.0,0.0,56.7,9.1
pp_reset,72.5,0.0,0.0,72.5,9.08
pp_reset,58.9,0.0,0.0,58.9,9.07
pp_reset,59.5,0.0,0.0,59.5,9.06
pp_reset,61.1,10.0,0.0,71.1,9.05
pp_reset,57.8,0.0,0.0,57.8,9.04
pp_reset,58.2,0.0,0.0,58.2,9.04
pp_reset,60.8,0.0,10.0,70.8,9.03
pp_reset,66.7,0.0,0.0,66.7,9.03
pp_reset,57.2,0.0,0.0,57.2,9.02
pp_reset,60.8,0.0,0.0,60.8,9.02
pp_reset,66.8,0.0,0.0,66.8,9.02
pp_reset,67.2,0.0,0.0,67.2,9.01
pp_reset,60.8,0.0,10.0,70.8,9.01
pp_reset,66.9,0.0,0.0,66.9,9.01
pp_reset,57.5,0.0,0.0,57.5,9.01
pp_reset,60.8,0.0,10.0,70.8,9.01
pp_reset,58.5,0.0,0.0,58.5,9.01
pp_reset,60.1,0.0,10.0,70.1,9.01
pp_reset,74.5,0.0,0.0,74.5,9.01
pp_reset,64.1,0.0,10.0,74.1,9.0
pp_reset,76.2,0.0,0.0,76.2,9.0
pp_reset,78.1,0.0,10.0,88.1,0.0
pp_reset,81.0,0.0,0.0,81.0,10.0
pp_reset,81.0,0.0,0.0,81.0,14.8
pp_reset,81.0,0.0,0.0,81.0,10.93
pp_reset,75.0,0.0,0.0,75.0,5.92
pp_reset,72.6,0.0,0.0,72.6,5.78
pp_reset,80.6,0.0,0.0,80.6,6.53
pp_reset,80.7,0.0,0.0,80.7,8.6
pp_reset,72.3,0.0,0.0,72.3,5.88
pp_reset,82.4,0.0,0.0,82.4,4.66
pp_reset,71.2,0.0,0.0,71.2,4.63
pp_reset,71.3,0.0,10.0,81.3,4.59
pp_reset,76.0,0.0,0.0,76.0,4.57
pp_reset,72.5,0.0,0.0,72.5,4.55
pp_reset,71.6,0.0,0.0,71.6,4.53
pp_reset,80.8,0.0,0.0,80.8,4.51
pp_reset,70.3,0.0,0.0,70.3,4.5
pp_reset,69.9,0.0,0.0,69.9,4.49
pp_reset,68.1,0.0,0.0,68.1,4.49
pp_reset,64.6,10.0,0.0,74.6,4.48
pp_reset,76.4,0.0,0.0,76.4,4.47
pp_reset,68.1,0.0,0.0,68.1,4.47
pp_reset,62.6,0.0,0.0,62.6,4.46
pp_reset,73.2,0.0,0.0,73.2,4.46
pp_reset,66.2,0.0,0.0,66.2,4.45
pp_reset,60.7,0.0,0.0,60.7,4.45
pp_reset,60.6,0.0,0.0,60.6,4.45
pp_reset,61.0,0.0,10.0,71.0,4.45
pp_reset,67.3,0.0,0.0,67.3,4.45
pp_reset,57.6,0.0,0.0,57.6,4.44
pp_reset,60.8,0.0,0.0,60.8,4.44
pp_reset,47.7,0.0,0.0,47.7,4.44
pp_4,58.4,0.0,0.0,58.4,0.21
pp_4,60.8,0.0,10.0,70.8,0.69
pp_4,56.9,10.0,0.0,66.9,1.09
pp_4,58.7,0.0,0.0,58.7,1.63
pp_4,60.8,0.0,0.0,60.8,2.14
pp_4,56.8,0.0,10.0,66.8,2.72
pp_4,57.4,0.0,10.0,67.4,3.2
pp_4,64.1,0.0,0.0,64.1,3.5
pp_4,61.2,0.0,0.0,61.2,3.76
pp_4,59.7,0.0,0.0,59.7,3.98
pp_4,60.7,0.0,0.0,60.7,4.17
pp_4,66.6,0.0,0.0,66.6,4.38
pp_4,60.6,0.0,0.0,60.6,4.52
pp_4,60.7,0.0,0.0,60.7,4.63
pp_4,57.0,0.0,10.0,67.0,4.76
pp_4,56.9,0.0,0.0,56.9,4.84
pp_4,60.9,0.0,10.0,70.9,4.93
pp_4,48.5,10.0,0.0,58.5,4.99
pp_4,58.2,0.0,0.0,58.2,5.04
pp_4,60.9,0.0,10.0,70.9,5.09
pp_4,62.8,0.0,10.0,72.8,5.13
pp_4,66.5,0.0,0.0,66.5,5.16
pp_4,68.6,10.0,0.0,78.6,5.19
pp_4,68.3,0.0,0.0,68.3,5.21
pp_4,70.8,0.0,0.0,70.8,5.23
pp_4,79.3,0.0,10.0,89.3,5.25
pp_4,77.6,0.0,10.0,87.6,0.0
pp_4,65.8,0.0,10.0,75.8,12.55
pp_4,75.2,0.0,0.0,75.2,16.72
pp_4,69.6,0.0,0.0,69.6,19.49
pp_4,69.3,0.0,0.0,69.3,19.44
pp_4,67.9,0.0,0.0,67.9,18.95
pp_4,66.1,10.0,0.0,76.1,15.37
pp_4,66.9,0.0,0.0,66.9,17.39
pp_4,68.6,0.0,0.0,68.6,16.34
pp_4,62.0,0.0,0.0,62.0,17.79
pp_4,60.4,0.0,0.0,60.4,18.04
pp_4,61.6,0.0,0.0,61.6,17.77
pp_4,56.7,0.0,10.0,66.7,13.62
pp_4,47.5,10.0,0.0,57.5,9.31
pp_4,60.9,0.0,0.0,60.9,7.74
pp_4,56.6,0.0,10.0,66.6,7.22
pp_4,47.4,0.0,10.0,57.4,7.13
pp_4,60.8,0.0,0.0,60.8,6.75
pp_4,50.4,10.0,0.0,60.4,6.07
pp_4,58.2,0.0,0.0,58.2,5.5
pp_4,60.7,0.0,10.0,70.7,4.64
pp_4,48.4,0.0,10.0,58.4,4.09
pp_4,57.6,0.0,0.0,57.6,3.58
pp_4,60.9,0.0,0.0,60.9,3.06
pp_4,57.0,0.0,10.0,67.0,2.65
pp_4,58.6,0.0,0.0,58.6,2.85
pp_4,60.7,0.0,0.0,60.7,3.58
pp_4,58.1,0.0,0.0,58.1,4.25
pp_4,60.4,0.0,0.0,60.4,4.53
pp_4,63.0,0.0,0.0,63.0,4.59
pp_4,47.6,0.0,10.0,57.6,4.89
pp_4,47.2,0.0,10.0,57.2,5.36
pp_4,61.4,0.0,10.0,71.4,5.05
pp_4,48.0,0.0,10.0,58.0,6.31
pp_4,57.7,0.0,0.0,57.7,6.98
pp_4,57.1,0.0,0.0,57.1,7.18
pp_4,56.8,0.0,10.0,66.8,6.73
pp_4,46.9,10.0,0.0,56.9,7.25
pp_4,57.6,0.0,0.0,57.6,8.39
pp_4,56.9,10.0,0.0,66.9,8.55
pp_4,58.9,0.0,0.0,58.9,9.8
pp_4,58.2,0.0,0.0,58.2,10.46
pp_4,56.6,10.0,0.0,66.6,9.01
pp_4,48.2,10.0,0.0,58.2,8.08
pp_4,58.1,0.0,0.0,58.1,6.58
pp_4,56.6,0.0,10.0,66.6,3.41
pp_4,47.2,10.0,0.0,57.2,2.1
pp_4,57.1,0.0,0.0,57.1,1.58
pp_4,66.6,0.0,0.0,66.6,2.82
pp_4,60.2,0.0,0.0,60.2,3.85
pp_4,60.3,0.0,10.0,70.3,5.18
pp_4,59.9,0.0,0.0,59.9,5.71
pp_4,60.2,0.0,0.0,60.2,6.06
pp_4,60.1,0.0,0.0,60.1,6.07
pp_4,56.6,0.0,10.0,66.6,5.29
pp_4,58.4,0.0,0.0,58.4,4.76
pp_4,58.3,0.0,0.0,58.3,4.29
pp_4,56.8,0.0,10.0,66.8,3.68
pp_4,56.9,0.0,0.0,56.9,3.39
pp_4,58.4,0.0,0.0,58.4,3.23
pp_4,57.0,0.0,10.0,67.0,2.81
pp_4,47.0,0.0,10.0,57.0,2.48
pp_4,57.3,0.0,0.0,57.3,1.71
pp_4,56.8,0.0,10.0,66.8,0.99
pp_4,57.1,0.0,0.0,57.1,1.43
pp_4,57.3,0.0,0.0,57.3,2.45
pp_4,56.8,0.0,0.0,56.8,3.78
pp_4,46.8,10.0,0.0,56.8,4.42
pp_4,56.9,0.0,0.0,56.9,5.57
pp_4,47.6,10.0,0.0,57.6,5.56
pp_4,61.1,0.0,0.0,61.1,5.83
pp_4,59.1,0.0,0.0,59.1,5.86
pp_4,56.4,0.0,10.0,66.4,4.32
pp_4,57.1,0.0,0.0,57.1,12.05
pp_4,57.0,0.0,0.0,57.0,16.5
pp_4,56.8,10.0,0.0,66.8,16.51
pp_4,59.2,0.0,0.0,59.2,19.77
pp_4,58.2,0.0,0.0,58.2,19.8
pp_4,47.8,0.0,10.0,57.8,18.27
pp_4,47.2,10.0,0.0,57.2,16.72
pp_4,57.1,0.0,0.0,57.1,13.32
pp_4,56.8,10.0,0.0,66.8,10.22
pp_4,58.5,0.0,0.0,58.5,12.7
pp_4,58.9,0.0,0.0,58.9,11.57
pp_4,57.1,0.0,10.0,67.1,8.54
pp_4,57.6,0.0,0.0,57.6,8.6
pp_4,57.9,0.0,0.0,57.9,6.43
pp_4,56.8,0.0,10.0,66.8,11.97
pp_4,57.1,0.0,0.0,57.1,15.64
pp_4,58.0,0.0,0.0,58.0,19.2
pp_4,57.0,0.0,10.0,67.0,23.1
pp_4,59.0,0.0,0.0,59.0,27.7
pp_4,57.2,0.0,0.0,57.2,27.48
pp_4,56.7,0.0,10.0,66.7,20.6
pp_4,57.3,0.0,0.0,57.3,23.35
pp_4,58.2,0.0,0.0,58.2,21.48
pp_4,56.7,0.0,0.0,56.7,18.5
pp_4,47.0,0.0,10.0,57.0,18.32
pp_4,57.7,0.0,0.0,57.7,16.31
pp_4,56.7,0.0,10.0,66.7,11.9
pp_4,46.7,0.0,10.0,56.7,14.5
pp_4,57.2,0.0,0.0,57.2,5.26
pp_4,56.8,0.0,10.0,66.8,5.21
pp_4,57.4,0.0,0.0,57.4,8.35
pp_4,57.2,0.0,0.0,57.2,9.56
pp_4,56.7,0.0,0.0,56.7,9.68
pp_4,47.2,0.0,10.0,57.2,8.98
pp_4,57.0,0.0,0.0,57.0,8.21
pp_4,56.7,0.0,10.0,66.7,7.01
pp_4,47.1,10.0,0.0,57.1,6.15
pp_4,57.3,0.0,0.0,57.3,5.36
pp_4,56.6,0.0,0.0,56.6,4.66
pp_4,47.0,10.0,0.0,57.0,3.86
pp_4,57.8,0.0,0.0,57.8,3.34
pp_4,57.2,0.0,10.0,67.2,2.81
pp_4,46.9,0.0,10.0,56.9,2.53
pp_4,57.3,0.0,0.0,57.3,2.3
pp_4,61.1,0.0,10.0,71.1,1.93
pp_4,57.6,0.0,0.0,57.6,1.65
pp_4,57.6,0.0,0.0,57.6,1.32
pp_4,60.7,0.0,10.0,70.7,1.0
pp_4,57.6,0.0,0.0,57.6,0.97
pp_4,57.1,0.0,0.0,57.1,1.53
pp_4,60.7,0.0,10.0,70.7,1.85
pp_4,47.5,0.0,10.0,57.5,2.3
pp_4,57.3,0.0,0.0,57.3,2.33
pp_4,61.1,0.0,10.0,71.1,1.44
pp_4,47.0,0.0,10.0,57.0,1.16
pp_4,57.7,0.0,0.0,57.7,0.73
pp_4,61.0,10.0,0.0,71.0,0.62
pp_4,59.5,0.0,0.0,59.5,1.83
pp_4,57.4,0.0,0.0,57.4,2.41
pp_4,61.0,0.0,10.0,71.0,1.8
pp_4,47.3,10.0,0.0,57.3,1.31
pp_4,57.2,0.0,0.0,57.2,1.18
pp_4,62.0,0.0,0.0,62.0,1.16
pp_4,60.6,0.0,0.0,60.6,1.15
pp_4,60.0,0.0,0.0,60.0,1.15
pp_4,60.7,0.0,10.0,70.7,1.14
pp_4,57.2,0.0,0.0,57.2,1.13
pp_4,58.1,0.0,0.0,58.1,1.12
pp_4,60.9,0.0,10.0,70.9,1.12
pp_4,57.0,0.0,0.0,57.0,1.11
pp_4,57.6,0.0,0.0,57.6,1.11
pp_4,60.7,0.0,0.0,60.7,1.11
pp_4,57.0,0.0,0.0,57.0,1.11
pp_4,56.9,0.0,0.0,56.9,1.1
pp_4,60.8,0.0,0.0,60.8,1.1
pp_4,56.9,0.0,0.0,56.9,1.1
pp_4,56.9,0.0,0.0,56.9,1.1
pp_4,51.5,0.0,10.0,61.5,1.1
pp_4,58.2,0.0,0.0,58.2,1.1
pp_4,57.6,0.0,0.0,57.6,1.1
pp_4,61.2,0.0,10.0,71.2,1.1
pp_4,57.2,0.0,0.0,57.2,1.1
pp_4,58.7,0.0,0.0,58.7,1.1
pp_4,61.6,0.0,10.0,71.6,1.09
pp_4,46.8,0.0,10.0,56.8,1.09
pp_4,57.2,0.0,0.0,57.2,0.0
pp_4,61.0,0.0,0.0,61.0,0.11
pp_4,57.1,0.0,0.0,57.1,0.26
pp_4,58.2,0.0,0.0,58.2,0.51
pp_4,60.8,0.0,10.0,70.8,0.65
pp_4,47.0,0.0,10.0,57.0,0.79
pp_4,57.2,0.0,0.0,57.2,1.03
pp_4,61.1,0.0,10.0,71.1,1.31
pp_4,46.9,0.0,10.0,56.9,1.85
pp_4,57.3,0.0,0.0,57.3,2.1
pp_4,61.6,0.0,0.0,61.6,1.77
pp_4,60.6,0.0,0.0,60.6,1.87
pp_4,62.2,0.0,10.0,72.2,1.26
pp_4,63.3,0.0,0.0,63.3,0.71
pp_4,59.7,0.0,0.0,59.7,0.1
pp_4,57.4,0.0,0.0,57.4,0.39
pp_4,60.7,10.0,0.0,70.7,0.79
pp_4,59.1,0.0,0.0,59.1,0.91
pp_4,57.8,0.0,0.0,57.8,0.96
pp_4,61.2,0.0,10.0,71.2,0.73
pp_4,58.5,0.0,0.0,58.5,0.49
pp_4,57.1,0.0,0.0,57.1,0.39
pp_4,60.9,0.0,10.0,70.9,0.36
pp_4,57.9,0.0,0.0,57.9,0.39
pp_4,57.5,0.0,0.0,57.5,0.55
pp_4,60.7,0.0,10.0,70.7,0.62
pp_4,47.1,10.0,0.0,57.1,0.69
pp_4,57.2,0.0,0.0,57.2,0.7
pp_4,60.8,0.0,0.0,60.8,0.72
pp_4,57.1,0.0,0.0,57.1,0.7
pp_4,58.6,0.0,0.0,58.6,0.93
pp_4,61.0,0.0,10.0,71.0,1.21
pp_4,57.9,0.0,0.0,57.9,1.75
pp_4,57.2,0.0,0.0,57.2,2.22
pp_4,60.9,0.0,10.0,70.9,2.16
pp_4,57.3,0.0,0.0,57.3,2.34
pp_4,58.2,0.0,0.0,58.2,2.07
pp_4,60.6,10.0,0.0,70.6,0.89
pp_4,58.3,0.0,0.0,58.3,0.09
pp_4,57.9,0.0,0.0,57.9,0.52
pp_4,61.2,0.0,0.0,61.2,0.99
pp_4,57.0,0.0,0.0,57.0,1.14
pp_4,58.2,0.0,0.0,58.2,1.22
pp_4,61.2,0.0,10.0,71.2,1.43
pp_4,57.6,0.0,0.0,57.6,2.03
pp_4,57.1,0.0,0.0,57.1,2.79
pp_4,52.5,0.0,10.0,62.5,3.01
pp_4,57.1,0.0,0.0,57.1,3.22
pp_4,56.9,0.0,0.0,56.9,2.64
pp_4,61.0,0.0,10.0,71.0,1.26
pp_4,57.2,0.0,0.0,57.2,0.1
pp_4,58.5,0.0,0.0,58.5,1.44
pp_4,61.2,0.0,10.0,71.2,2.23
pp_4,47.1,0.0,10.0,57.1,3.1
pp_4,57.6,0.0,0.0,57.6,3.53
pp_4,60.9,0.0,0.0,60.9,3.28
pp_4,47.5,10.0,0.0,57.5,3.21
pp_4,57.2,0.0,0.0,57.2,2.82
pp_4,60.7,0.0,10.0,70.7,2.39
pp_4,67.0,0.0,0.0,67.0,0.93
pp_4,57.6,0.0,0.0,57.6,0.49
pp_4,60.9,0.0,10.0,70.9,0.54
pp_4,57.9,0.0,0.0,57.9,0.57
pp_4,57.6,0.0,0.0,57.6,0.59
pp_4,60.9,0.0,10.0,70.9,0.62
pp_4,56.9,0.0,0.0,56.9,0.64
pp_4,57.1,0.0,0.0,57.1,0.65
pp_4,53.0,0.0,10.0,63.0,0.67
pp_4,57.1,0.0,0.0,57.1,0.68
pp_4,57.2,0.0,0.0,57.2,0.69
pp_4,52.3,0.0,10.0,62.3,0.7
pp_4,47.0,10.0,0.0,57.0,0.71
pp_4,57.5,0.0,0.0,57.5,0.71
pp_4,52.0,0.0,10.0,62.0,0.72
pp_4,57.0,0.0,0.0,57.0,0.72
pp_4,58.1,0.0,0.0,58.1,0.73
pp_4,51.7,0.0,10.0,61.7,0.73
pp_4,47.1,0.0,10.0,57.1,0.73
pp_4,57.7,0.0,0.0,57.7,0.74
pp_4,60.8,10.0,0.0,70.8,0.74
pp_4,59.9,0.0,0.0,59.9,0.74
pp_4,59.4,0.0,0.0,59.4,0.74
pp_4,60.9,0.0,10.0,70.9,0.74
pp_4,47.0,10.0,0.0,57.0,0.74
pp_4,56.8,0.0,0.0,56.8,0.74
pp_4,60.7,0.0,10.0,70.7,0.74
pp_4,47.0,0.0,10.0,57.0,0.74
pp_4,57.3,0.0,0.0,57.3,0.74
pp_4,51.8,0.0,10.0,61.8,0.74
pp_4,57.5,0.0,0.0,57.5,0.75
pp_4,57.2,0.0,0.0,57.2,0.75
pp_4,61.0,0.0,10.0,71.0,0.75
pp_4,57.8,0.0,0.0,57.8,0.75
pp_4,57.4,0.0,0.0,57.4,0.75
pp_4,60.7,0.0,0.0,60.7,0.75
pp_4,47.3,10.0,0.0,57.3,0.75
pp_4,57.6,0.0,0.0,57.6,0.75
pp_4,60.9,0.0,10.0,70.9,0.75
pp_4,47.3,10.0,0.0,57.3,0.75
pp_4,57.1,0.0,0.0,57.1,0.0
pp_4,60.9,0.0,10.0,70.9,0.04
pp_4,47.3,10.0,0.0,57.3,0.09
pp_4,67.2,0.0,0.0,67.2,0.18
pp_4,60.7,0.0,10.0,70.7,0.12
pp_4,47.0,0.0,10.0,57.0,0.04
pp_4,57.3,0.0,0.0,57.3,0.03
pp_4,60.7,0.0,10.0,70.7,0.06
pp_4,47.0,0.0,10.0,57.0,0.22
pp_4,58.1,0.0,0.0,58.1,0.33
pp_4,61.3,0.0,10.0,71.3,0.32
pp_4,47.3,0.0,10.0,57.3,0.5
pp_4,57.7,0.0,0.0,57.7,0.61
pp_4,61.1,0.0,10.0,71.1,0.69
pp_4,57.2,0.0,0.0,57.2,1.06
pp_4,57.1,0.0,0.0,57.1,1.34
pp_4,60.7,0.0,10.0,70.7,1.43
pp_4,47.5,0.0,10.0,57.5,2.08
pp_4,57.5,0.0,0.0,57.5,2.63
pp_4,60.7,0.0,10.0,70.7,2.59
pp_4,47.1,0.0,10.0,57.1,2.89
pp_4,57.3,0.0,0.0,57.3,2.56
pp_4,62.0,0.0,0.0,62.0,1.23
pp_4,59.4,0.0,0.0,59.4,1.15
pp_4,59.5,0.0,0.0,59.5,0.67
pp_4,51.8,0.0,10.0,61.8,0.25
pp_4,57.4,0.0,0.0,57.4,1.03
pp_4,57.7,0.0,0.0,57.7,1.65
pp_4,60.8,0.0,10.0,70.8,2.13
pp_4,47.1,0.0,10.0,57.1,2.63
pp_4,57.2,0.0,0.0,57.2,3.18
pp_4,61.1,0.0,10.0,71.1,3.65
pp_4,60.2,0.0,0.0,60.2,7.53
pp_4,58.1,0.0,0.0,58.1,7.97
pp_4,60.7,0.0,10.0,70.7,5.03
pp_4,56.9,0.0,0.0,56.9,3.7
pp_4,59.7,0.0,0.0,59.7,3.68
pp_4,60.7,0.0,10.0,70.7,4.13
pp_4,46.9,10.0,0.0,56.9,6.71
pp_4,57.6,0.0,0.0,57.6,9.6
pp_4,60.6,0.0,10.0,70.6,10.94
pp_4,59.2,0.0,0.0,59.2,14.24
pp_4,56.8,0.0,0.0,56.8,16.16
pp_4,60.7,0.0,10.0,70.7,12.26
pp_4,47.0,0.0,10.0,57.0,16.51
pp_4,57.4,0.0,0.0,57.4,16.27
pp_4,60.7,10.0,0.0,70.7,9.77
pp_4,58.0,0.0,0.0,58.0,5.58
pp_4,58.2,0.0,0.0,58.2,2.05
pp_4,60.7,0.0,0.0,60.7,9.13
pp_4,59.4,0.0,0.0,59.4,13.85
pp_4,58.4,0.0,0.0,58.4,15.13
pp_4,60.7,0.0,0.0,60.7,13.97
pp_4,46.9,10.0,0.0,56.9,14.83
pp_4,57.3,0.0,0.0,57.3,17.21
pp_4,60.7,0.0,10.0,70.7,15.83
pp_4,47.4,0.0,10.0,57.4,15.64
pp_4,47.6,10.0,0.0,57.6,14.35
pp_4,52.9,0.0,10.0,62.9,8.78
pp_4,47.3,10.0,0.0,57.3,7.61
pp_4,58.6,0.0,0.0,58.6,6.12
pp_4,60.7,0.0,10.0,70.7,2.85
pp_4,57.7,0.0,0.0,57.7,2.36
pp_4,57.8,0.0,0.0,57.8,2.14
pp_4,61.2,0.0,10.0,71.2,2.17
pp_4,56.6,0.0,0.0,56.6,2.74
pp_4,57.2,0.0,0.0,57.2,3.14
pp_4,60.8,0.0,0.0,60.8,3.61
pp_4,57.4,0.0,0.0,57.4,3.75
pp_4,58.1,0.0,0.0,58.1,3.55
pp_4,61.1,0.0,10.0,71.1,3.03
pp_4,47.4,0.0,10.0,57.4,2.31
pp_4,57.7,0.0,0.0,57.7,1.81
pp_4,61.3,0.0,10.0,71.3,1.6
pp_4,56.9,0.0,0.0,56.9,1.49
pp_4,57.1,0.0,0.0,57.1,1.5
pp_4,60.8,0.0,0.0,60.8,1.42
pp_4,47.1,0.0,10.0,57.1,1.1
pp_4,58.2,0.0,0.0,58.2,0.92
pp_4,60.8,0.0,10.0,70.8,1.12
pp_4,47.1,10.0,0.0,57.1,1.31
pp_4,57.7,0.0,0.0,57.7,1.46
pp_4,51.9,10.0,0.0,61.9,1.45
pp_4,59.2,0.0,0.0,59.2,1.38
pp_4,57.8,0.0,0.0,57.8,1.26
pp_4,60.9,0.0,10.0,70.9,1.01
pp_4,48.0,0.0,10.0,58.0,0.68
pp_4,57.2,0.0,0.0,57.2,0.53
pp_4,60.7,0.0,10.0,70.7,0.73
pp_4,47.0,0.0,10.0,57.0,1.46
pp_4,57.5,0.0,0.0,57.5,2.37
pp_4,60.8,0.0,0.0,60.8,3.43
pp_4,57.1,0.0,0.0,57.1,4.4
pp_4,57.3,0.0,0.0,57.3,5.89
pp_4,52.0,10.0,0.0,62.0,6.34
pp_4,61.4,0.0,0.0,61.4,8.87
pp_4,60.6,0.0,0.0,60.6,9.83
pp_4,60.9,0.0,10.0,70.9,7.95
pp_4,56.7,0.0,0.0,56.7,7.02
pp_4,56.9,0.0,0.0,56.9,2.56
pp_4,61.4,0.0,10.0,71.4,2.06
pp_4,47.1,0.0,10.0,57.1,3.65
pp_4,57.6,0.0,0.0,57.6,4.12
pp_4,60.7,10.0,0.0,70.7,4.17
pp_4,59.4,0.0,0.0,59.4,3.99
pp_4,57.5,0.0,0.0,57.5,3.73
pp_4,60.6,0.0,10.0,70.6,3.19
pp_4,58.2,0.0,0.0,58.2,2.94
pp_4,60.2,0.0,0.0,60.2,2.65
pp_4,51.9,0.0,10.0,61.9,2.12
pp_4,47.4,10.0,0.0,57.4,1.89
pp_4,57.2,0.0,0.0,57.2,1.67
pp_4,61.0,0.0,10.0,71.0,1.31
pp_4,57.0,0.0,0.0,57.0,1.26
pp_4,58.2,0.0,10.0,68.2,1.39
pp_4,62.0,0.0,10.0,72.0,6.97
pp_4,47.1,0.0,10.0,57.1,12.25
pp_4,57.1,0.0,0.0,57.1,16.4
pp_4,60.7,0.0,0.0,60.7,16.8
pp_4,57.0,0.0,0.0,57.0,18.69
pp_4,57.0,0.0,0.0,57.0,18.6
pp_4,52.1,0.0,10.0,62.1,14.42
pp_4,57.8,0.0,0.0,57.8,15.14
pp_4,57.1,0.0,0.0,57.1,15.36
pp_4,60.8,0.0,10.0,70.8,8.89
pp_4,47.2,0.0,10.0,57.2,12.5
pp_4,57.1,0.0,0.0,57.1,11.93
pp_4,60.8,0.0,10.0,70.8,5.24
pp_4,47.1,10.0,0.0,57.1,9.5
pp_4,57.8,0.0,0.0,57.8,9.5
pp_4,60.8,0.0,10.0,70.8,3.32
pp_4,58.5,0.0,0.0,58.5,8.38
pp_4,59.0,0.0,0.0,59.0,3.6
pp_4,60.7,0.0,10.0,70.7,10.71
pp_4,47.0,10.0,0.0,57.0,13.32
pp_4,57.4,0.0,0.0,57.4,12.77
pp_4,52.4,0.0,10.0,62.4,10.72
pp_4,48.3,10.0,0.0,58.3,8.5
pp_4,57.2,0.0,0.0,57.2,7.85
pp_4,60.6,0.0,10.0,70.6,8.64
pp_4,47.2,10.0,0.0,57.2,9.73
pp_4,57.4,0.0,0.0,57.4,14.14
pp_4,60.7,0.0,0.0,60.7,16.91
pp_4,57.3,0.0,0.0,57.3,24.11
pp_4,58.1,0.0,0.0,58.1,24.24
pp_4,60.8,0.0,10.0,70.8,18.81
pp_4,59.4,0.0,0.0,59.4,21.28
pp_4,57.1,0.0,0.0,57.1,19.72
pp_4,60.6,0.0,10.0,70.6,12.61
pp_4,58.5,0.0,0.0,58.5,16.33
pp_4,57.5,0.0,0.0,57.5,14.05
pp_4,60.7,0.0,10.0,70.7,7.47
pp_4,47.1,0.0,10.0,57.1,5.03
pp_4,57.0,0.0,0.0,57.0,2.32
pp_4,60.7,0.0,10.0,70.7,7.93
pp_4,47.1,0.0,10.0,57.1,10.17
pp_4,57.2,0.0,0.0,57.2,11.85
pp_4,61.2,0.0,10.0,71.2,12.84
pp_4,58.5,0.0,0.0,58.5,13.24
pp_4,58.5,0.0,0.0,58.5,15.55
pp_4,51.7,0.0,10.0,61.7,21.76
pp_4,57.3,0.0,0.0,57.3,25.51
pp_4,57.3,0.0,0.0,57.3,24.38
pp_4,60.8,0.0,10.0,70.8,18.83
pp_4,57.7,0.0,0.0,57.7,22.1
pp_4,57.2,0.0,0.0,57.2,20.9
pp_4,61.2,0.0,10.0,71.2,13.33
pp_4,57.0,0.0,0.0,57.0,16.73
pp_4,58.3,0.0,0.0,58.3,15.1
pp_4,61.4,0.0,10.0,71.4,8.19
pp_4,57.0,0.0,0.0,57.0,12.29
pp_4,57.6,0.0,0.0,57.6,12.16
pp_4,60.7,0.0,10.0,70.7,5.21
pp_4,58.6,0.0,0.0,58.6,9.1
pp_4,57.7,0.0,0.0,57.7,8.33
pp_4,51.6,0.0,0.0,51.6,7.75
pp_4,58.0,0.0,0.0,58.0,4.95
pp_4,57.2,0.0,0.0,57.2,5.06
pp_4,61.0,0.0,10.0,71.0,4.65
pp_4,58.2,0.0,0.0,58.2,5.71
pp_4,57.5,0.0,0.0,57.5,6.09
pp_4,60.8,0.0,10.0,70.8,5.74
pp_4,47.1,0.0,10.0,57.1,6.59
pp_4,57.1,0.0,0.0,57.1,6.2
pp_4,61.2,0.0,10.0,71.2,7.39
pp_4,47.8,10.0,0.0,57.8,8.11
pp_4,57.5,0.0,0.0,57.5,8.15
pp_4,62.5,0.0,0.0,62.5,9.21
pp_4,60.9,0.0,0.0,60.9,9.73
pp_4,58.5,0.0,0.0,58.5,9.93
pp_4,61.1,0.0,0.0,61.1,9.81
pp_4,57.0,0.0,0.0,57.0,9.41
pp_4,58.4,0.0,0.0,58.4,8.78
pp_4,72.6,0.0,0.0,72.6,7.56
pp_4,61.1,0.0,0.0,61.1,8.77
pp_4,58.0,0.0,0.0,58.0,11.02
pp_4,61.4,0.0,0.0,61.4,13.6
pp_4,66.9,0.0,0.0,66.9,12.98
pp_4,57.3,0.0,0.0,57.3,12.92
pp_4,60.7,0.0,10.0,70.7,11.02
pp_4,46.9,10.0,0.0,56.9,10.92
pp_4,58.0,0.0,0.0,58.0,9.26
pp_4,60.9,0.0,10.0,70.9,5.51
pp_4,48.4,10.0,0.0,58.4,5.14
pp_4,57.3,0.0,0.0,57.3,3.93
pp_4,60.9,0.0,0.0,60.9,3.53
pp_4,47.4,0.0,10.0,57.4,2.21
pp_4,57.4,0.0,0.0,57.4,2.29
pp_4,61.3,0.0,10.0,71.3,2.63
pp_4,57.2,0.0,0.0,57.2,3.03
pp_4,57.4,0.0,0.0,57.4,3.13
pp_4,60.7,0.0,10.0,70.7,3.1
pp_4,57.3,0.0,0.0,57.3,2.19
pp_4,57.6,0.0,0.0,57.6,1.85
pp_4,60.9,0.0,10.0,70.9,2.06
pp_4,57.1,0.0,0.0,57.1,2.01
pp_4,57.9,0.0,0.0,57.9,1.29
pp_4,61.9,0.0,10.0,71.9,0.39
pp_4,47.4,10.0,0.0,57.4,1.36
pp_4,58.0,0.0,0.0,58.0,5.77
pp_4,60.9,0.0,0.0,60.9,7.21
pp_4,47.1,0.0,10.0,57.1,6.99
pp_4,58.1,0.0,0.0,58.1,6.97
pp_4,60.9,0.0,10.0,70.9,5.5
pp_4,59.6,0.0,0.0,59.6,3.93
pp_4,57.4,0.0,0.0,57.4,9.66
pp_4,60.8,0.0,10.0,70.8,8.79
pp_4,47.3,0.0,10.0,57.3,15.34
pp_4,57.0,0.0,0.0,57.0,13.78
pp_4,60.8,0.0,10.0,70.8,8.58
pp_4,58.5,0.0,0.0,58.5,12.49
pp_4,57.5,0.0,0.0,57.5,12.44
pp_4,60.7,0.0,10.0,70.7,5.89
pp_4,59.8,0.0,0.0,59.8,9.26
pp_4,57.4,0.0,0.0,57.4,9.46
pp_4,61.4,0.0,10.0,71.4,3.76
pp_4,58.8,0.0,0.0,58.8,5.57
pp_4,57.1,0.0,0.0,57.1,5.19
pp_4,60.9,0.0,10.0,70.9,4.65
pp_4,47.1,0.0,10.0,57.1,4.32
pp_4,57.4,0.0,0.0,57.4,4.04
pp_4,61.2,0.0,10.0,71.2,3.72
pp_4,47.1,0.0,10.0,57.1,3.53
pp_4,57.8,0.0,0.0,57.8,3.37
pp_4,52.4,10.0,0.0,62.4,3.19
pp_4,59.5,0.0,0.0,59.5,3.08
pp_4,59.4,0.0,0.0,59.4,2.98
pp_4,70.8,0.0,0.0,70.8,2.88
pp_4,60.5,0.0,0.0,60.5,2.81
pp_4,59.2,0.0,0.0,59.2,2.76
pp_4,60.7,0.0,0.0,60.7,2.71
pp_4,57.3,0.0,0.0,57.3,2.66
pp_4,58.4,0.0,0.0,58.4,0.0
pp_4,60.8,0.0,0.0,60.8,2.42
pp_4,57.7,0.0,0.0,57.7,6.14
pp_4,57.2,0.0,0.0,57.2,10.39
pp_4,61.2,0.0,0.0,61.2,13.32
pp_4,57.4,0.0,0.0,57.4,16.55
pp_4,57.2,0.0,0.0,57.2,17.73
pp_4,60.8,0.0,10.0,70.8,12.22
pp_4,57.4,0.0,0.0,57.4,16.11
pp_4,57.8,0.0,0.0,57.8,14.36
pp_4,61.0,0.0,10.0,71.0,9.56
pp_4,46.8,10.0,0.0,56.8,13.22
pp_4,57.0,0.0,0.0,57.0,11.82
pp_4,52.4,0.0,10.0,62.4,10.92
pp_4,57.2,0.0,0.0,57.2,8.98
pp_4,67.9,0.0,0.0,67.9,4.55
pp_4,61.8,0.0,10.0,71.8,3.69
pp_4,47.3,0.0,10.0,57.3,3.88
pp_4,57.9,0.0,0.0,57.9,3.72
pp_4,60.7,10.0,0.0,70.7,1.27
pp_4,59.2,0.0,0.0,59.2,1.47
pp_4,58.1,0.0,0.0,58.1,0.62
pp_4,61.1,0.0,10.0,71.1,2.62
pp_4,47.7,0.0,10.0,57.7,4.02
pp_4,57.0,0.0,0.0,57.0,5.25
pp_4,61.0,0.0,10.0,71.0,6.27
pp_4,47.3,10.0,0.0,57.3,5.6
pp_4,58.7,0.0,0.0,58.7,5.36
pp_4,60.7,0.0,0.0,60.7,4.74
pp_4,58.5,0.0,0.0,58.5,4.28
pp_4,57.1,0.0,0.0,57.1,3.45
pp_4,52.2,0.0,10.0,62.2,3.2
pp_4,58.1,0.0,0.0,58.1,2.21
pp_4,59.3,0.0,0.0,59.3,3.99
pp_4,61.2,0.0,10.0,71.2,6.94
pp_4,59.2,0.0,0.0,59.2,9.99
pp_4,57.6,0.0,0.0,57.6,12.08
pp_4,60.7,0.0,0.0,60.7,13.42
pp_4,57.9,0.0,0.0,57.9,12.75
pp_4,57.1,0.0,0.0,57.1,13.83
pp_4,61.0,0.0,10.0,71.0,10.72
pp_4,58.6,0.0,0.0,58.6,14.72
pp_4,58.3,0.0,0.0,58.3,13.92
pp_4,60.9,0.0,10.0,70.9,11.58
pp_4,47.3,10.0,0.0,57.3,11.29
pp_4,57.2,0.0,0.0,57.2,9.29
pp_4,61.5,0.0,10.0,71.5,6.79
pp_4,46.9,0.0,10.0,56.9,8.39
pp_4,56.9,0.0,0.0,56.9,8.52
pp_4,60.6,0.0,0.0,60.6,8.65
pp_4,47.6,0.0,10.0,57.6,8.17
pp_4,57.7,0.0,0.0,57.7,8.22
pp_4,61.1,0.0,0.0,61.1,8.26
pp_4,47.4,0.0,10.0,57.4,8.25
pp_4,57.7,0.0,0.0,57.7,8.7
pp_4,60.7,0.0,10.0,70.7,8.02
pp_4,58.8,0.0,0.0,58.8,7.47
pp_4,57.0,0.0,0.0,57.0,6.84
pp_4,71.4,0.0,0.0,71.4,5.56
pp_4,59.6,0.0,0.0,59.6,4.96
pp_4,57.6,0.0,0.0,57.6,4.33
pp_4,60.7,0.0,0.0,60.7,4.06
pp_4,47.5,0.0,10.0,57.5,4.0
pp_4,56.9,0.0,0.0,56.9,3.62
pp_4,60.6,0.0,10.0,70.6,3.39
pp_4,58.8,0.0,0.0,58.8,3.33
pp_4,59.1,0.0,0.0,59.1,3.69
pp_4,60.7,0.0,10.0,70.7,3.43
pp_4,47.2,0.0,10.0,57.2,4.13
pp_4,57.3,0.0,0.0,57.3,4.27
pp_4,60.8,0.0,0.0,60.8,3.66
pp_4,47.6,0.0,10.0,57.6,3.34
pp_4,57.5,0.0,0.0,57.5,2.8
pp_4,60.8,0.0,10.0,70.8,2.79
pp_4,60.2,0.0,0.0,60.2,3.02
pp_4,59.4,0.0,0.0,59.4,3.95
pp_4,61.1,0.0,10.0,71.1,4.12
pp_4,57.8,0.0,0.0,57.8,6.29
pp_4,58.4,0.0,0.0,58.4,7.07
pp_4,60.7,0.0,10.0,70.7,7.32
pp_4,47.6,10.0,0.0,57.6,8.11
pp_4,57.6,0.0,0.0,57.6,7.71
pp_4,52.3,0.0,10.0,62.3,5.15
pp_4,46.8,10.0,0.0,56.8,3.34
pp_4,56.9,0.0,0.0,56.9,3.03
pp_4,60.9,0.0,0.0,60.9,2.63
pp_4,47.0,0.0,10.0,57.0,2.5
pp_4,57.2,0.0,0.0,57.2,1.61
pp_4,61.0,0.0,10.0,71.0,2.0
pp_4,59.0,0.0,0.0,59.0,1.81
pp_4,47.0,0.0,10.0,57.0,1.78
pp_4,60.7,0.0,0.0,60.7,1.91
pp_4,47.2,0.0,10.0,57.2,1.94
pp_4,59.5,0.0,0.0,59.5,1.85
pp_4,61.3,0.0,10.0,71.3,1.75
pp_4,47.2,10.0,0.0,57.2,1.88
pp_4,57.1,0.0,0.0,57.1,2.31
pp_4,60.7,0.0,10.0,70.7,2.48
pp_4,47.7,10.0,0.0,57.7,3.5
pp_4,57.2,0.0,0.0,57.2,4.77
pp_4,60.6,0.0,10.0,70.6,5.73
pp_4,47.1,0.0,10.0,57.1,8.23
pp_4,58.6,0.0,0.0,58.6,11.0
pp_4,60.9,0.0,0.0,60.9,13.23
pp_4,57.3,0.0,0.0,57.3,13.74
pp_4,57.1,0.0,0.0,57.1,13.75
pp_4,61.5,0.0,10.0,71.5,11.14
pp_4,58.4,0.0,0.0,58.4,11.37
pp_4,57.1,0.0,0.0,57.1,8.62
pp_4,61.0,0.0,10.0,71.0,4.06
pp_4,59.8,0.0,0.0,59.8,2.93
pp_4,57.4,0.0,0.0,57.4,3.7
pp_4,51.9,0.0,10.0,61.9,5.46
pp_4,47.6,10.0,0.0,57.6,5.88
pp_4,57.1,0.0,0.0,57.1,6.0
pp_4,60.8,0.0,10.0,70.8,5.71
pp_4,47.1,0.0,10.0,57.1,5.65
pp_4,57.2,0.0,0.0,57.2,5.18
pp_4,60.9,0.0,10.0,70.9,4.56
pp_4,47.6,0.0,10.0,57.6,4.32
pp_4,57.0,0.0,0.0,57.0,3.93
pp_4,52.1,0.0,10.0,62.1,3.56
pp_4,59.6,0.0,0.0,59.6,3.46
pp_4,58.3,0.0,0.0,58.3,3.44
pp_4,61.3,0.0,10.0,71.3,2.56
pp_4,57.6,0.0,0.0,57.6,2.19
pp_4,57.2,0.0,0.0,57.2,2.24
pp_4,62.2,0.0,10.0,72.2,1.66
pp_4,47.6,10.0,0.0,57.6,1.45
pp_4,57.4,0.0,0.0,57.4,1.22
pp_4,60.8,0.0,10.0,70.8,0.97
pp_4,47.3,0.0,10.0,57.3,0.68
pp_4,57.8,0.0,0.0,57.8,0.75
pp_4,61.9,0.0,10.0,71.9,0.85
pp_4,57.2,0.0,0.0,57.2,1.07
pp_4,56.8,0.0,0.0,56.8,1.28
pp_4,61.0,0.0,0.0,61.0,1.16
pp_4,47.3,0.0,10.0,57.3,1.08
pp_4,57.4,0.0,0.0,57.4,1.27
pp_4,61.0,0.0,10.0,71.0,1.09
pp_4,48.0,0.0,10.0,58.0,1.11
pp_4,57.0,0.0,0.0,57.0,0.94
pp_4,60.9,0.0,10.0,70.9,0.8
pp_4,57.1,0.0,10.0,67.1,0.7
pp_4,57.3,0.0,0.0,57.3,1.06
pp_4,60.8,0.0,10.0,70.8,1.99
pp_4,57.8,0.0,0.0,57.8,4.57
pp_4,57.0,0.0,0.0,57.0,7.98
pp_4,52.2,0.0,0.0,52.2,12.38
pp_4,56.9,0.0,0.0,56.9,15.51
pp_4,57.6,0.0,0.0,57.6,16.84
pp_4,61.0,0.0,10.0,71.0,12.79
pp_4,47.5,10.0,0.0,57.5,16.64
pp_4,56.8,0.0,0.0,56.8,15.02
pp_4,61.2,0.0,10.0,71.2,7.99
pp_4,57.8,0.0,0.0,57.8,12.11
pp_4,57.1,0.0,0.0,57.1,10.24
pp_4,61.0,0.0,10.0,71.0,4.37
pp_4,57.7,0.0,0.0,57.7,8.69
pp_4,57.0,0.0,0.0,57.0,8.03
pp_4,60.8,0.0,10.0,70.8,3.9
pp_4,57.0,0.0,0.0,57.0,7.71
pp_4,57.4,0.0,0.0,57.4,7.41
pp_4,60.7,0.0,10.0,70.7,9.33
pp_4,47.1,0.0,10.0,57.1,14.66
pp_4,57.1,0.0,0.0,57.1,18.75
pp_4,52.8,0.0,10.0,62.8,19.34
pp_4,47.1,0.0,10.0,57.1,21.24
pp_4,56.9,0.0,0.0,56.9,20.38
pp_4,52.0,0.0,10.0,62.0,16.89
pp_4,58.1,0.0,0.0,58.1,16.67
pp_4,60.3,0.0,10.0,70.3,12.97
pp_4,62.1,0.0,10.0,72.1,10.95
pp_4,57.7,0.0,0.0,57.7,14.38
pp_4,57.8,0.0,0.0,57.8,12.31
pp_4,61.1,0.0,10.0,71.1,6.95
pp_4,47.9,10.0,0.0,57.9,8.62
pp_4,57.6,0.0,0.0,57.6,6.41
pp_4,60.8,0.0,10.0,70.8,3.69
pp_4,58.7,0.0,0.0,58.7,3.32
pp_4,57.3,0.0,0.0,57.3,2.92
pp_4,61.1,0.0,10.0,71.1,3.26
pp_4,57.1,0.0,10.0,67.1,3.12
pp_4,56.9,0.0,0.0,56.9,3.63
pp_4,52.2,0.0,10.0,62.2,3.87
pp_4,57.5,0.0,0.0,57.5,3.17
pp_4,57.3,0.0,0.0,57.3,2.83
pp_4,60.6,0.0,10.0,70.6,3.07
pp_4,47.2,0.0,10.0,57.2,2.35
pp_4,57.1,0.0,0.0,57.1,2.14
pp_4,60.8,0.0,10.0,70.8,2.36
pp_4,56.9,10.0,0.0,66.9,1.5
pp_4,56.9,0.0,0.0,56.9,0.53
pp_4,60.9,0.0,10.0,70.9,0.52
pp_4,47.4,0.0,10.0,57.4,2.02
pp_4,58.7,0.0,0.0,58.7,2.15
pp_4,60.9,0.0,10.0,70.9,1.28
pp_4,47.2,10.0,0.0,57.2,2.37
pp_4,57.6,0.0,0.0,57.6,2.65
pp_4,61.1,0.0,0.0,61.1,1.69
pp_4,47.3,0.0,10.0,57.3,1.9
pp_4,57.0,0.0,0.0,57.0,1.44
pp_4,60.9,0.0,0.0,60.9,1.53
pp_4,64.1,0.0,10.0,74.1,3.28
pp_4,71.7,10.0,0.0,81.7,4.23
pp_4,78.0,10.0,0.0,88.0,5.08
pp_4,93.3,0.0,0.0,93.3,4.85
pp_4,97.1,0.0,10.0,107.1,4.68
pp_4,105.5,10.0,0.0,115.5,3.61
pp_4,92.0,0.0,0.0,92.0,2.16
pp_4,95.2,0.0,0.0,95.2,2.04
pp_4,90.1,0.0,0.0,90.1,2.48
pp_4,61.0,0.0,0.0,61.0,5.15
pp_4,47.3,0.0,10.0,57.3,2.82
pp_4,56.9,0.0,0.0,56.9,1.73
pp_4,61.1,0.0,10.0,71.1,1.06
pp_4,46.9,0.0,10.0,56.9,2.18
pp_4,57.6,0.0,0.0,57.6,3.68
pp_4,52.4,0.0,10.0,62.4,5.33
pp_4,57.5,0.0,0.0,57.5,7.68
pp_4,57.2,0.0,0.0,57.2,8.97
pp_4,61.0,0.0,10.0,71.0,8.65
pp_4,58.7,0.0,0.0,58.7,9.51
pp_4,58.0,0.0,0.0,58.0,9.23
pp_4,61.3,0.0,10.0,71.3,7.53
pp_4,47.3,0.0,10.0,57.3,8.49
pp_4,56.9,0.0,0.0,56.9,7.89
pp_4,60.7,0.0,10.0,70.7,5.14
pp_4,58.0,0.0,0.0,58.0,5.23
pp_4,56.9,0.0,0.0,56.9,4.68
pp_4,60.8,0.0,10.0,70.8,3.34
pp_4,47.6,0.0,10.0,57.6,3.79
pp_4,57.6,0.0,0.0,57.6,4.37
pp_4,61.2,0.0,10.0,71.2,5.1
pp_4,57.1,0.0,0.0,57.1,5.55
pp_4,57.7,0.0,0.0,57.7,5.62
pp_4,61.1,0.0,10.0,71.1,5.37
pp_4,57.4,0.0,0.0,57.4,5.0
pp_4,57.7,0.0,0.0,57.7,4.52
pp_4,60.8,0.0,0.0,60.8,4.14
pp_4,57.5,0.0,0.0,57.5,3.68
pp_4,59.0,0.0,0.0,59.0,3.46
pp_4,60.9,10.0,0.0,70.9,3.3
pp_4,59.4,0.0,0.0,59.4,3.27
pp_4,57.8,0.0,0.0,57.8,3.2
pp_4,60.8,0.0,0.0,60.8,3.06
pp_4,48.2,0.0,10.0,58.2,2.83
pp_4,57.6,0.0,0.0,57.6,2.67
pp_4,61.1,0.0,0.0,61.1,2.25
pp_4,47.0,0.0,10.0,57.0,2.08
pp_4,57.1,0.0,0.0,57.1,1.85
pp_4,60.9,10.0,0.0,70.9,1.5
pp_4,59.5,0.0,0.0,59.5,1.4
pp_4,57.0,0.0,0.0,57.0,1.47
pp_4,52.3,0.0,10.0,62.3,1.55
pp_4,59.6,0.0,0.0,59.6,2.05
pp_4,57.7,0.0,0.0,57.7,2.45
pp_4,61.6,0.0,10.0,71.6,2.7
pp_4,47.0,0.0,10.0,57.0,3.36
pp_4,57.3,0.0,0.0,57.3,3.93
pp_4,60.8,0.0,0.0,60.8,4.94
pp_4,57.3,0.0,0.0,57.3,6.13
pp_4,57.9,0.0,0.0,57.9,7.53
pp_4,61.0,0.0,10.0,71.0,7.42
pp_4,67.1,0.0,0.0,67.1,8.52
pp_4,58.5,0.0,0.0,58.5,9.28
pp_4,60.9,0.0,0.0,60.9,7.37
pp_4,47.2,0.0,10.0,57.2,4.88
pp_4,57.3,0.0,0.0,57.3,3.93
pp_4,61.4,0.0,0.0,61.4,2.98
pp_4,47.0,0.0,10.0,57.0,2.8
pp_4,57.1,0.0,0.0,57.1,3.05
pp_4,61.3,0.0,10.0,71.3,3.32
pp_4,48.0,0.0,10.0,58.0,4.08
pp_4,57.5,0.0,0.0,57.5,5.41
pp_4,60.9,10.0,0.0,70.9,6.56
pp_4,59.3,0.0,0.0,59.3,9.43
pp_4,58.8,0.0,0.0,58.8,10.79
pp_4,60.9,0.0,0.0,60.9,10.35
pp_4,47.7,0.0,10.0,57.7,8.47
pp_4,57.2,0.0,0.0,57.2,7.07
pp_4,61.5,0.0,10.0,71.5,4.27
pp_4,57.5,0.0,0.0,57.5,4.48
pp_4,57.5,0.0,0.0,57.5,4.1
pp_4,61.4,0.0,10.0,71.4,5.27
pp_4,57.0,0.0,10.0,67.0,5.5
pp_4,57.6,0.0,0.0,57.6,5.16
pp_4,61.1,0.0,10.0,71.1,3.76
pp_4,67.0,0.0,0.0,67.0,4.01
pp_4,58.2,0.0,0.0,58.2,4.28
pp_4,60.9,0.0,10.0,70.9,3.03
pp_4,47.8,0.0,10.0,57.8,3.12
pp_4,57.3,0.0,0.0,57.3,2.61
pp_4,61.2,0.0,0.0,61.2,2.5
pp_4,47.0,10.0,0.0,57.0,4.83
pp_4,57.6,0.0,0.0,57.6,6.23
pp_4,61.0,0.0,10.0,71.0,4.69
pp_4,66.8,0.0,0.0,66.8,7.59
pp_4,57.4,0.0,0.0,57.4,7.94
pp_4,60.8,0.0,10.0,70.8,6.71
pp_4,57.0,0.0,10.0,67.0,5.12
pp_4,57.3,0.0,0.0,57.3,1.6
pp_4,61.6,0.0,10.0,71.6,1.68
pp_4,47.8,0.0,10.0,57.8,4.59
pp_4,57.0,0.0,0.0,57.0,6.17
pp_4,61.9,0.0,10.0,71.9,7.38
pp_4,47.6,10.0,0.0,57.6,9.34
pp_4,56.8,0.0,0.0,56.8,10.3
pp_4,60.8,0.0,0.0,60.8,13.68
pp_4,58.8,0.0,0.0,58.8,18.81
pp_4,57.3,0.0,0.0,57.3,20.54
pp_4,60.9,0.0,0.0,60.9,19.67
pp_4,56.8,0.0,10.0,66.8,19.19
pp_4,67.5,0.0,0.0,67.5,16.84
pp_4,60.8,0.0,0.0,60.8,17.94
pp_4,56.8,10.0,0.0,66.8,14.83
pp_4,57.5,0.0,0.0,57.5,15.44
pp_4,61.0,0.0,10.0,71.0,7.44
pp_4,47.1,10.0,0.0,57.1,5.1
pp_4,57.4,0.0,0.0,57.4,3.36
pp_4,60.9,0.0,0.0,60.9,4.45
pp_4,57.6,0.0,0.0,57.6,5.0
pp_4,57.0,0.0,0.0,57.0,5.31
pp_4,60.9,0.0,0.0,60.9,5.83
pp_4,67.1,0.0,0.0,67.1,6.86
pp_4,60.8,0.0,10.0,70.8,7.09
pp_4,53.7,0.0,0.0,53.7,7.59
pp_4,58.4,0.0,0.0,58.4,7.7
pp_4,57.1,0.0,0.0,57.1,7.4
pp_4,61.0,0.0,10.0,71.0,7.12
pp_4,47.4,10.0,0.0,57.4,6.83
pp_4,57.0,0.0,0.0,57.0,6.42
pp_4,52.7,0.0,10.0,62.7,5.7
pp_4,48.4,10.0,0.0,58.4,5.23
pp_4,57.3,0.0,0.0,57.3,4.76
pp_4,61.0,0.0,10.0,71.0,3.91
pp_4,58.9,0.0,0.0,58.9,3.3
pp_4,60.1,0.0,0.0,60.1,2.89
pp_4,61.0,0.0,10.0,71.0,2.26
pp_4,57.2,0.0,10.0,67.2,2.56
pp_4,57.3,0.0,0.0,57.3,2.66
pp_4,61.0,0.0,10.0,71.0,2.74
pp_4,56.8,0.0,10.0,66.8,2.36
pp_4,57.4,0.0,0.0,57.4,1.93
pp_4,51.9,0.0,10.0,61.9,1.03
pp_4,47.6,10.0,0.0,57.6,0.92
pp_4,57.8,0.0,0.0,57.8,1.04
pp_4,61.0,0.0,10.0,71.0,1.35
pp_4,47.8,10.0,0.0,57.8,1.48
pp_4,56.9,0.0,0.0,56.9,1.64
pp_4,60.9,0.0,10.0,70.9,0.54
pp_4,59.2,0.0,0.0,59.2,0.53
pp_4,58.4,0.0,0.0,58.4,0.63
pp_4,60.8,0.0,10.0,70.8,0.57
pp_4,46.9,0.0,10.0,56.9,0.57
pp_4,57.2,0.0,0.0,57.2,0.76
pp_4,60.7,0.0,10.0,70.7,0.54
pp_4,48.0,10.0,0.0,58.0,0.77
pp_4,57.1,0.0,0.0,57.1,0.91
pp_4,61.0,0.0,0.0,61.0,1.1
pp_4,47.0,0.0,10.0,57.0,0.99
pp_4,57.1,0.0,0.0,57.1,1.02
pp_4,52.0,0.0,10.0,62.0,0.77
pp_4,47.7,10.0,0.0,57.7,0.8
pp_4,57.8,0.0,0.0,57.8,0.85
pp_4,61.0,0.0,10.0,71.0,0.89
pp_4,47.1,0.0,10.0,57.1,1.0
pp_4,57.1,0.0,0.0,57.1,0.91
pp_4,52.4,0.0,10.0,62.4,0.57
pp_4,59.3,0.0,0.0,59.3,0.48
pp_4,57.5,0.0,0.0,57.5,0.53
pp_4,60.8,0.0,0.0,60.8,0.6
pp_4,57.9,0.0,0.0,57.9,0.51
pp_4,57.0,0.0,0.0,57.0,0.48
pp_4,52.6,0.0,10.0,62.6,0.49
pp_4,59.7,0.0,0.0,59.7,0.57
pp_4,58.8,0.0,0.0,58.8,0.57
pp_4,60.7,0.0,10.0,70.7,0.67
pp_4,57.1,0.0,0.0,57.1,1.39
pp_4,57.5,0.0,0.0,57.5,2.86
pp_4,61.0,0.0,10.0,71.0,5.63
pp_4,47.0,10.0,0.0,57.0,10.91
pp_4,58.6,0.0,0.0,58.6,14.42
pp_4,60.9,0.0,10.0,70.9,13.88
pp_4,57.9,0.0,0.0,57.9,19.18
pp_4,57.8,0.0,0.0,57.8,18.41
pp_4,52.4,0.0,10.0,62.4,15.39
pp_4,58.8,0.0,0.0,58.8,15.19
pp_4,57.6,0.0,0.0,57.6,14.13
pp_4,60.8,0.0,10.0,70.8,8.87
pp_4,56.9,0.0,0.0,56.9,13.01
pp_4,57.0,0.0,0.0,57.0,11.54
pp_4,58.1,0.0,10.0,68.1,7.36
pp_4,67.0,0.0,0.0,67.0,8.0
pp_4,57.7,0.0,0.0,57.7,10.86
pp_4,57.4,0.0,0.0,57.4,9.94
pp_4,57.3,0.0,0.0,57.3,9.72
pp_4,57.2,0.0,0.0,57.2,9.15
pp_4,56.8,0.0,0.0,56.8,9.96
pp_4,47.0,0.0,10.0,57.0,9.35
pp_4,57.6,0.0,0.0,57.6,8.86
pp_4,57.4,0.0,0.0,57.4,9.33
pp_4,46.8,10.0,0.0,56.8,10.28
pp_4,56.9,0.0,0.0,56.9,10.2
pp_4,57.6,0.0,0.0,57.6,9.98
pp_4,47.1,0.0,10.0,57.1,10.96
pp_4,57.8,0.0,0.0,57.8,10.3
pp_4,58.1,0.0,0.0,58.1,10.04
pp_4,47.9,0.0,10.0,57.9,10.48
pp_4,56.8,0.0,0.0,56.8,10.07
pp_4,57.3,0.0,0.0,57.3,9.36
pp_4,46.9,10.0,0.0,56.9,9.52
pp_4,57.3,0.0,0.0,57.3,8.59
pp_4,58.6,0.0,0.0,58.6,7.98
pp_4,57.4,0.0,0.0,57.4,8.68
pp_4,58.0,0.0,0.0,58.0,8.04
pp_4,58.2,0.0,0.0,58.2,8.09
pp_4,56.9,0.0,0.0,56.9,8.73
pp_4,58.5,0.0,0.0,58.5,7.97
pp_4,57.8,0.0,0.0,57.8,8.74
pp_4,57.1,0.0,0.0,57.1,8.88
pp_4,56.9,0.0,0.0,56.9,8.57
pp_4,57.9,0.0,10.0,67.9,6.39
pp_4,47.9,10.0,0.0,57.9,9.0
pp_4,57.6,0.0,0.0,57.6,8.48
pp_4,57.6,0.0,0.0,57.6,8.67
pp_4,56.9,0.0,0.0,56.9,8.61
pp_4,57.6,0.0,0.0,57.6,7.85
pp_4,57.8,0.0,0.0,57.8,7.38
pp_4,57.3,0.0,0.0,57.3,7.79
pp_4,56.9,0.0,0.0,56.9,8.49
pp_4,58.1,0.0,0.0,58.1,5.46
pp_4,47.0,0.0,10.0,57.0,6.99
pp_4,56.9,0.0,0.0,56.9,8.18
pp_4,58.4,0.0,0.0,58.4,8.49
pp_4,57.0,0.0,0.0,57.0,8.42
pp_4,58.6,0.0,0.0,58.6,7.94
pp_4,57.7,0.0,0.0,57.7,7.28
pp_4,57.5,0.0,0.0,57.5,6.82
pp_4,57.7,0.0,0.0,57.7,6.65
pp_4,57.6,0.0,0.0,57.6,6.56
pp_4,47.7,10.0,0.0,57.7,6.6
pp_4,56.9,0.0,0.0,56.9,6.75
pp_4,67.2,0.0,0.0,67.2,6.73
pp_4,46.7,0.0,10.0,56.7,6.17
pp_4,57.0,0.0,0.0,57.0,6.02
pp_4,57.1,0.0,0.0,57.1,6.11
pp_4,47.1,10.0,0.0,57.1,6.12
pp_4,58.6,0.0,0.0,58.6,5.09
pp_4,57.2,0.0,0.0,57.2,5.08
pp_4,57.5,0.0,0.0,57.5,8.64
pp_4,58.7,0.0,0.0,58.7,12.11
pp_4,57.3,0.0,0.0,57.3,6.05
pp_4,57.0,0.0,0.0,57.0,4.55
pp_4,56.7,0.0,0.0,56.7,4.63
pp_4,57.2,0.0,0.0,57.2,4.7
pp_4,47.5,10.0,0.0,57.5,4.77
pp_4,57.3,0.0,0.0,57.3,4.82
pp_4,56.8,0.0,0.0,56.8,4.86
pp_4,46.9,10.0,0.0,56.9,4.9
pp_4,56.8,0.0,0.0,56.8,4.93
pp_4,58.8,0.0,0.0,58.8,4.96
pp_4,56.8,0.0,0.0,56.8,4.98
pp_reset,57.2,0.0,0.0,57.2,5.0
pp_reset,56.8,0.0,0.0,56.8,5.02
pp_reset,57.3,0.0,0.0,57.3,5.03
pp_reset,56.9,0.0,0.0,56.9,5.04
pp_reset,57.1,0.0,0.0,57.1,5.05
pp_reset,58.5,0.0,0.0,58.5,5.06
pp_reset,46.9,10.0,0.0,56.9,5.07
pp_reset,57.8,0.0,0.0,57.8,5.07
pp_reset,56.8,0.0,0.0,56.8,5.08
pp_reset,57.0,0.0,0.0,57.0,5.08
pp_reset,57.5,0.0,0.0,57.5,5.09
pp_reset,51.0,10.0,0.0,61.0,5.09
pp_reset,57.3,0.0,0.0,57.3,5.09
pp_reset,56.8,0.0,0.0,56.8,5.09
pp_reset,61.8,0.0,0.0,61.8,5.1
pp_reset,58.4,0.0,0.0,58.4,5.1
pp_reset,59.4,0.0,0.0,59.4,5.1
pp_reset,60.8,0.0,0.0,60.8,5.1
pp_reset,57.0,0.0,0.0,57.0,5.1
pp_reset,56.9,0.0,0.0,56.9,5.1
pp_reset,70.8,0.0,0.0,70.8,5.1
pp_reset,56.9,0.0,0.0,56.9,5.1
pp_reset,57.9,0.0,0.0,57.9,5.1
pp_reset,60.6,0.0,10.0,70.6,5.1
pp_reset,57.5,0.0,0.0,57.5,5.1
pp_reset,57.4,0.0,0.0,57.4,5.1
pp_reset,51.0,0.0,10.0,61.0,5.1
pp_reset,57.2,0.0,0.0,57.2,5.1
pp_reset,57.9,0.0,0.0,57.9,5.1
pp_reset,61.1,0.0,0.0,61.1,5.1
pp_reset,58.6,0.0,0.0,58.6,5.1
pp_reset,57.1,0.0,10.0,67.1,5.1
pp_reset,51.2,0.0,10.0,61.2,5.1
pp_reset,58.4,0.0,0.0,58.4,5.1
pp_reset,57.0,0.0,0.0,57.0,5.1
pp_reset,63.2,0.0,0.0,63.2,5.1
pp_reset,56.9,0.0,0.0,56.9,5.1
pp_reset,57.5,0.0,0.0,57.5,5.1
pp_reset,50.8,0.0,10.0,60.8,5.1
pp_reset,57.6,0.0,0.0,57.6,5.1
pp_reset,56.9,0.0,0.0,56.9,5.1
pp_reset,61.9,0.0,0.0,61.9,5.1
pp_reset,56.9,0.0,0.0,56.9,5.1
pp_reset,57.9,0.0,0.0,57.9,5.1
pp_reset,60.9,0.0,0.0,60.9,5.1
pp_reset,57.6,0.0,0.0,57.6,5.1
pp_reset,56.9,0.0,0.0,56.9,5.1
pp_reset,61.0,0.0,0.0,61.0,5.11
pp_reset,57.4,0.0,0.0,57.4,5.11
pp_reset,57.2,0.0,0.0,57.2,5.11
pp_reset,50.8,10.0,0.0,60.8,5.11
pp_reset,56.7,0.0,0.0,56.7,5.11
pp_reset,57.3,0.0,0.0,57.3,5.11
pp_reset,51.9,0.0,10.0,61.9,5.11
pp_reset,56.9,0.0,0.0,56.9,5.11
pp_reset,57.0,0.0,0.0,57.0,5.11
pp_reset,50.9,10.0,0.0,60.9,5.11
pp_reset,58.1,0.0,0.0,58.1,5.11
pp_reset,57.4,0.0,0.0,57.4,5.11
pp_reset,50.8,10.0,0.0,60.8,5.11
pp_5,257.5,0.0,0.0,257.5,0.21
pp_5,57.3,0.0,0.0,57.3,5.66
pp_5,50.7,0.0,10.0,60.7,4.65
pp_5,47.7,10.0,0.0,57.7,3.98
pp_5,56.9,0.0,0.0,56.9,3.4
pp_5,61.3,0.0,0.0,61.3,2.75
pp_5,58.9,0.0,0.0,58.9,2.35
pp_5,57.6,0.0,0.0,57.6,2.0
pp_5,51.2,0.0,10.0,61.2,1.62
pp_5,59.9,0.0,10.0,69.9,1.3
pp_5,51.9,0.0,10.0,61.9,1.11
pp_5,51.0,10.0,0.0,61.0,0.94
pp_5,57.8,0.0,0.0,57.8,0.8
pp_5,56.8,0.0,0.0,56.8,0.68
pp_5,51.1,0.0,10.0,61.1,0.54
pp_5,47.0,10.0,0.0,57.0,0.46
pp_5,59.1,0.0,0.0,59.1,0.39
pp_5,51.1,0.0,10.0,61.1,0.32
pp_5,46.9,0.0,10.0,56.9,0.28
pp_5,56.9,0.0,0.0,56.9,0.0
pp_5,51.8,0.0,10.0,61.8,6.19
pp_5,57.5,0.0,0.0,57.5,12.93
pp_5,57.5,0.0,0.0,57.5,16.58
pp_5,50.8,0.0,10.0,60.8,12.2
pp_5,57.0,0.0,0.0,57.0,11.89
pp_5,56.9,0.0,0.0,56.9,14.44
pp_5,60.7,0.0,0.0,60.7,15.03
pp_5,57.6,0.0,0.0,57.6,16.8
pp_5,56.7,0.0,0.0,56.7,16.74
pp_5,51.0,0.0,10.0,61.0,14.4
pp_5,57.9,0.0,0.0,57.9,14.19
pp_5,57.1,0.0,0.0,57.1,13.63
pp_5,61.1,0.0,0.0,61.1,11.52
pp_5,58.2,0.0,0.0,58.2,8.46
pp_5,57.0,0.0,0.0,57.0,7.03
pp_5,51.0,0.0,10.0,61.0,9.32
pp_5,47.9,10.0,0.0,57.9,10.49
pp_5,56.8,0.0,0.0,56.8,10.22
pp_5,50.9,0.0,10.0,60.9,9.03
pp_5,58.0,0.0,0.0,58.0,8.32
pp_5,57.4,0.0,0.0,57.4,7.37
pp_5,50.6,0.0,10.0,60.6,6.04
pp_5,46.8,10.0,0.0,56.8,5.22
pp_5,58.8,0.0,0.0,58.8,4.5
pp_5,51.1,0.0,10.0,61.1,3.66
pp_5,47.0,0.0,10.0,57.0,3.16
pp_5,56.9,0.0,0.0,56.9,2.76
pp_5,61.8,0.0,0.0,61.8,2.5
pp_5,58.3,0.0,0.0,58.3,2.44
pp_5,57.6,0.0,0.0,57.6,7.23
pp_5,51.8,10.0,0.0,61.8,12.09
pp_5,57.8,0.0,0.0,57.8,14.88
pp_5,57.2,0.0,0.0,57.2,14.8
pp_5,51.0,10.0,0.0,61.0,11.72
pp_5,58.6,0.0,0.0,58.6,11.86
pp_5,58.1,0.0,0.0,58.1,10.93
pp_5,51.1,0.0,10.0,61.1,7.31
pp_5,46.9,0.0,0.0,46.9,7.16
pp_5,57.0,0.0,0.0,57.0,6.68
pp_5,50.6,0.0,10.0,60.6,4.05
pp_5,57.6,0.0,0.0,57.6,3.77
pp_5,58.5,0.0,10.0,68.5,1.52
pp_5,51.1,0.0,10.0,61.1,1.01
pp_5,57.2,0.0,0.0,57.2,0.94
pp_5,57.1,0.0,0.0,57.1,0.88
pp_5,51.3,0.0,10.0,61.3,0.49
pp_5,57.4,0.0,0.0,57.4,4.07
pp_5,57.0,0.0,0.0,57.0,7.97
pp_5,51.4,0.0,10.0,61.4,8.93
pp_5,58.8,0.0,0.0,58.8,10.63
pp_5,57.1,0.0,0.0,57.1,10.46
pp_5,51.0,0.0,10.0,61.0,8.97
pp_5,58.5,0.0,0.0,58.5,9.33
pp_5,57.9,0.0,0.0,57.9,10.04
pp_5,51.1,0.0,10.0,61.1,11.8
pp_5,47.0,10.0,0.0,57.0,12.15
pp_5,56.8,0.0,0.0,56.8,12.38
pp_5,51.3,10.0,0.0,61.3,12.11
pp_5,58.1,0.0,0.0,58.1,10.66
pp_5,57.6,0.0,0.0,57.6,5.58
pp_5,51.3,10.0,0.0,61.3,4.54
pp_5,57.4,0.0,0.0,57.4,6.42
pp_5,59.7,0.0,0.0,59.7,9.15
pp_5,51.2,0.0,10.0,61.2,9.72
pp_5,47.0,0.0,10.0,57.0,9.31
pp_5,56.9,0.0,0.0,56.9,10.1
pp_5,51.1,0.0,10.0,61.1,9.34
pp_5,47.0,10.0,0.0,57.0,9.46
pp_5,56.7,0.0,0.0,56.7,8.79
pp_5,51.0,0.0,10.0,61.0,7.84
pp_5,56.9,0.0,0.0,56.9,8.52
pp_5,56.9,0.0,0.0,56.9,9.62
pp_5,51.1,0.0,10.0,61.1,9.07
pp_5,47.2,10.0,0.0,57.2,10.67
pp_5,56.8,0.0,0.0,56.8,11.11
pp_5,50.9,10.0,0.0,60.9,10.44
pp_5,58.3,0.0,0.0,58.3,13.22
pp_5,57.6,0.0,0.0,57.6,15.31
pp_5,50.9,0.0,10.0,60.9,12.35
pp_5,47.0,0.0,10.0,57.0,10.1
pp_5,57.0,0.0,0.0,57.0,10.36
pp_5,51.1,0.0,10.0,61.1,12.8
pp_5,46.8,10.0,0.0,56.8,14.81
pp_5,57.2,0.0,0.0,57.2,12.2
pp_5,50.8,0.0,10.0,60.8,3.68
pp_5,58.2,0.0,0.0,58.2,11.05
pp_5,58.3,0.0,0.0,58.3,16.85
pp_5,51.0,0.0,10.0,61.0,17.12
pp_5,47.5,10.0,0.0,57.5,16.27
pp_5,57.6,0.0,0.0,57.6,14.86
pp_5,51.1,0.0,10.0,61.1,12.67
pp_5,56.7,0.0,0.0,56.7,12.91
pp_5,56.8,0.0,0.0,56.8,3.84
pp_5,50.9,0.0,10.0,60.9,3.23
pp_5,47.1,0.0,10.0,57.1,3.02
pp_5,57.9,0.0,0.0,57.9,2.87
pp_5,51.4,0.0,10.0,61.4,2.74
pp_5,46.8,0.0,10.0,56.8,2.69
pp_5,57.1,0.0,0.0,57.1,2.67
pp_5,51.7,0.0,10.0,61.7,2.67
pp_5,58.0,0.0,0.0,58.0,2.68
pp_5,58.5,0.0,0.0,58.5,2.7
pp_5,51.1,0.0,10.0,61.1,2.72
pp_5,57.7,0.0,0.0,57.7,2.74
pp_5,59.5,0.0,0.0,59.5,2.76
pp_5,51.2,0.0,10.0,61.2,2.78
pp_5,58.1,0.0,0.0,58.1,2.8
pp_5,59.0,0.0,0.0,59.0,2.82
pp_5,51.0,0.0,10.0,61.0,0.01
pp_5,46.8,0.0,10.0,56.8,10.25
pp_5,57.4,0.0,0.0,57.4,14.11
pp_5,51.1,0.0,10.0,61.1,16.19
pp_5,57.6,0.0,0.0,57.6,17.49
pp_5,57.5,0.0,0.0,57.5,17.24
pp_5,51.3,0.0,10.0,61.3,15.13
pp_5,56.9,0.0,0.0,56.9,15.91
pp_5,57.3,0.0,0.0,57.3,16.32
pp_5,52.0,0.0,10.0,62.0,15.99
pp_5,58.0,0.0,0.0,58.0,17.92
pp_5,57.4,0.0,0.0,57.4,17.85
pp_5,51.7,0.0,10.0,61.7,12.15
pp_5,47.2,10.0,0.0,57.2,10.62
pp_5,57.1,0.0,0.0,57.1,8.67
pp_5,51.3,10.0,0.0,61.3,6.45
pp_5,58.0,0.0,0.0,58.0,6.54
pp_5,56.6,0.0,0.0,56.6,6.33
pp_5,51.0,10.0,0.0,61.0,4.84
pp_5,57.9,0.0,0.0,57.9,4.65
pp_5,56.8,0.0,0.0,56.8,3.97
pp_5,62.8,0.0,0.0,62.8,2.57
pp_5,59.1,0.0,0.0,59.1,2.8
pp_5,57.6,0.0,0.0,57.6,3.45
pp_5,61.1,0.0,0.0,61.1,2.26
pp_5,58.3,0.0,0.0,58.3,3.03
pp_5,58.3,0.0,0.0,58.3,3.82
pp_5,51.0,0.0,10.0,61.0,2.19
pp_5,57.4,0.0,0.0,57.4,2.7
pp_5,57.0,0.0,0.0,57.0,2.63
pp_5,61.2,0.0,0.0,61.2,1.26
pp_5,57.9,0.0,0.0,57.9,1.32
pp_5,56.9,0.0,0.0,56.9,1.51
pp_5,50.9,0.0,10.0,60.9,2.08
pp_5,47.0,0.0,10.0,57.0,2.39
pp_5,56.7,0.0,0.0,56.7,2.87
pp_5,51.0,0.0,10.0,61.0,3.99
pp_5,57.0,0.0,0.0,57.0,4.09
pp_5,57.5,0.0,0.0,57.5,4.54
pp_5,51.0,0.0,10.0,61.0,4.9
pp_5,47.2,10.0,0.0,57.2,5.53
pp_5,57.1,0.0,0.0,57.1,5.49
pp_5,51.4,0.0,10.0,61.4,5.36
pp_5,57.5,0.0,0.0,57.5,5.11
pp_5,56.8,0.0,0.0,56.8,4.85
pp_5,50.8,0.0,10.0,60.8,4.27
pp_5,56.9,0.0,0.0,56.9,3.73
pp_5,57.9,0.0,0.0,57.9,3.34
pp_5,51.0,0.0,10.0,61.0,2.9
pp_5,47.1,10.0,0.0,57.1,2.52
pp_5,56.9,0.0,0.0,56.9,2.29
pp_5,51.3,0.0,10.0,61.3,2.09
pp_5,57.1,0.0,0.0,57.1,2.33
pp_5,56.8,0.0,0.0,56.8,2.57
pp_5,51.0,0.0,10.0,61.0,2.45
pp_5,47.0,10.0,0.0,57.0,3.11
pp_5,57.0,0.0,0.0,57.0,3.38
pp_5,61.8,0.0,0.0,61.8,2.85
pp_5,58.2,0.0,0.0,58.2,3.19
pp_5,57.0,0.0,0.0,57.0,3.42
pp_5,51.3,0.0,10.0,61.3,4.28
pp_5,57.8,0.0,0.0,57.8,5.28
pp_5,57.6,0.0,0.0,57.6,4.9
pp_5,51.0,0.0,10.0,61.0,3.64
pp_5,46.9,0.0,10.0,56.9,3.95
pp_5,56.7,0.0,0.0,56.7,3.81
pp_5,61.2,0.0,0.0,61.2,3.11
pp_5,60.7,0.0,0.0,60.7,3.51
pp_5,59.9,0.0,10.0,69.9,3.26
pp_5,52.0,10.0,0.0,62.0,3.13
pp_5,58.1,0.0,0.0,58.1,3.68
pp_5,57.1,0.0,0.0,57.1,4.12
pp_5,51.1,0.0,10.0,61.1,3.75
pp_5,47.4,0.0,10.0,57.4,4.78
pp_5,57.1,0.0,0.0,57.1,5.27
pp_5,51.0,0.0,10.0,61.0,4.41
pp_5,57.0,0.0,0.0,57.0,4.4
pp_5,56.9,0.0,0.0,56.9,3.73
pp_5,50.9,0.0,10.0,60.9,2.41
pp_5,57.5,0.0,0.0,57.5,1.97
pp_5,57.2,0.0,0.0,57.2,2.06
pp_5,50.8,0.0,10.0,60.8,2.57
pp_5,57.7,0.0,0.0,57.7,2.85
pp_5,57.2,0.0,0.0,57.2,3.26
pp_5,51.0,0.0,10.0,61.0,3.51
pp_5,57.2,0.0,0.0,57.2,3.75
pp_5,57.0,0.0,0.0,57.0,3.85
pp_5,51.1,0.0,10.0,61.1,3.79
pp_5,47.0,10.0,0.0,57.0,4.74
pp_5,56.8,0.0,0.0,56.8,5.5
pp_5,51.5,0.0,0.0,51.5,5.48
pp_5,57.6,0.0,0.0,57.6,6.08
pp_5,57.6,0.0,0.0,57.6,6.07
pp_5,50.8,0.0,10.0,60.8,4.47
pp_5,67.2,0.0,0.0,67.2,4.09
pp_5,57.1,0.0,0.0,57.1,3.29
pp_5,51.5,10.0,0.0,61.5,2.26
pp_5,57.1,0.0,0.0,57.1,2.66
pp_5,58.7,0.0,0.0,58.7,2.66
pp_5,51.8,0.0,10.0,61.8,2.33
pp_5,47.8,10.0,0.0,57.8,2.2
pp_5,57.2,0.0,0.0,57.2,2.1
pp_5,62.5,0.0,0.0,62.5,1.79
pp_5,58.8,0.0,0.0,58.8,1.96
pp_5,56.9,0.0,0.0,56.9,2.15
pp_5,61.2,0.0,0.0,61.2,2.02
pp_5,58.5,0.0,0.0,58.5,1.72
pp_5,58.5,0.0,0.0,58.5,1.62
pp_5,61.0,0.0,10.0,71.0,1.49
pp_5,47.0,0.0,0.0,47.0,1.97
pp_5,56.7,0.0,0.0,56.7,2.26
pp_5,51.3,0.0,10.0,61.3,1.83
pp_5,46.9,10.0,0.0,56.9,2.75
pp_5,57.7,0.0,0.0,57.7,3.18
pp_5,51.1,0.0,10.0,61.1,2.73
pp_5,46.9,0.0,10.0,56.9,3.6
pp_5,57.0,0.0,0.0,57.0,3.23
pp_5,50.8,0.0,10.0,60.8,3.28
pp_5,59.5,0.0,0.0,59.5,3.57
pp_5,57.0,0.0,0.0,57.0,4.59
pp_5,50.9,0.0,10.0,60.9,4.02
pp_5,57.9,0.0,0.0,57.9,5.2
pp_5,56.8,0.0,0.0,56.8,6.36
pp_5,51.1,0.0,10.0,61.1,6.22
pp_5,47.4,0.0,10.0,57.4,7.47
pp_5,57.1,0.0,0.0,57.1,7.67
pp_5,52.5,0.0,10.0,62.5,6.08
pp_5,57.4,0.0,0.0,57.4,6.48
pp_5,60.4,0.0,0.0,60.4,6.22
pp_5,70.9,0.0,0.0,70.9,4.55
pp_5,59.0,0.0,0.0,59.0,4.5
pp_5,58.6,0.0,0.0,58.6,3.7
pp_5,60.8,0.0,10.0,70.8,1.93
pp_5,47.4,10.0,0.0,57.4,1.47
pp_5,57.1,0.0,0.0,57.1,1.8
pp_5,52.4,0.0,10.0,62.4,3.11
pp_5,57.7,0.0,0.0,57.7,4.35
pp_5,59.2,0.0,10.0,69.2,5.57
pp_5,65.5,0.0,0.0,65.5,6.43
pp_5,59.9,0.0,0.0,59.9,6.94
pp_5,58.7,0.0,10.0,68.7,7.63
pp_5,51.1,10.0,0.0,61.1,9.77
pp_5,47.2,0.0,10.0,57.2,12.54
pp_5,56.9,0.0,0.0,56.9,13.42
pp_5,50.9,0.0,10.0,60.9,11.5
pp_5,47.0,10.0,0.0,57.0,11.49
pp_5,57.2,0.0,0.0,57.2,10.4
pp_5,51.5,0.0,10.0,61.5,7.03
pp_5,46.8,10.0,0.0,56.8,6.73
pp_5,56.8,0.0,0.0,56.8,5.7
pp_5,51.2,0.0,10.0,61.2,3.36
pp_5,57.9,0.0,0.0,57.9,3.39
pp_5,56.9,0.0,0.0,56.9,2.86
pp_5,71.1,0.0,0.0,71.1,1.34
pp_5,58.7,0.0,0.0,58.7,1.48
pp_5,58.1,0.0,0.0,58.1,1.08
pp_5,51.1,0.0,10.0,61.1,1.5
pp_5,47.0,0.0,10.0,57.0,1.81
pp_5,56.6,0.0,0.0,56.6,2.44
pp_5,51.3,0.0,10.0,61.3,3.29
pp_5,56.9,0.0,0.0,56.9,3.46
pp_5,57.4,0.0,0.0,57.4,4.16
pp_5,50.9,0.0,10.0,60.9,5.18
pp_5,57.5,0.0,0.0,57.5,7.14
pp_5,57.2,0.0,0.0,57.2,8.9
pp_5,51.4,0.0,10.0,61.4,8.26
pp_5,46.9,10.0,0.0,56.9,8.76
pp_5,56.9,0.0,0.0,56.9,8.05
pp_5,50.9,10.0,0.0,60.9,5.77
pp_5,47.7,10.0,0.0,57.7,5.89
pp_5,58.4,0.0,0.0,58.4,5.86
pp_5,51.6,10.0,0.0,61.6,3.37
pp_5,57.5,0.0,0.0,57.5,4.46
pp_5,56.7,0.0,0.0,56.7,4.47
pp_5,60.9,0.0,10.0,70.9,3.85
pp_5,47.1,10.0,0.0,57.1,3.47
pp_5,56.7,0.0,0.0,56.7,3.9
pp_5,50.8,0.0,10.0,60.8,3.09
pp_5,47.0,10.0,0.0,57.0,2.55
pp_5,56.9,0.0,0.0,56.9,2.1
pp_5,50.8,0.0,10.0,60.8,1.98
pp_5,56.9,0.0,0.0,56.9,2.37
pp_5,57.2,0.0,0.0,57.2,2.63
pp_5,50.7,0.0,10.0,60.7,3.2
pp_5,46.9,10.0,0.0,56.9,2.56
pp_5,57.0,0.0,0.0,57.0,2.65
pp_5,50.8,0.0,10.0,60.8,2.67
pp_5,58.4,0.0,0.0,58.4,1.96
pp_5,56.9,0.0,0.0,56.9,1.81
pp_5,52.2,10.0,0.0,62.2,1.84
pp_5,59.7,0.0,0.0,59.7,1.36
pp_5,57.4,0.0,0.0,57.4,1.71
pp_5,51.0,0.0,0.0,51.0,1.58
pp_5,57.4,0.0,0.0,57.4,1.3
pp_5,57.5,0.0,0.0,57.5,1.8
pp_5,51.0,0.0,10.0,61.0,1.97
pp_5,46.9,10.0,0.0,56.9,2.23
pp_5,57.8,0.0,0.0,57.8,3.22
pp_5,61.3,0.0,0.0,61.3,3.56
pp_5,60.7,0.0,0.0,60.7,4.23
pp_5,59.9,0.0,0.0,59.9,4.2
pp_5,51.1,0.0,10.0,61.1,4.07
pp_5,47.0,10.0,0.0,57.0,3.41
pp_5,56.8,0.0,0.0,56.8,2.28
pp_5,50.9,0.0,10.0,60.9,0.84
pp_5,47.5,0.0,10.0,57.5,0.74
pp_5,57.1,0.0,0.0,57.1,0.65
pp_5,51.3,0.0,10.0,61.3,0.64
pp_5,57.2,0.0,0.0,57.2,0.68
pp_5,57.2,0.0,0.0,57.2,1.02
pp_5,50.8,0.0,10.0,60.8,1.24
pp_5,56.9,0.0,0.0,56.9,1.08
pp_5,61.5,0.0,10.0,71.5,1.62
pp_5,60.9,0.0,10.0,70.9,2.08
pp_5,47.7,10.0,0.0,57.7,1.14
pp_5,57.0,0.0,0.0,57.0,0.98
pp_5,50.9,0.0,10.0,60.9,0.86
pp_5,57.3,0.0,0.0,57.3,0.75
pp_5,57.4,0.0,0.0,57.4,0.7
pp_5,50.8,0.0,10.0,60.8,0.76
pp_5,58.2,0.0,0.0,58.2,0.92
pp_5,57.2,0.0,0.0,57.2,1.13
pp_5,51.0,0.0,10.0,61.0,1.32
pp_5,47.4,10.0,0.0,57.4,1.42
pp_5,57.1,0.0,0.0,57.1,1.43
pp_5,52.1,0.0,10.0,62.1,0.8
pp_5,47.2,10.0,0.0,57.2,0.58
pp_5,56.7,0.0,0.0,56.7,0.97
pp_5,50.9,0.0,10.0,60.9,1.6
pp_5,57.0,0.0,0.0,57.0,2.75
pp_5,57.0,0.0,0.0,57.0,4.0
pp_5,50.9,0.0,10.0,60.9,4.59
pp_5,46.9,0.0,10.0,56.9,6.49
pp_5,56.6,0.0,0.0,56.6,7.28
pp_5,51.0,0.0,10.0,61.0,7.47
pp_5,47.8,10.0,0.0,57.8,9.32
pp_5,57.1,0.0,0.0,57.1,10.31
pp_5,50.7,10.0,0.0,60.7,7.7
pp_5,47.5,0.0,10.0,57.5,7.11
pp_5,57.0,0.0,0.0,57.0,5.74
pp_5,50.8,0.0,10.0,60.8,3.16
pp_5,58.5,0.0,0.0,58.5,2.58
pp_5,56.6,0.0,0.0,56.6,1.82
pp_5,51.0,0.0,10.0,61.0,1.97
pp_5,57.0,0.0,0.0,57.0,2.79
pp_5,56.8,0.0,0.0,56.8,3.27
pp_5,51.2,0.0,10.0,61.2,3.87
pp_5,57.4,0.0,0.0,57.4,4.01
pp_5,57.8,0.0,0.0,57.8,4.05
pp_5,52.5,0.0,10.0,62.5,3.92
pp_5,47.2,10.0,0.0,57.2,4.0
pp_5,56.7,0.0,0.0,56.7,3.9
pp_5,51.1,0.0,10.0,61.1,3.54
pp_5,57.0,0.0,0.0,57.0,3.85
pp_5,56.9,0.0,0.0,56.9,4.43
pp_5,50.7,0.0,10.0,60.7,4.57
pp_5,56.8,0.0,0.0,56.8,5.44
pp_5,57.0,0.0,0.0,57.0,5.95
pp_5,62.7,0.0,0.0,62.7,4.99
pp_5,60.8,0.0,0.0,60.8,5.0
pp_5,59.5,0.0,10.0,69.5,4.0
pp_5,51.4,0.0,10.0,61.4,3.29
pp_5,57.4,0.0,0.0,57.4,3.06
pp_5,56.7,0.0,0.0,56.7,2.46
pp_5,51.0,0.0,10.0,61.0,1.45
pp_5,58.5,0.0,0.0,58.5,1.77
pp_5,57.8,0.0,0.0,57.8,1.78
pp_5,61.0,0.0,0.0,61.0,1.64
pp_5,58.4,0.0,0.0,58.4,1.97
pp_5,58.0,0.0,0.0,58.0,2.65
pp_5,50.8,0.0,10.0,60.8,2.62
pp_5,56.9,0.0,0.0,56.9,2.93
pp_5,57.7,0.0,0.0,57.7,3.2
pp_5,51.1,0.0,10.0,61.1,2.79
pp_5,57.1,0.0,0.0,57.1,2.94
pp_5,57.6,0.0,0.0,57.6,2.98
pp_5,50.9,0.0,10.0,60.9,2.05
pp_5,57.3,0.0,0.0,57.3,1.99
pp_5,58.2,0.0,0.0,58.2,1.92
pp_5,50.8,0.0,0.0,50.8,1.79
pp_5,47.3,0.0,10.0,57.3,1.8
pp_5,56.8,0.0,0.0,56.8,1.79
pp_5,51.0,0.0,10.0,61.0,1.39
pp_5,47.1,0.0,10.0,57.1,1.38
pp_5,58.6,0.0,10.0,68.6,1.04
pp_5,60.9,0.0,0.0,60.9,0.88
pp_5,47.1,0.0,10.0,57.1,1.25
pp_5,56.8,0.0,0.0,56.8,1.82
pp_5,51.2,0.0,10.0,61.2,2.4
pp_5,57.3,0.0,0.0,57.3,3.12
pp_5,57.1,0.0,0.0,57.1,4.31
pp_5,50.8,10.0,0.0,60.8,5.33
pp_5,58.6,0.0,0.0,58.6,7.21
pp_5,57.2,0.0,0.0,57.2,7.9
pp_5,51.8,0.0,10.0,61.8,6.41
pp_5,56.9,0.0,0.0,56.9,6.1
pp_5,57.5,0.0,0.0,57.5,5.05
pp_5,51.0,0.0,10.0,61.0,2.58
pp_5,46.7,0.0,10.0,56.7,1.47
pp_5,57.0,0.0,0.0,57.0,0.67
pp_5,61.0,0.0,0.0,61.0,1.56
pp_5,47.8,0.0,10.0,57.8,2.19
pp_5,57.7,0.0,0.0,57.7,2.97
pp_5,51.0,0.0,10.0,61.0,3.45
pp_5,58.9,0.0,0.0,58.9,3.76
pp_5,57.1,0.0,0.0,57.1,3.73
pp_5,51.0,0.0,10.0,61.0,3.51
pp_5,57.3,0.0,0.0,57.3,3.84
pp_5,57.9,0.0,0.0,57.9,3.94
pp_5,61.1,0.0,10.0,71.1,3.42
pp_5,46.9,0.0,10.0,56.9,3.51
pp_5,57.4,0.0,0.0,57.4,3.26
pp_5,50.7,0.0,10.0,60.7,2.68
pp_5,57.2,0.0,0.0,57.2,2.66
pp_5,56.8,0.0,0.0,56.8,2.62
pp_5,61.1,0.0,0.0,61.1,1.6
pp_5,48.4,10.0,0.0,58.4,2.18
pp_5,57.3,0.0,0.0,57.3,1.23
pp_5,51.0,0.0,10.0,61.0,0.75
pp_5,57.0,0.0,0.0,57.0,1.02
pp_5,57.0,0.0,0.0,57.0,0.92
pp_5,61.1,0.0,0.0,61.1,1.22
pp_5,59.7,0.0,0.0,59.7,1.85
pp_5,57.8,0.0,0.0,57.8,2.36
pp_5,60.8,0.0,10.0,70.8,1.9
pp_5,47.3,10.0,0.0,57.3,2.01
pp_5,56.8,0.0,0.0,56.8,2.23
pp_5,50.9,0.0,10.0,60.9,1.98
pp_5,46.6,10.0,0.0,56.6,1.92
pp_5,57.1,0.0,0.0,57.1,1.86
pp_5,50.9,0.0,10.0,60.9,1.51
pp_5,46.7,0.0,10.0,56.7,1.95
pp_5,57.1,0.0,0.0,57.1,2.03
pp_5,51.2,0.0,10.0,61.2,1.09
pp_5,47.0,0.0,10.0,57.0,1.11
pp_5,56.9,0.0,0.0,56.9,0.94
pp_5,50.8,10.0,0.0,60.8,0.9
pp_5,46.9,0.0,10.0,56.9,1.66
pp_5,57.4,0.0,0.0,57.4,2.47
pp_5,51.0,0.0,10.0,61.0,1.77
pp_5,57.2,0.0,0.0,57.2,1.36
pp_5,57.8,0.0,0.0,57.8,1.12
pp_5,51.1,0.0,0.0,51.1,0.91
pp_5,56.9,0.0,0.0,56.9,1.07
pp_5,57.2,0.0,0.0,57.2,1.35
pp_5,51.1,0.0,10.0,61.1,0.96
pp_5,57.7,0.0,0.0,57.7,1.09
pp_5,57.5,0.0,0.0,57.5,1.0
pp_5,52.5,10.0,0.0,62.5,0.82
pp_5,47.6,10.0,0.0,57.6,0.74
pp_5,57.7,0.0,0.0,57.7,0.58
pp_5,51.1,0.0,0.0,51.1,0.5
pp_5,57.5,0.0,0.0,57.5,0.81
pp_5,57.4,0.0,0.0,57.4,0.59
pp_5,51.2,0.0,10.0,61.2,0.57
pp_5,47.0,0.0,10.0,57.0,0.72
pp_5,56.7,0.0,0.0,56.7,1.06
pp_5,50.9,0.0,10.0,60.9,1.04
pp_5,57.2,0.0,0.0,57.2,0.86
pp_5,57.0,0.0,0.0,57.0,1.05
pp_5,51.1,0.0,10.0,61.1,1.05
pp_5,57.4,0.0,0.0,57.4,0.95
pp_5,57.3,0.0,0.0,57.3,0.88
pp_5,72.3,0.0,0.0,72.3,0.9
pp_5,85.7,0.0,0.0,85.7,0.61
pp_5,77.0,0.0,10.0,87.0,0.44
pp_5,112.6,0.0,10.0,122.6,0.52
pp_5,121.5,0.0,10.0,131.5,0.41
pp_5,84.8,0.0,20.0,104.8,0.36
pp_5,106.7,0.0,0.0,106.7,0.03
pp_5,87.6,0.0,0.0,87.6,0.34
pp_5,78.1,0.0,0.0,78.1,0.44
pp_5,76.3,0.0,0.0,76.3,0.68
pp_5,72.7,0.0,0.0,72.7,0.85
pp_5,66.4,0.0,0.0,66.4,1.07
pp_5,54.9,0.0,0.0,54.9,1.17
pp_5,52.7,0.0,10.0,62.7,1.42
pp_5,57.0,0.0,0.0,57.0,1.8
pp_5,57.0,0.0,0.0,57.0,2.03
pp_5,51.0,0.0,10.0,61.0,1.92
pp_5,47.2,0.0,10.0,57.2,2.48
pp_5,56.8,0.0,0.0,56.8,2.37
pp_5,51.9,0.0,10.0,61.9,1.86
pp_5,57.5,0.0,0.0,57.5,1.88
pp_5,58.0,0.0,0.0,58.0,1.71
pp_5,51.2,0.0,10.0,61.2,1.3
pp_5,58.4,0.0,0.0,58.4,1.92
pp_5,58.5,0.0,0.0,58.5,2.74
pp_5,50.8,0.0,10.0,60.8,2.6
pp_5,46.8,10.0,0.0,56.8,2.92
pp_5,59.2,0.0,0.0,59.2,3.7
pp_5,51.0,0.0,10.0,61.0,3.08
pp_5,57.5,0.0,0.0,57.5,3.57
pp_5,57.0,0.0,0.0,57.0,3.8
pp_5,50.7,0.0,10.0,60.7,2.39
pp_5,57.2,0.0,0.0,57.2,2.29
pp_5,58.6,0.0,0.0,58.6,1.91
pp_5,51.0,0.0,10.0,61.0,1.72
pp_5,47.0,0.0,10.0,57.0,2.1
pp_5,58.6,0.0,0.0,58.6,1.71
pp_5,60.7,0.0,10.0,70.7,1.85
pp_5,47.3,10.0,0.0,57.3,1.88
pp_5,58.1,0.0,0.0,58.1,1.99
pp_5,51.4,0.0,10.0,61.4,1.81
pp_5,46.8,0.0,10.0,56.8,1.84
pp_5,57.4,0.0,0.0,57.4,2.09
pp_5,51.3,0.0,10.0,61.3,1.85
pp_5,57.9,0.0,0.0,57.9,1.66
pp_5,56.8,0.0,0.0,56.8,1.72
pp_5,50.9,0.0,10.0,60.9,1.6
pp_5,57.4,0.0,0.0,57.4,1.74
pp_5,57.8,0.0,0.0,57.8,2.02
pp_5,61.5,0.0,0.0,61.5,1.86
pp_5,48.1,10.0,0.0,58.1,1.87
pp_5,57.0,0.0,0.0,57.0,1.94
pp_5,51.1,0.0,10.0,61.1,1.96
pp_5,47.3,0.0,10.0,57.3,2.53
pp_5,57.1,0.0,0.0,57.1,2.87
pp_5,51.4,10.0,0.0,61.4,3.62
pp_5,57.9,0.0,0.0,57.9,5.86
pp_5,56.9,0.0,0.0,56.9,8.13
pp_5,52.4,0.0,10.0,62.4,8.29
pp_5,47.4,0.0,10.0,57.4,10.63
pp_5,56.7,0.0,0.0,56.7,12.09
pp_5,52.9,0.0,10.0,62.9,9.4
pp_5,57.8,0.0,0.0,57.8,9.51
pp_5,57.0,0.0,0.0,57.0,8.68
pp_5,51.5,0.0,0.0,51.5,5.59
pp_5,47.8,10.0,0.0,57.8,6.57
pp_5,56.8,0.0,0.0,56.8,6.29
pp_5,51.1,0.0,10.0,61.1,6.05
pp_5,57.1,0.0,0.0,57.1,9.28
pp_5,58.6,0.0,0.0,58.6,13.48
pp_5,51.1,0.0,10.0,61.1,16.47
pp_5,57.0,0.0,0.0,57.0,18.35
pp_5,57.0,0.0,0.0,57.0,18.03
pp_5,50.8,0.0,10.0,60.8,15.98
pp_5,57.3,0.0,0.0,57.3,15.74
pp_5,58.3,0.0,0.0,58.3,14.39
pp_5,61.0,0.0,0.0,61.0,12.35
pp_5,58.8,0.0,0.0,58.8,12.26
pp_5,58.3,0.0,0.0,58.3,11.45
pp_5,52.5,0.0,10.0,62.5,9.07
pp_5,46.9,0.0,10.0,56.9,9.96
pp_5,56.8,0.0,0.0,56.8,8.66
pp_5,51.3,0.0,10.0,61.3,6.73
pp_5,57.1,0.0,0.0,57.1,7.57
pp_5,59.5,0.0,10.0,69.5,4.0
pp_5,51.8,0.0,10.0,61.8,6.56
pp_5,47.0,0.0,10.0,57.0,7.39
pp_5,57.1,0.0,0.0,57.1,6.26
pp_5,51.2,0.0,10.0,61.2,4.34
pp_5,57.1,0.0,0.0,57.1,5.26
pp_5,58.3,0.0,0.0,58.3,4.94
pp_5,50.8,0.0,10.0,60.8,4.38
pp_5,57.2,0.0,0.0,57.2,5.34
pp_5,57.2,0.0,0.0,57.2,5.21
pp_5,50.8,0.0,10.0,60.8,1.34
pp_5,47.1,10.0,0.0,57.1,2.58
pp_5,57.0,0.0,0.0,57.0,3.55
pp_5,51.2,0.0,10.0,61.2,5.43
pp_5,47.1,0.0,10.0,57.1,4.61
pp_5,57.3,0.0,0.0,57.3,3.86
pp_5,51.3,0.0,0.0,51.3,3.71
pp_5,57.9,0.0,0.0,57.9,1.93
pp_5,57.1,0.0,0.0,57.1,1.17
pp_5,51.1,0.0,10.0,61.1,1.5
pp_5,57.1,0.0,0.0,57.1,1.38
pp_5,56.7,0.0,0.0,56.7,1.71
pp_5,50.7,0.0,10.0,60.7,1.87
pp_5,47.8,10.0,-10.0,47.8,1.76
pp_5,56.9,0.0,0.0,56.9,2.08
pp_5,50.9,0.0,10.0,60.9,2.54
pp_5,47.3,0.0,10.0,57.3,2.12
pp_5,56.8,0.0,0.0,56.8,1.88
pp_5,51.0,0.0,10.0,61.0,2.31
pp_5,57.9,0.0,0.0,57.9,1.63
pp_5,57.1,0.0,0.0,57.1,1.49
pp_5,50.8,0.0,0.0,50.8,1.24
pp_5,47.0,10.0,0.0,57.0,1.48
pp_5,57.0,0.0,0.0,57.0,1.28
pp_5,51.2,0.0,10.0,61.2,1.87
pp_5,47.1,10.0,0.0,57.1,1.43
pp_5,56.9,0.0,0.0,56.9,1.02
pp_5,51.2,0.0,10.0,61.2,1.11
pp_5,57.7,0.0,0.0,57.7,1.04
pp_5,59.2,0.0,0.0,59.2,1.98
pp_5,51.1,0.0,10.0,61.1,2.05
pp_5,47.2,0.0,10.0,57.2,3.12
pp_5,56.9,0.0,0.0,56.9,3.02
pp_5,51.1,0.0,10.0,61.1,2.12
pp_5,57.3,0.0,0.0,57.3,1.71
pp_5,58.0,0.0,0.0,58.0,1.67
pp_5,51.0,0.0,10.0,61.0,0.39
pp_5,47.2,0.0,10.0,57.2,0.54
pp_5,56.9,0.0,0.0,56.9,0.96
pp_5,51.3,0.0,10.0,61.3,1.62
pp_5,56.9,0.0,0.0,56.9,1.74
pp_5,57.6,0.0,0.0,57.6,1.67
pp_5,51.4,10.0,0.0,61.4,2.03
pp_5,58.6,0.0,0.0,58.6,1.78
pp_5,57.0,0.0,0.0,57.0,1.75
pp_5,51.3,0.0,10.0,61.3,2.19
pp_5,47.9,10.0,0.0,57.9,2.1
pp_5,56.9,0.0,0.0,56.9,2.14
pp_5,62.8,0.0,0.0,62.8,2.39
pp_5,59.9,0.0,0.0,59.9,2.47
pp_5,58.6,0.0,0.0,58.6,2.54
pp_5,61.0,0.0,0.0,61.0,2.66
pp_5,59.4,0.0,0.0,59.4,2.61
pp_5,58.3,0.0,0.0,58.3,2.45
pp_5,51.2,0.0,10.0,61.2,2.2
pp_5,47.1,0.0,10.0,57.1,2.06
pp_5,56.9,0.0,0.0,56.9,1.9
pp_5,51.1,10.0,0.0,61.1,1.62
pp_5,57.4,0.0,0.0,57.4,1.67
pp_5,57.4,0.0,10.0,67.4,1.44
pp_5,51.2,0.0,10.0,61.2,1.62
pp_5,57.0,0.0,0.0,57.0,1.56
pp_5,57.3,0.0,0.0,57.3,1.64
pp_5,51.5,0.0,10.0,61.5,1.67
pp_5,47.1,0.0,10.0,57.1,2.49
pp_5,57.0,0.0,0.0,57.0,3.78
pp_5,51.1,10.0,0.0,61.1,5.08
pp_5,58.1,0.0,0.0,58.1,7.65
pp_5,57.1,0.0,0.0,57.1,8.47
pp_5,51.3,0.0,10.0,61.3,7.2
pp_5,47.3,10.0,0.0,57.3,7.06
pp_5,57.2,0.0,0.0,57.2,6.33
pp_5,51.6,0.0,10.0,61.6,4.39
pp_5,47.2,10.0,0.0,57.2,4.4
pp_5,56.8,0.0,0.0,56.8,3.49
pp_5,62.6,0.0,0.0,62.6,1.75
pp_5,59.1,0.0,0.0,59.1,1.71
pp_5,57.4,0.0,0.0,57.4,2.27
pp_5,61.2,0.0,0.0,61.2,3.18
pp_5,59.0,0.0,0.0,59.0,3.55
pp_5,57.6,0.0,0.0,57.6,3.62
pp_5,71.0,0.0,0.0,71.0,3.62
pp_5,59.0,0.0,0.0,59.0,3.59
pp_5,58.9,0.0,0.0,58.9,3.46
pp_5,51.4,0.0,10.0,61.4,3.23
pp_5,47.1,0.0,10.0,57.1,3.53
pp_5,58.6,0.0,0.0,58.6,3.86
pp_5,61.6,0.0,0.0,61.6,4.02
pp_5,60.0,0.0,0.0,60.0,4.66
pp_5,59.3,0.0,0.0,59.3,5.3
pp_5,51.6,0.0,10.0,61.6,5.52
pp_5,47.5,0.0,10.0,57.5,6.3
pp_5,57.5,0.0,0.0,57.5,6.52
pp_5,63.4,0.0,0.0,63.4,5.49
pp_5,60.5,0.0,0.0,60.5,5.98
pp_5,58.2,0.0,0.0,58.2,5.93
pp_5,51.1,0.0,10.0,61.1,4.81
pp_5,56.9,0.0,0.0,56.9,6.02
pp_5,57.2,0.0,0.0,57.2,6.55
pp_5,51.3,0.0,10.0,61.3,5.1
pp_5,58.6,0.0,0.0,58.6,5.73
pp_5,57.4,0.0,0.0,57.4,4.79
pp_5,51.6,10.0,0.0,61.6,2.43
pp_5,58.1,0.0,0.0,58.1,2.29
pp_5,58.2,0.0,0.0,58.2,1.44
pp_5,51.5,0.0,10.0,61.5,1.66
pp_5,47.3,0.0,10.0,57.3,2.53
pp_5,57.2,0.0,0.0,57.2,3.14
pp_5,51.9,0.0,10.0,61.9,3.0
pp_5,59.2,0.0,0.0,59.2,3.02
pp_5,57.5,0.0,0.0,57.5,2.96
pp_5,51.0,0.0,10.0,61.0,2.68
pp_5,57.8,0.0,0.0,57.8,2.28
pp_5,57.6,0.0,0.0,57.6,2.11
pp_5,51.4,0.0,10.0,61.4,2.01
pp_5,47.8,0.0,10.0,57.8,2.26
pp_5,57.4,0.0,0.0,57.4,2.55
pp_5,51.2,0.0,10.0,61.2,2.97
pp_5,47.2,0.0,10.0,57.2,3.9
pp_5,57.2,0.0,0.0,57.2,3.97
pp_5,51.4,0.0,10.0,61.4,3.53
pp_5,47.8,10.0,0.0,57.8,3.16
pp_5,57.1,0.0,0.0,57.1,2.47
pp_5,51.2,0.0,10.0,61.2,1.49
pp_5,47.2,0.0,10.0,57.2,0.8
pp_5,58.1,0.0,0.0,58.1,1.01
pp_5,61.0,10.0,0.0,71.0,1.4
pp_5,59.4,0.0,0.0,59.4,1.55
pp_5,58.2,0.0,0.0,58.2,1.7
pp_5,62.2,0.0,0.0,62.2,1.82
pp_5,59.7,0.0,0.0,59.7,2.02
pp_5,59.5,0.0,0.0,59.5,1.84
pp_5,61.3,0.0,10.0,71.3,1.56
pp_5,47.3,0.0,10.0,57.3,1.3
pp_5,57.5,0.0,0.0,57.5,1.26
pp_5,51.5,0.0,0.0,51.5,1.16
pp_5,48.0,0.0,10.0,58.0,0.99
pp_5,56.8,0.0,0.0,56.8,0.84
pp_5,51.5,10.0,0.0,61.5,0.76
pp_5,58.5,0.0,0.0,58.5,0.68
pp_5,59.9,0.0,0.0,59.9,0.66
pp_5,61.1,0.0,10.0,71.1,0.5
pp_5,47.1,10.0,0.0,57.1,0.35
pp_5,56.9,0.0,0.0,56.9,0.35
pp_5,51.3,0.0,10.0,61.3,0.29
pp_5,46.9,0.0,10.0,56.9,0.26
pp_5,57.1,0.0,0.0,57.1,0.29
pp_5,51.3,0.0,10.0,61.3,0.39
pp_5,47.2,0.0,10.0,57.2,0.42
pp_5,56.9,0.0,0.0,56.9,0.27
pp_5,57.3,0.0,0.0,57.3,0.26
pp_5,47.2,0.0,10.0,57.2,0.2
pp_5,57.4,0.0,0.0,57.4,0.22
pp_5,58.0,0.0,10.0,68.0,0.17
pp_5,57.4,0.0,0.0,57.4,0.23
pp_5,57.6,0.0,0.0,57.6,0.21
pp_5,58.4,0.0,10.0,68.4,0.16
pp_5,47.1,10.0,0.0,57.1,0.25
pp_5,57.8,0.0,0.0,57.8,0.41
pp_5,57.5,0.0,0.0,57.5,0.33
pp_5,47.5,10.0,0.0,57.5,0.57
pp_5,57.1,0.0,0.0,57.1,0.87
pp_5,58.6,0.0,10.0,68.6,0.93
pp_5,57.3,0.0,0.0,57.3,1.48
pp_5,57.1,0.0,0.0,57.1,1.92
pp_5,57.6,0.0,0.0,57.6,2.24
pp_5,57.4,0.0,0.0,57.4,2.32
pp_5,60.5,0.0,10.0,70.5,2.04
pp_5,51.1,0.0,10.0,61.1,2.08
pp_5,47.1,0.0,10.0,57.1,2.22
pp_5,57.1,0.0,0.0,57.1,2.24
pp_5,57.1,0.0,10.0,67.1,1.92
pp_5,47.4,10.0,0.0,57.4,2.61
pp_5,56.9,0.0,0.0,56.9,2.92
pp_5,57.7,0.0,0.0,57.7,3.48
pp_5,56.9,0.0,0.0,56.9,3.73
pp_5,57.4,0.0,0.0,57.4,4.71
pp_5,57.2,0.0,0.0,57.2,5.64
pp_5,58.0,0.0,0.0,58.0,5.8
pp_5,59.1,0.0,10.0,69.1,6.49
pp_5,51.1,0.0,10.0,61.1,8.15
pp_5,47.1,10.0,0.0,57.1,10.97
pp_5,58.8,0.0,0.0,58.8,12.57
pp_5,57.2,0.0,10.0,67.2,12.46
pp_5,57.3,0.0,0.0,57.3,14.84
pp_5,58.3,0.0,0.0,58.3,13.91
pp_5,57.6,0.0,0.0,57.6,13.73
pp_5,47.3,0.0,10.0,57.3,12.39
pp_5,57.4,0.0,0.0,57.4,11.01
pp_5,57.0,0.0,0.0,57.0,10.05
pp_5,47.0,10.0,0.0,57.0,9.51
pp_5,57.2,0.0,0.0,57.2,8.83
pp_5,57.3,0.0,10.0,67.3,5.39
pp_5,47.1,0.0,0.0,47.1,11.33
pp_5,57.3,0.0,0.0,57.3,7.7
pp_5,57.5,0.0,0.0,57.5,7.13
pp_5,46.9,0.0,10.0,56.9,7.6
pp_5,56.7,0.0,0.0,56.7,7.28
pp_5,57.3,0.0,0.0,57.3,7.5
pp_5,47.1,0.0,10.0,57.1,7.94
pp_5,57.3,0.0,0.0,57.3,8.3
pp_5,57.8,0.0,10.0,67.8,7.05
pp_5,47.3,0.0,10.0,57.3,8.2
pp_5,58.5,0.0,0.0,58.5,8.44
pp_5,59.0,0.0,0.0,59.0,8.25
pp_5,57.0,0.0,0.0,57.0,7.61
pp_5,58.0,0.0,0.0,58.0,6.75
pp_5,57.9,0.0,10.0,67.9,6.13
pp_5,46.9,0.0,10.0,56.9,4.9
pp_5,57.5,0.0,0.0,57.5,4.1
pp_5,58.1,0.0,0.0,58.1,3.27
pp_5,47.0,0.0,10.0,57.0,2.92
pp_5,58.1,0.0,0.0,58.1,2.58
pp_5,57.1,0.0,0.0,57.1,2.2
pp_5,58.1,0.0,0.0,58.1,2.51
pp_5,57.8,0.0,0.0,57.8,2.1
pp_5,57.7,0.0,10.0,67.7,2.01
pp_5,57.0,0.0,0.0,57.0,1.68
pp_5,56.9,0.0,0.0,56.9,1.38
pp_5,57.2,0.0,10.0,67.2,1.81
pp_5,48.5,10.0,0.0,58.5,1.61
pp_5,57.3,0.0,0.0,57.3,1.68
pp_5,57.3,0.0,0.0,57.3,1.86
pp_5,58.5,0.0,0.0,58.5,2.12
pp_5,59.6,0.0,0.0,59.6,2.01
pp_5,59.1,0.0,10.0,69.1,2.11
pp_5,57.3,0.0,0.0,57.3,2.09
pp_5,60.5,0.0,10.0,70.5,2.3
pp_5,51.4,0.0,10.0,61.4,8.22
pp_5,47.2,0.0,10.0,57.2,12.13
pp_5,57.3,0.0,0.0,57.3,10.04
pp_5,57.0,0.0,10.0,67.0,11.57
pp_5,51.1,10.0,0.0,61.1,4.86
pp_5,56.7,0.0,0.0,56.7,3.58
pp_5,57.6,0.0,10.0,67.6,3.66
pp_5,50.9,0.0,10.0,60.9,3.74
pp_5,57.5,0.0,0.0,57.5,3.8
pp_5,57.1,0.0,0.0,57.1,3.84
pp_5,61.3,0.0,0.0,61.3,3.9
pp_reset,57.8,0.0,0.0,57.8,3.93
pp_reset,58.4,0.0,10.0,68.4,3.97
pp_reset,51.0,0.0,10.0,61.0,3.99
pp_reset,57.5,0.0,0.0,57.5,4.02
pp_reset,57.2,0.0,0.0,57.2,4.03
pp_reset,51.0,0.0,10.0,61.0,4.05
pp_reset,56.9,0.0,0.0,56.9,4.07
pp_reset,57.2,0.0,0.0,57.2,4.08
pp_reset,61.5,0.0,0.0,61.5,4.09
pp_reset,58.1,0.0,0.0,58.1,4.1
pp_reset,57.2,0.0,0.0,57.2,4.1
pp_reset,50.7,0.0,10.0,60.7,4.11
pp_reset,56.9,0.0,0.0,56.9,4.12
pp_reset,57.4,0.0,0.0,57.4,4.12
pp_reset,62.1,0.0,0.0,62.1,4.12
pp_reset,56.8,0.0,0.0,56.8,4.13
pp_reset,56.7,0.0,0.0,56.7,4.13
pp_reset,61.8,0.0,0.0,61.8,4.13
pp_reset,57.7,0.0,0.0,57.7,4.13
pp_reset,57.2,0.0,0.0,57.2,4.13
pp_reset,51.0,10.0,0.0,61.0,4.14
pp_reset,59.6,0.0,10.0,69.6,4.14
pp_reset,60.0,0.0,10.0,70.0,4.14
pp_reset,50.8,0.0,10.0,60.8,4.14
pp_reset,57.1,0.0,0.0,57.1,4.14
pp_reset,59.4,10.0,0.0,69.4,4.14
pp_reset,62.2,0.0,0.0,62.2,4.14
pp_reset,57.0,0.0,0.0,57.0,4.14
pp_reset,57.4,0.0,0.0,57.4,4.14
pp_reset,51.0,10.0,0.0,61.0,4.14
pp_reset,57.1,0.0,0.0,57.1,4.14
pp_reset,57.7,0.0,0.0,57.7,4.14
pp_reset,51.8,10.0,0.0,61.8,4.14
pp_reset,58.7,0.0,0.0,58.7,4.14
pp_reset,57.7,0.0,10.0,67.7,4.14
pp_reset,70.9,0.0,10.0,80.9,4.14
pp_reset,73.0,0.0,0.0,73.0,4.14
pp_reset,72.8,0.0,0.0,72.8,4.14
pp_reset,71.3,0.0,0.0,71.3,4.14
pp_reset,55.3,0.0,10.0,65.3,4.14
pp_reset,64.6,0.0,0.0,64.6,4.14
pp_reset,63.8,0.0,0.0,63.8,4.14
pp_reset,57.4,0.0,0.0,57.4,4.14
pp_reset,57.2,0.0,0.0,57.2,4.14
pp_reset,62.8,0.0,0.0,62.8,4.14
pp_reset,57.5,0.0,0.0,57.5,4.14
pp_reset,58.0,0.0,0.0,58.0,4.14
pp_reset,60.9,0.0,0.0,60.9,4.14
pp_reset,56.9,0.0,0.0,56.9,4.14
pp_reset,57.1,0.0,0.0,57.1,4.14
pp_reset,52.4,10.0,0.0,62.4,4.15
pp_reset,58.0,0.0,0.0,58.0,4.15
pp_reset,56.7,0.0,0.0,56.7,4.15
pp_reset,51.4,0.0,10.0,61.4,4.15
pp_reset,56.8,0.0,0.0,56.8,4.15
pp_reset,57.1,0.0,0.0,57.1,4.15
pp_reset,50.9,10.0,0.0,60.9,4.15
pp_reset,57.1,0.0,0.0,57.1,4.15
pp_reset,57.4,0.0,0.0,57.4,4.15
pp_reset,51.0,10.0,0.0,61.0,4.15
pp_reset,57.1,0.0,0.0,57.1,4.15
pp_6,57.6,0.0,0.0,57.6,0.18
pp_6,61.3,0.0,0.0,61.3,0.67
pp_6,58.8,0.0,10.0,68.8,1.79
pp_6,59.2,0.0,10.0,69.2,2.56
pp_6,71.1,0.0,0.0,71.1,3.24
pp_6,57.2,0.0,0.0,57.2,3.82
pp_6,57.2,0.0,0.0,57.2,4.31
pp_6,62.3,0.0,0.0,62.3,4.87
pp_6,58.1,0.0,0.0,58.1,5.22
pp_6,57.5,0.0,0.0,57.5,5.51
pp_6,61.3,0.0,0.0,61.3,5.85
pp_6,57.1,0.0,0.0,57.1,6.05
pp_6,57.3,0.0,0.0,57.3,6.23
pp_6,62.3,0.0,0.0,62.3,6.43
pp_6,57.4,0.0,0.0,57.4,6.56
pp_6,57.8,0.0,0.0,57.8,6.66
pp_6,62.0,0.0,0.0,62.0,6.78
pp_6,57.4,0.0,0.0,57.4,6.86
pp_6,57.3,0.0,0.0,57.3,6.92
pp_6,62.1,0.0,0.0,62.1,6.99
pp_6,57.9,0.0,0.0,57.9,0.0
pp_6,57.3,0.0,0.0,57.3,9.29
pp_6,61.1,0.0,0.0,61.1,15.02
pp_6,57.4,0.0,0.0,57.4,18.42
pp_6,57.6,0.0,0.0,57.6,18.35
pp_6,61.3,0.0,0.0,61.3,16.66
pp_6,57.7,0.0,0.0,57.7,17.09
pp_6,57.4,0.0,0.0,57.4,15.94
pp_6,62.6,0.0,0.0,62.6,13.56
pp_6,57.5,0.0,0.0,57.5,14.96
pp_6,57.5,0.0,0.0,57.5,14.59
pp_6,62.6,0.0,0.0,62.6,10.95
pp_6,59.5,0.0,0.0,59.5,11.67
pp_6,57.2,0.0,0.0,57.2,10.25
pp_6,61.1,0.0,0.0,61.1,9.37
pp_6,56.9,0.0,0.0,56.9,10.62
pp_6,57.5,0.0,10.0,67.5,10.02
pp_6,61.3,0.0,0.0,61.3,9.99
pp_6,57.8,0.0,0.0,57.8,10.65
pp_6,58.1,0.0,10.0,68.1,10.78
pp_6,61.5,0.0,0.0,61.5,12.34
pp_6,57.3,0.0,0.0,57.3,14.33
pp_6,58.1,0.0,0.0,58.1,14.84
pp_6,61.0,0.0,0.0,61.0,12.81
pp_6,57.4,0.0,0.0,57.4,14.07
pp_6,57.2,0.0,0.0,57.2,14.31
pp_6,61.6,0.0,0.0,61.6,12.07
pp_6,58.2,0.0,0.0,58.2,12.38
pp_6,57.6,0.0,10.0,67.6,9.3
pp_6,61.3,0.0,0.0,61.3,8.31
pp_6,57.0,0.0,0.0,57.0,7.1
pp_6,57.9,0.0,0.0,57.9,5.41
pp_6,62.4,0.0,0.0,62.4,3.22
pp_6,57.1,0.0,0.0,57.1,2.76
pp_6,57.2,0.0,0.0,57.2,3.26
pp_6,61.3,0.0,0.0,61.3,10.11
pp_6,57.7,0.0,0.0,57.7,15.25
pp_6,58.5,0.0,10.0,68.5,14.12
pp_6,51.3,10.0,0.0,61.3,13.12
pp_6,57.8,0.0,0.0,57.8,11.43
pp_6,57.2,0.0,0.0,57.2,8.26
pp_6,61.0,0.0,0.0,61.0,4.67
pp_6,58.1,0.0,0.0,58.1,2.82
pp_6,57.0,0.0,0.0,57.0,1.38
pp_6,61.2,0.0,0.0,61.2,3.17
pp_6,57.1,0.0,0.0,57.1,4.64
pp_6,59.2,0.0,10.0,69.2,6.41
pp_6,61.1,0.0,0.0,61.1,6.85
pp_6,59.1,0.0,0.0,59.1,7.89
pp_6,57.1,0.0,10.0,67.1,9.17
pp_6,51.2,10.0,0.0,61.2,11.39
pp_6,57.6,0.0,0.0,57.6,14.18
pp_6,58.7,0.0,10.0,68.7,12.98
pp_6,61.9,0.0,0.0,61.9,11.77
pp_6,57.2,0.0,0.0,57.2,11.87
pp_6,57.4,0.0,0.0,57.4,11.15
pp_6,61.4,0.0,0.0,61.4,7.53
pp_6,57.1,0.0,0.0,57.1,6.29
pp_6,57.6,0.0,0.0,57.6,4.45
pp_6,60.9,0.0,0.0,60.9,4.1
pp_6,57.5,0.0,0.0,57.5,6.16
pp_6,57.3,0.0,10.0,67.3,10.82
pp_6,61.3,0.0,0.0,61.3,13.57
pp_6,57.9,0.0,0.0,57.9,11.96
pp_6,58.0,0.0,0.0,58.0,10.41
pp_6,51.5,10.0,0.0,61.5,6.97
pp_6,57.6,0.0,0.0,57.6,6.36
pp_6,58.0,0.0,10.0,68.0,6.26
pp_6,51.1,10.0,0.0,61.1,6.21
pp_6,57.2,0.0,0.0,57.2,6.16
pp_6,57.8,0.0,10.0,67.8,6.11
pp_6,61.5,0.0,0.0,61.5,6.08
pp_6,57.6,0.0,0.0,57.6,6.06
pp_6,58.0,0.0,0.0,58.0,6.03
pp_6,61.5,0.0,0.0,61.5,6.01
pp_6,58.4,0.0,0.0,58.4,5.99
pp_6,69.8,0.0,0.0,69.8,5.98
pp_6,61.5,0.0,0.0,61.5,5.96
pp_6,57.4,0.0,0.0,57.4,5.95
pp_6,57.1,0.0,0.0,57.1,5.95
pp_6,61.5,0.0,0.0,61.5,5.94
pp_6,58.6,0.0,0.0,58.6,5.93
pp_6,59.9,0.0,10.0,69.9,5.93
pp_6,61.2,0.0,0.0,61.2,5.92
pp_6,57.4,0.0,0.0,57.4,5.92
pp_6,57.1,0.0,10.0,67.1,5.92
pp_6,62.8,0.0,0.0,62.8,5.91
pp_6,57.7,0.0,0.0,57.7,0.0
pp_6,57.6,0.0,0.0,57.6,9.04
pp_6,61.7,0.0,0.0,61.7,13.15
pp_6,58.4,0.0,0.0,58.4,7.43
pp_6,58.0,0.0,10.0,68.0,2.84
pp_6,62.1,0.0,0.0,62.1,2.88
pp_6,58.0,0.0,0.0,58.0,4.1
pp_6,57.4,0.0,0.0,57.4,5.01
pp_6,61.8,0.0,0.0,61.8,4.41
pp_6,57.3,0.0,0.0,57.3,5.09
pp_6,58.6,0.0,10.0,68.6,5.08
pp_6,61.3,0.0,0.0,61.3,6.33
pp_6,57.2,0.0,0.0,57.2,7.81
pp_6,58.1,0.0,10.0,68.1,6.84
pp_6,61.9,0.0,0.0,61.9,7.27
pp_6,57.1,0.0,0.0,57.1,7.78
pp_6,57.5,0.0,0.0,57.5,7.28
pp_6,61.6,0.0,0.0,61.6,4.19
pp_6,57.6,0.0,0.0,57.6,3.46
pp_6,57.4,0.0,0.0,57.4,2.34
pp_6,61.4,0.0,0.0,61.4,0.71
pp_6,57.7,0.0,0.0,57.7,1.43
pp_6,58.9,10.0,0.0,68.9,2.16
pp_6,62.5,0.0,0.0,62.5,3.18
pp_6,57.1,0.0,0.0,57.1,5.1
pp_6,57.2,0.0,0.0,57.2,6.47
pp_6,51.0,10.0,0.0,61.0,5.3
pp_6,57.2,0.0,0.0,57.2,5.34
pp_6,57.9,0.0,10.0,67.9,3.04
pp_6,61.3,0.0,0.0,61.3,1.98
pp_6,57.6,0.0,0.0,57.6,1.01
pp_6,58.1,0.0,10.0,68.1,1.29
pp_6,61.0,0.0,0.0,61.0,2.22
pp_6,59.0,0.0,0.0,59.0,2.67
pp_6,58.8,10.0,0.0,68.8,3.48
pp_6,61.3,0.0,0.0,61.3,3.59
pp_6,57.8,0.0,0.0,57.8,3.47
pp_6,57.7,0.0,10.0,67.7,3.39
pp_6,61.4,0.0,0.0,61.4,3.35
pp_6,57.7,0.0,0.0,57.7,3.35
pp_6,57.5,0.0,0.0,57.5,3.55
pp_6,62.0,0.0,0.0,62.0,3.74
pp_6,57.0,0.0,0.0,57.0,4.02
pp_6,57.4,0.0,0.0,57.4,4.07
pp_6,61.2,0.0,0.0,61.2,3.49
pp_6,57.3,0.0,0.0,57.3,3.5
pp_6,57.0,0.0,0.0,57.0,3.59
pp_6,61.4,0.0,0.0,61.4,3.03
pp_6,57.7,0.0,0.0,57.7,2.87
pp_6,58.3,0.0,10.0,68.3,2.03
pp_6,51.1,10.0,0.0,61.1,1.58
pp_6,57.3,0.0,10.0,67.3,8.12
pp_6,59.0,0.0,10.0,69.0,11.75
pp_6,51.3,10.0,0.0,61.3,13.31
pp_6,57.6,0.0,0.0,57.6,14.29
pp_6,58.7,0.0,10.0,68.7,10.61
pp_6,61.5,0.0,0.0,61.5,9.63
pp_6,58.4,0.0,0.0,58.4,9.88
pp_6,59.2,0.0,10.0,69.2,6.49
pp_6,61.0,0.0,0.0,61.0,5.66
pp_6,58.1,0.0,0.0,58.1,5.47
pp_6,57.7,0.0,10.0,67.7,3.56
pp_6,51.1,10.0,0.0,61.1,5.37
pp_6,57.9,0.0,0.0,57.9,7.68
pp_6,58.1,0.0,10.0,68.1,7.17
pp_6,62.2,0.0,0.0,62.2,7.94
pp_6,58.0,0.0,0.0,58.0,8.58
pp_6,58.6,0.0,10.0,68.6,5.99
pp_6,61.0,10.0,0.0,71.0,5.37
pp_6,57.6,0.0,0.0,57.6,4.64
pp_6,57.1,0.0,0.0,57.1,3.38
pp_6,62.1,0.0,0.0,62.1,2.09
pp_6,57.1,0.0,0.0,57.1,1.72
pp_6,56.9,0.0,10.0,66.9,3.02
pp_6,61.1,0.0,0.0,61.1,3.15
pp_6,58.3,0.0,0.0,58.3,3.36
pp_6,57.8,0.0,0.0,57.8,3.44
pp_6,61.3,0.0,0.0,61.3,3.81
pp_6,58.8,0.0,0.0,58.8,3.32
pp_6,51.9,10.0,0.0,61.9,3.03
pp_6,51.2,10.0,0.0,61.2,2.9
pp_6,58.0,0.0,0.0,58.0,2.97
pp_6,57.3,0.0,0.0,57.3,3.16
pp_6,61.1,0.0,0.0,61.1,3.09
pp_6,58.8,0.0,10.0,68.8,2.83
pp_6,58.4,0.0,10.0,68.4,2.77
pp_6,51.1,10.0,0.0,61.1,2.43
pp_6,58.0,0.0,0.0,58.0,2.34
pp_6,58.0,0.0,0.0,58.0,2.31
pp_6,61.1,0.0,0.0,61.1,2.32
pp_6,57.2,0.0,0.0,57.2,3.0
pp_6,57.2,0.0,0.0,57.2,3.27
pp_6,61.2,0.0,0.0,61.2,3.14
pp_6,57.1,0.0,0.0,57.1,4.3
pp_6,57.0,0.0,10.0,67.0,5.0
pp_6,61.2,0.0,0.0,61.2,6.48
pp_6,57.7,0.0,0.0,57.7,8.25
pp_6,57.7,0.0,0.0,57.7,9.02
pp_6,51.2,10.0,0.0,61.2,8.05
pp_6,57.6,0.0,0.0,57.6,8.97
pp_6,57.0,0.0,0.0,57.0,7.54
pp_6,61.4,0.0,0.0,61.4,5.16
pp_6,57.2,0.0,0.0,57.2,5.43
pp_6,57.1,0.0,0.0,57.1,4.82
pp_6,61.1,0.0,10.0,71.1,3.68
pp_6,58.1,0.0,0.0,58.1,3.35
pp_6,57.9,0.0,0.0,57.9,2.94
pp_6,61.2,0.0,0.0,61.2,2.76
pp_6,57.1,0.0,0.0,57.1,2.96
pp_6,57.3,0.0,10.0,67.3,3.39
pp_6,61.5,0.0,0.0,61.5,3.47
pp_6,57.8,0.0,0.0,57.8,3.63
pp_6,57.1,0.0,0.0,57.1,3.58
pp_6,62.4,0.0,0.0,62.4,3.31
pp_6,57.0,0.0,0.0,57.0,3.2
pp_6,57.3,0.0,0.0,57.3,2.95
pp_6,71.5,0.0,0.0,71.5,2.71
pp_6,58.0,0.0,0.0,58.0,2.84
pp_6,58.9,0.0,10.0,68.9,2.85
pp_6,61.2,0.0,0.0,61.2,3.45
pp_6,57.0,0.0,0.0,57.0,4.34
pp_6,58.4,0.0,10.0,68.4,4.26
pp_6,61.3,0.0,0.0,61.3,4.75
pp_6,58.0,0.0,0.0,58.0,5.54
pp_6,57.3,0.0,0.0,57.3,5.56
pp_6,61.2,0.0,0.0,61.2,4.46
pp_6,57.5,0.0,0.0,57.5,4.81
pp_6,57.5,0.0,10.0,67.5,4.07
pp_6,61.1,0.0,0.0,61.1,4.13
pp_6,57.5,0.0,0.0,57.5,5.04
pp_6,56.9,0.0,10.0,66.9,4.82
pp_6,62.6,0.0,0.0,62.6,4.5
pp_6,57.3,0.0,0.0,57.3,3.93
pp_6,58.1,0.0,0.0,58.1,3.71
pp_6,61.4,0.0,0.0,61.4,2.87
pp_6,57.7,0.0,0.0,57.7,2.8
pp_6,57.1,0.0,0.0,57.1,2.96
pp_6,62.5,0.0,0.0,62.5,2.01
pp_6,58.2,0.0,0.0,58.2,2.35
pp_6,59.9,0.0,10.0,69.9,1.85
pp_6,51.0,10.0,0.0,61.0,1.69
pp_6,57.1,0.0,0.0,57.1,1.43
pp_6,57.6,0.0,10.0,67.6,1.66
pp_6,61.4,0.0,0.0,61.4,1.76
pp_6,57.2,0.0,0.0,57.2,1.6
pp_6,57.0,0.0,0.0,57.0,1.68
pp_6,61.4,0.0,0.0,61.4,1.58
pp_6,57.1,0.0,0.0,57.1,1.34
pp_6,56.9,0.0,0.0,56.9,1.32
pp_6,61.5,0.0,0.0,61.5,1.12
pp_6,58.1,0.0,0.0,58.1,0.94
pp_6,59.5,0.0,0.0,59.5,0.88
pp_6,61.1,0.0,0.0,61.1,0.66
pp_6,58.7,0.0,0.0,58.7,0.54
pp_6,58.2,0.0,10.0,68.2,0.64
pp_6,61.9,0.0,0.0,61.9,0.59
pp_6,56.8,0.0,0.0,56.8,0.33
pp_6,57.2,0.0,10.0,67.2,0.49
pp_6,61.3,0.0,0.0,61.3,0.49
pp_6,57.9,0.0,0.0,57.9,0.8
pp_6,56.8,0.0,10.0,66.8,0.67
pp_6,61.4,0.0,0.0,61.4,1.05
pp_6,58.5,0.0,0.0,58.5,2.21
pp_6,70.0,0.0,0.0,70.0,3.35
pp_6,60.9,0.0,0.0,60.9,5.36
pp_6,57.2,0.0,0.0,57.2,7.91
pp_6,57.7,0.0,0.0,57.7,10.19
pp_6,61.2,0.0,0.0,61.2,10.01
pp_6,59.5,0.0,0.0,59.5,11.82
pp_6,58.0,0.0,10.0,68.0,10.38
pp_6,61.4,0.0,0.0,61.4,10.55
pp_6,57.0,0.0,0.0,57.0,12.0
pp_6,57.3,0.0,0.0,57.3,13.32
pp_6,61.1,0.0,0.0,61.1,11.96
pp_6,56.9,0.0,0.0,56.9,13.53
pp_6,57.1,0.0,0.0,57.1,11.33
pp_6,61.8,0.0,0.0,61.8,9.43
pp_6,57.9,0.0,0.0,57.9,8.9
pp_6,57.1,0.0,0.0,57.1,9.46
pp_6,61.1,0.0,0.0,61.1,10.34
pp_6,67.3,0.0,0.0,67.3,12.0
pp_6,57.3,0.0,10.0,67.3,14.16
pp_6,61.6,0.0,0.0,61.6,16.73
pp_6,57.7,0.0,0.0,57.7,18.34
pp_6,57.1,0.0,0.0,57.1,17.77
pp_6,62.3,0.0,0.0,62.3,15.19
pp_6,57.8,0.0,0.0,57.8,15.75
pp_6,56.8,0.0,0.0,56.8,14.64
pp_6,62.4,0.0,0.0,62.4,11.47
pp_6,60.2,0.0,0.0,60.2,8.44
pp_6,51.8,0.0,10.0,61.8,9.16
pp_6,61.3,0.0,0.0,61.3,8.09
pp_6,57.2,0.0,0.0,57.2,7.61
pp_6,57.4,0.0,0.0,57.4,5.82
pp_6,62.2,0.0,0.0,62.2,2.53
pp_6,56.9,0.0,0.0,56.9,2.5
pp_6,56.9,0.0,0.0,56.9,2.3
pp_6,61.5,0.0,0.0,61.5,0.74
pp_6,57.2,0.0,0.0,57.2,0.84
pp_6,57.9,0.0,0.0,57.9,1.02
pp_6,51.1,0.0,10.0,61.1,2.75
pp_6,57.1,0.0,0.0,57.1,2.71
pp_6,57.3,0.0,0.0,57.3,2.81
pp_6,62.0,0.0,0.0,62.0,3.9
pp_6,57.4,0.0,0.0,57.4,3.23
pp_6,56.9,0.0,0.0,56.9,3.05
pp_6,61.4,0.0,0.0,61.4,3.85
pp_6,57.9,0.0,0.0,57.9,3.68
pp_6,56.8,0.0,0.0,56.8,3.57
pp_6,61.7,0.0,0.0,61.7,4.0
pp_6,57.9,0.0,0.0,57.9,3.21
pp_6,57.8,0.0,0.0,57.8,2.34
pp_6,61.8,0.0,0.0,61.8,2.03
pp_6,57.5,0.0,0.0,57.5,1.35
pp_6,58.2,0.0,0.0,58.2,1.17
pp_6,61.3,0.0,0.0,61.3,1.22
pp_6,57.4,0.0,0.0,57.4,2.29
pp_6,57.0,0.0,0.0,57.0,3.39
pp_6,61.1,0.0,0.0,61.1,4.33
pp_6,57.5,0.0,0.0,57.5,7.09
pp_6,57.1,0.0,10.0,67.1,8.36
pp_6,61.2,0.0,0.0,61.2,10.12
pp_6,57.4,0.0,0.0,57.4,12.35
pp_6,57.1,0.0,0.0,57.1,13.76
pp_6,71.1,0.0,0.0,71.1,12.3
pp_6,56.9,0.0,0.0,56.9,16.67
pp_6,57.8,0.0,0.0,57.8,16.07
pp_6,61.6,0.0,0.0,61.6,12.71
pp_6,57.0,0.0,0.0,57.0,13.54
pp_6,56.9,0.0,0.0,56.9,11.93
pp_6,61.2,0.0,0.0,61.2,7.56
pp_6,57.7,0.0,0.0,57.7,8.0
pp_6,56.8,0.0,0.0,56.8,5.8
pp_6,64.1,0.0,0.0,64.1,2.24
pp_6,59.3,0.0,0.0,59.3,3.07
pp_6,57.8,10.0,0.0,67.8,3.94
pp_6,61.3,0.0,0.0,61.3,4.96
pp_6,58.1,0.0,0.0,58.1,5.73
pp_6,58.4,0.0,10.0,68.4,7.02
pp_6,61.3,0.0,0.0,61.3,7.76
pp_6,57.6,0.0,10.0,67.6,8.43
pp_6,58.3,0.0,0.0,58.3,9.03
pp_6,51.2,10.0,0.0,61.2,8.14
pp_6,57.4,0.0,0.0,57.4,7.8
pp_6,57.4,0.0,0.0,57.4,6.96
pp_6,61.2,0.0,0.0,61.2,5.68
pp_6,57.5,0.0,0.0,57.5,5.21
pp_6,57.1,0.0,10.0,67.1,4.56
pp_6,51.1,10.0,0.0,61.1,4.38
pp_6,57.7,0.0,0.0,57.7,4.15
pp_6,58.0,0.0,0.0,58.0,3.82
pp_6,61.7,0.0,0.0,61.7,3.02
pp_6,57.8,0.0,0.0,57.8,2.67
pp_6,57.7,0.0,0.0,57.7,2.34
pp_6,61.3,0.0,0.0,61.3,1.87
pp_6,57.4,0.0,0.0,57.4,2.15
pp_6,58.5,0.0,10.0,68.5,1.92
pp_6,61.0,0.0,0.0,61.0,1.99
pp_6,57.1,0.0,0.0,57.1,2.3
pp_6,57.1,0.0,0.0,57.1,1.94
pp_6,51.3,10.0,0.0,61.3,1.23
pp_6,57.1,0.0,0.0,57.1,1.21
pp_6,58.8,0.0,0.0,58.8,1.28
pp_6,51.1,10.0,0.0,61.1,0.87
pp_6,57.0,0.0,0.0,57.0,0.96
pp_6,57.3,0.0,0.0,57.3,0.86
pp_6,51.1,10.0,0.0,61.1,0.37
pp_6,57.7,0.0,0.0,57.7,0.92
pp_6,57.5,0.0,0.0,57.5,1.59
pp_6,61.1,0.0,0.0,61.1,1.36
pp_6,57.4,0.0,0.0,57.4,1.85
pp_6,57.5,0.0,0.0,57.5,2.05
pp_6,61.9,0.0,0.0,61.9,1.48
pp_6,59.4,0.0,10.0,69.4,2.25
pp_6,59.5,0.0,0.0,59.5,2.62
pp_6,61.6,0.0,0.0,61.6,1.17
pp_6,58.6,0.0,0.0,58.6,1.78
pp_6,57.2,0.0,0.0,57.2,1.71
pp_6,71.5,0.0,0.0,71.5,1.32
pp_6,57.0,0.0,0.0,57.0,1.39
pp_6,57.2,0.0,0.0,57.2,1.22
pp_6,61.8,0.0,0.0,61.8,1.23
pp_6,59.8,0.0,10.0,69.8,1.3
pp_6,61.6,0.0,0.0,61.6,1.33
pp_6,61.4,0.0,0.0,61.4,1.43
pp_6,56.9,0.0,0.0,56.9,1.51
pp_6,57.0,0.0,0.0,57.0,1.64
pp_6,61.7,0.0,0.0,61.7,1.64
pp_6,60.0,0.0,0.0,60.0,1.53
pp_6,58.5,0.0,0.0,58.5,1.5
pp_6,62.1,0.0,0.0,62.1,1.52
pp_6,57.4,0.0,0.0,57.4,1.94
pp_6,57.0,0.0,0.0,57.0,2.22
pp_6,62.2,0.0,0.0,62.2,2.3
pp_6,58.0,0.0,0.0,58.0,2.76
pp_6,56.8,0.0,0.0,56.8,2.77
pp_6,61.4,0.0,0.0,61.4,2.11
pp_6,57.4,0.0,0.0,57.4,1.86
pp_6,57.7,0.0,0.0,57.7,1.38
pp_6,61.2,0.0,0.0,61.2,0.62
pp_6,56.8,0.0,0.0,56.8,0.52
pp_6,57.1,0.0,0.0,57.1,0.56
pp_6,72.0,0.0,0.0,72.0,0.97
pp_6,74.6,10.0,0.0,84.6,1.02
pp_6,113.4,0.0,0.0,113.4,0.95
pp_6,127.2,0.0,0.0,127.2,0.92
pp_6,96.3,0.0,0.0,96.3,0.75
pp_6,109.3,0.0,0.0,109.3,0.21
pp_6,101.4,0.0,10.0,111.4,0.84
pp_6,60.9,0.0,10.0,70.9,4.18
pp_6,55.5,0.0,10.0,65.5,4.56
pp_6,64.4,0.0,0.0,64.4,4.45
pp_6,51.8,10.0,0.0,61.8,4.55
pp_6,57.5,0.0,0.0,57.5,4.55
pp_6,58.9,0.0,10.0,68.9,3.88
pp_6,61.9,0.0,0.0,61.9,5.68
pp_6,57.3,0.0,0.0,57.3,10.07
pp_6,58.2,0.0,0.0,58.2,12.71
pp_6,61.2,0.0,0.0,61.2,12.64
pp_6,57.2,0.0,0.0,57.2,14.99
pp_6,57.9,0.0,10.0,67.9,11.3
pp_6,61.3,0.0,0.0,61.3,9.63
pp_6,56.9,0.0,0.0,56.9,8.0
pp_6,57.0,0.0,0.0,57.0,5.11
pp_6,62.1,0.0,0.0,62.1,2.25
pp_6,57.2,0.0,0.0,57.2,2.86
pp_6,58.5,0.0,10.0,68.5,4.33
pp_6,61.5,0.0,0.0,61.5,4.7
pp_6,57.4,0.0,0.0,57.4,4.73
pp_6,57.6,0.0,10.0,67.6,4.91
pp_6,61.7,0.0,0.0,61.7,4.46
pp_6,58.2,0.0,0.0,58.2,3.77
pp_6,57.9,0.0,10.0,67.9,3.46
pp_6,61.4,0.0,0.0,61.4,3.28
pp_6,57.1,0.0,0.0,57.1,2.99
pp_6,57.7,0.0,0.0,57.7,3.68
pp_6,51.2,0.0,10.0,61.2,5.29
pp_6,58.0,0.0,0.0,58.0,6.84
pp_6,57.8,0.0,0.0,57.8,9.16
pp_6,62.1,0.0,0.0,62.1,11.86
pp_6,57.0,0.0,0.0,57.0,16.66
pp_6,57.8,0.0,10.0,67.8,16.3
pp_6,61.7,0.0,0.0,61.7,18.79
pp_6,57.6,0.0,0.0,57.6,19.2
pp_6,56.8,0.0,0.0,56.8,18.05
pp_6,61.5,0.0,0.0,61.5,14.95
pp_6,57.8,0.0,0.0,57.8,14.62
pp_6,57.1,0.0,0.0,57.1,13.81
pp_6,61.5,0.0,0.0,61.5,11.48
pp_6,57.0,0.0,0.0,57.0,11.56
pp_6,57.0,0.0,0.0,57.0,10.32
pp_6,61.4,0.0,0.0,61.4,7.2
pp_6,57.9,0.0,0.0,57.9,7.9
pp_6,57.6,0.0,10.0,67.6,7.32
pp_6,61.4,0.0,0.0,61.4,6.31
pp_6,57.2,0.0,0.0,57.2,6.76
pp_6,59.2,0.0,0.0,59.2,7.07
pp_6,61.3,0.0,0.0,61.3,7.3
pp_6,57.0,0.0,0.0,57.0,7.83
pp_6,60.1,0.0,10.0,70.1,7.75
pp_6,61.4,0.0,0.0,61.4,7.51
pp_6,57.0,0.0,0.0,57.0,7.1
pp_6,58.2,0.0,10.0,68.2,6.81
pp_6,62.8,0.0,0.0,62.8,6.6
pp_6,57.3,0.0,0.0,57.3,6.52
pp_6,56.9,0.0,0.0,56.9,6.53
pp_6,61.9,0.0,0.0,61.9,6.14
pp_6,59.0,0.0,0.0,59.0,6.41
pp_6,59.5,0.0,10.0,69.5,6.31
pp_6,61.3,0.0,0.0,61.3,6.21
pp_6,57.5,0.0,0.0,57.5,6.27
pp_6,57.8,0.0,10.0,67.8,5.31
pp_6,62.6,0.0,0.0,62.6,4.67
pp_6,57.8,0.0,0.0,57.8,4.49
pp_6,57.4,0.0,10.0,67.4,3.66
pp_6,62.3,0.0,0.0,62.3,3.62
pp_6,58.4,0.0,0.0,58.4,3.8
pp_6,57.6,0.0,10.0,67.6,3.34
pp_6,62.3,0.0,0.0,62.3,3.29
pp_6,57.1,0.0,0.0,57.1,3.31
pp_6,57.7,0.0,10.0,67.7,2.63
pp_6,61.4,0.0,0.0,61.4,2.66
pp_6,59.1,0.0,0.0,59.1,3.17
pp_6,58.4,0.0,10.0,68.4,3.26
pp_6,61.5,0.0,0.0,61.5,3.82
pp_6,56.9,0.0,0.0,56.9,4.97
pp_6,56.9,0.0,0.0,56.9,5.93
pp_6,51.2,10.0,0.0,61.2,9.54
pp_6,57.3,0.0,0.0,57.3,13.43
pp_6,56.9,0.0,0.0,56.9,14.57
pp_6,61.1,0.0,0.0,61.1,12.97
pp_6,57.8,0.0,0.0,57.8,14.48
pp_6,58.0,0.0,0.0,58.0,14.17
pp_6,61.8,0.0,0.0,61.8,11.44
pp_6,56.9,0.0,0.0,56.9,11.63
pp_6,58.0,0.0,10.0,68.0,6.21
pp_6,51.4,0.0,10.0,61.4,9.45
pp_6,57.8,0.0,0.0,57.8,7.47
pp_6,57.1,0.0,0.0,57.1,8.32
pp_6,51.5,10.0,0.0,61.5,8.97
pp_6,57.0,0.0,0.0,57.0,10.47
pp_6,56.9,0.0,0.0,56.9,11.57
pp_6,61.1,10.0,0.0,71.1,11.92
pp_6,57.0,0.0,0.0,57.0,19.48
pp_6,58.1,0.0,0.0,58.1,20.48
pp_6,61.5,0.0,0.0,61.5,11.6
pp_6,57.4,0.0,0.0,57.4,9.86
pp_6,57.0,0.0,0.0,57.0,9.81
pp_6,61.4,0.0,0.0,61.4,9.79
pp_6,57.7,0.0,0.0,57.7,9.78
pp_6,57.3,0.0,0.0,57.3,9.78
pp_6,62.3,0.0,0.0,62.3,9.78
pp_6,57.9,0.0,0.0,57.9,9.78
pp_6,56.9,0.0,0.0,56.9,9.78
pp_6,61.4,0.0,0.0,61.4,9.78
pp_6,57.0,0.0,0.0,57.0,9.79
pp_6,57.1,0.0,0.0,57.1,9.79
pp_6,71.0,0.0,0.0,71.0,9.79
pp_6,77.4,0.0,0.0,77.4,9.79
pp_6,67.5,0.0,0.0,67.5,9.8
pp_6,66.3,0.0,0.0,66.3,9.8
pp_6,60.3,0.0,0.0,60.3,9.8
pp_6,57.2,0.0,0.0,57.2,9.8
pp_6,61.4,0.0,0.0,61.4,9.8
pp_6,57.5,0.0,0.0,57.5,9.8
pp_6,59.0,0.0,0.0,59.0,9.8
pp_6,51.5,10.0,0.0,61.5,9.8
pp_6,57.0,0.0,0.0,57.0,9.8
pp_6,57.8,0.0,10.0,67.8,9.8
pp_6,62.2,0.0,0.0,62.2,9.8
pp_6,58.8,0.0,0.0,58.8,0.0
pp_6,57.1,0.0,0.0,57.1,9.55
pp_6,61.4,0.0,0.0,61.4,14.87
pp_6,58.5,0.0,0.0,58.5,18.11
pp_6,57.0,0.0,10.0,67.0,16.02
pp_6,51.5,10.0,0.0,61.5,17.54
pp_6,58.9,0.0,0.0,58.9,17.11
pp_6,58.6,0.0,0.0,58.6,17.14
pp_6,61.5,0.0,0.0,61.5,14.89
pp_6,57.6,0.0,0.0,57.6,15.53
pp_6,57.0,0.0,0.0,57.0,14.64
pp_6,61.3,0.0,0.0,61.3,12.03
pp_6,57.8,0.0,0.0,57.8,12.62
pp_6,57.8,0.0,0.0,57.8,12.12
pp_6,51.4,10.0,0.0,61.4,11.55
pp_6,57.1,0.0,0.0,57.1,13.69
pp_6,57.4,0.0,0.0,57.4,15.98
pp_6,61.8,0.0,0.0,61.8,13.65
pp_6,57.4,0.0,0.0,57.4,14.17
pp_6,59.0,0.0,10.0,69.0,12.48
pp_6,51.7,10.0,0.0,61.7,11.52
pp_6,58.1,0.0,0.0,58.1,10.25
pp_6,58.9,0.0,0.0,58.9,9.36
pp_6,62.7,0.0,0.0,62.7,7.13
pp_6,57.6,0.0,0.0,57.6,6.75
pp_6,57.2,0.0,10.0,67.2,6.19
pp_6,61.8,0.0,0.0,61.8,7.53
pp_6,68.2,0.0,0.0,68.2,9.68
pp_6,56.9,0.0,0.0,56.9,11.55
pp_6,61.3,0.0,0.0,61.3,12.53
pp_6,57.4,0.0,0.0,57.4,14.35
pp_6,56.9,0.0,10.0,66.9,15.21
pp_6,71.1,0.0,0.0,71.1,16.35
pp_6,57.6,0.0,0.0,57.6,17.39
pp_6,58.0,0.0,0.0,58.0,18.22
pp_6,62.1,0.0,0.0,62.1,18.65
pp_6,57.9,0.0,0.0,57.9,19.42
pp_6,57.1,0.0,0.0,57.1,19.87
pp_6,61.4,0.0,0.0,61.4,19.52
pp_6,60.1,0.0,0.0,60.1,19.79
pp_6,57.2,0.0,0.0,57.2,19.77
pp_6,61.4,0.0,0.0,61.4,19.59
pp_6,58.0,0.0,0.0,58.0,19.53
pp_6,57.3,0.0,10.0,67.3,19.1
pp_6,61.3,0.0,0.0,61.3,18.42
pp_6,58.2,0.0,0.0,58.2,17.6
pp_6,57.2,0.0,0.0,57.2,15.7
pp_6,71.2,0.0,0.0,71.2,12.78
pp_6,57.3,0.0,0.0,57.3,8.89
pp_6,57.7,0.0,10.0,67.7,5.91
pp_6,61.4,0.0,0.0,61.4,3.57
pp_6,58.7,0.0,0.0,58.7,2.22
pp_6,59.4,0.0,0.0,59.4,3.76
pp_6,61.6,0.0,0.0,61.6,5.69
pp_6,60.2,0.0,0.0,60.2,7.83
pp_6,57.3,0.0,0.0,57.3,8.21
pp_6,64.2,0.0,0.0,64.2,6.91
pp_6,60.0,0.0,0.0,60.0,8.31
pp_6,52.4,0.0,10.0,62.4,8.0
pp_6,61.6,0.0,0.0,61.6,8.0
pp_6,57.7,0.0,0.0,57.7,8.17
pp_6,57.3,0.0,10.0,67.3,6.39
pp_6,62.3,0.0,0.0,62.3,5.82
pp_6,56.9,0.0,0.0,56.9,4.02
pp_6,57.3,0.0,0.0,57.3,3.71
pp_6,71.0,0.0,0.0,71.0,3.1
pp_6,57.7,0.0,0.0,57.7,2.8
pp_6,57.2,0.0,0.0,57.2,2.53
pp_6,51.4,10.0,0.0,61.4,2.16
pp_6,57.2,0.0,0.0,57.2,2.04
pp_6,57.3,0.0,0.0,57.3,1.86
pp_6,71.4,0.0,0.0,71.4,1.35
pp_6,58.4,0.0,0.0,58.4,2.63
pp_6,58.6,0.0,10.0,68.6,4.6
pp_6,62.1,0.0,0.0,62.1,7.05
pp_6,57.0,0.0,0.0,57.0,8.75
pp_6,57.8,0.0,10.0,67.8,7.46
pp_6,61.7,0.0,0.0,61.7,7.11
pp_6,58.4,0.0,0.0,58.4,7.32
pp_6,57.6,0.0,0.0,57.6,6.87
pp_6,51.6,10.0,0.0,61.6,5.07
pp_6,57.3,0.0,0.0,57.3,5.16
pp_6,57.1,0.0,0.0,57.1,5.04
pp_6,61.4,0.0,0.0,61.4,4.35
pp_6,58.1,0.0,0.0,58.1,6.27
pp_6,58.3,0.0,10.0,68.3,4.83
pp_6,62.2,0.0,0.0,62.2,2.81
pp_6,58.0,0.0,0.0,58.0,3.2
pp_6,57.8,0.0,0.0,57.8,3.8
pp_6,61.4,0.0,0.0,61.4,4.3
pp_6,57.1,0.0,0.0,57.1,4.83
pp_6,57.5,0.0,0.0,57.5,5.07
pp_6,51.4,10.0,0.0,61.4,4.83
pp_6,57.2,0.0,0.0,57.2,4.7
pp_6,57.2,0.0,0.0,57.2,5.11
pp_6,61.3,0.0,0.0,61.3,5.12
pp_6,57.4,0.0,0.0,57.4,5.72
pp_6,57.2,0.0,10.0,67.2,6.06
pp_6,61.7,0.0,0.0,61.7,7.05
pp_6,57.2,0.0,0.0,57.2,7.98
pp_6,58.2,0.0,0.0,58.2,8.75
pp_6,51.4,0.0,10.0,61.4,9.0
pp_6,56.9,0.0,0.0,56.9,9.95
pp_6,57.6,0.0,0.0,57.6,10.89
pp_6,61.6,0.0,0.0,61.6,12.51
pp_6,58.0,0.0,0.0,58.0,14.76
pp_6,57.3,0.0,0.0,57.3,16.84
pp_6,61.7,0.0,0.0,61.7,17.43
pp_6,57.1,0.0,0.0,57.1,19.27
pp_6,57.1,0.0,0.0,57.1,20.76
pp_6,61.8,0.0,0.0,61.8,20.29
pp_6,57.7,0.0,0.0,57.7,23.28
pp_6,57.1,0.0,0.0,57.1,23.34
pp_6,61.1,0.0,0.0,61.1,20.37
pp_6,57.2,0.0,0.0,57.2,20.0
pp_6,57.7,0.0,0.0,57.7,17.97
pp_6,51.4,10.0,0.0,61.4,15.22
pp_6,57.1,0.0,0.0,57.1,14.94
pp_6,57.3,0.0,0.0,57.3,13.52
pp_6,62.0,0.0,0.0,62.0,11.0
pp_6,58.5,0.0,0.0,58.5,11.65
pp_6,57.8,0.0,0.0,57.8,10.8
pp_6,61.8,0.0,0.0,61.8,8.8
pp_6,57.3,0.0,0.0,57.3,9.38
pp_6,57.3,0.0,10.0,67.3,5.81
pp_6,61.6,0.0,0.0,61.6,7.57
pp_6,61.2,0.0,0.0,61.2,8.0
pp_6,60.8,0.0,10.0,70.8,6.13
pp_6,71.0,0.0,0.0,71.0,3.33
pp_6,57.6,0.0,0.0,57.6,5.75
pp_6,57.1,0.0,0.0,57.1,8.32
pp_6,51.9,10.0,0.0,61.9,9.68
pp_6,57.1,0.0,0.0,57.1,9.64
pp_6,57.1,0.0,0.0,57.1,8.6
pp_6,51.2,0.0,10.0,61.2,7.86
pp_6,58.6,0.0,0.0,58.6,6.8
pp_6,58.5,0.0,0.0,58.5,6.78
pp_6,61.1,10.0,0.0,71.1,6.9
pp_6,58.7,0.0,0.0,58.7,7.72
pp_6,58.5,0.0,0.0,58.5,8.9
pp_6,61.5,0.0,0.0,61.5,9.86
pp_6,61.3,0.0,0.0,61.3,12.13
pp_6,59.2,0.0,10.0,69.2,14.18
pp_6,61.6,0.0,0.0,61.6,16.46
pp_6,57.6,0.0,0.0,57.6,18.47
pp_6,57.1,10.0,0.0,67.1,14.71
pp_6,71.5,0.0,0.0,71.5,13.07
pp_6,57.2,0.0,0.0,57.2,11.56
pp_6,57.7,0.0,0.0,57.7,8.8
pp_6,61.6,0.0,0.0,61.6,4.26
pp_6,57.0,0.0,0.0,57.0,3.29
pp_6,57.3,0.0,0.0,57.3,3.87
pp_6,61.3,0.0,0.0,61.3,4.69
pp_6,57.1,0.0,0.0,57.1,7.84
pp_6,61.0,0.0,10.0,71.0,9.11
pp_6,62.0,0.0,0.0,62.0,10.71
pp_6,56.9,0.0,0.0,56.9,11.72
pp_6,57.1,0.0,0.0,57.1,10.79
pp_6,61.6,0.0,0.0,61.6,7.42
pp_6,58.1,0.0,0.0,58.1,6.25
pp_6,57.1,0.0,0.0,57.1,4.68
pp_6,51.7,10.0,0.0,61.7,3.45
pp_6,56.8,0.0,0.0,56.8,3.91
pp_6,57.7,0.0,0.0,57.7,4.51
pp_6,62.1,0.0,0.0,62.1,5.14
pp_6,57.2,0.0,0.0,57.2,5.44
pp_6,57.3,0.0,0.0,57.3,5.6
pp_6,62.7,0.0,0.0,62.7,5.71
pp_6,56.9,0.0,0.0,56.9,5.67
pp_6,57.1,0.0,0.0,57.1,5.74
pp_6,61.9,0.0,0.0,61.9,5.65
pp_6,57.6,0.0,0.0,57.6,6.03
pp_6,57.2,0.0,0.0,57.2,6.94
pp_6,62.3,0.0,0.0,62.3,7.73
pp_6,58.1,0.0,0.0,58.1,9.24
pp_6,58.2,0.0,10.0,68.2,10.18
pp_6,61.9,0.0,0.0,61.9,11.65
pp_6,57.7,0.0,0.0,57.7,13.3
pp_6,57.3,0.0,0.0,57.3,14.59
pp_6,57.2,0.0,10.0,67.2,15.37
pp_6,57.9,0.0,0.0,57.9,17.9
pp_6,57.4,0.0,0.0,57.4,20.34
pp_6,57.0,0.0,10.0,67.0,21.5
pp_6,58.4,0.0,0.0,58.4,25.37
pp_6,58.1,0.0,10.0,68.1,24.67
pp_6,57.4,0.0,10.0,67.4,24.86
pp_6,57.5,0.0,0.0,57.5,27.85
pp_6,57.4,0.0,0.0,57.4,27.13
pp_6,56.9,0.0,10.0,66.9,23.15
pp_6,57.8,0.0,0.0,57.8,25.41
pp_6,57.4,0.0,0.0,57.4,23.31
pp_6,56.8,10.0,0.0,66.8,17.66
pp_6,58.9,0.0,0.0,58.9,17.59
pp_6,62.5,0.0,0.0,62.5,15.29
pp_6,62.3,0.0,0.0,62.3,14.17
pp_6,56.8,0.0,0.0,56.8,15.44
pp_6,57.8,0.0,0.0,57.8,15.24
pp_6,56.9,0.0,10.0,66.9,12.34
pp_6,57.5,0.0,0.0,57.5,14.21
pp_6,57.1,0.0,0.0,57.1,18.86
pp_6,57.0,0.0,0.0,57.0,23.5
pp_6,57.0,0.0,0.0,57.0,25.81
pp_6,59.1,0.0,10.0,69.1,21.98
pp_6,61.1,10.0,0.0,71.1,20.77
pp_6,56.9,0.0,0.0,56.9,23.91
pp_6,57.3,0.0,0.0,57.3,21.42
pp_6,57.1,0.0,10.0,67.1,16.01
pp_6,58.5,0.0,0.0,58.5,17.21
pp_6,58.5,0.0,0.0,58.5,16.08
pp_6,56.9,0.0,10.0,66.9,12.46
pp_6,57.6,0.0,0.0,57.6,14.48
pp_6,57.2,0.0,0.0,57.2,13.51
pp_6,56.9,0.0,10.0,66.9,9.63
pp_6,56.8,0.0,0.0,56.8,12.18
pp_6,58.5,0.0,0.0,58.5,11.23
pp_6,56.9,0.0,10.0,66.9,4.79
pp_6,56.9,0.0,0.0,56.9,5.47
pp_6,57.1,0.0,0.0,57.1,7.99
pp_6,57.5,0.0,10.0,67.5,9.31
pp_6,58.1,0.0,0.0,58.1,11.52
pp_6,57.9,0.0,10.0,67.9,11.19
pp_6,57.0,0.0,10.0,67.0,11.94
pp_6,58.3,0.0,0.0,58.3,13.3
pp_6,58.2,0.0,10.0,68.2,6.89
pp_6,61.7,0.0,0.0,61.7,5.03
pp_6,56.9,0.0,0.0,56.9,7.67
pp_6,58.4,0.0,0.0,58.4,12.37
pp_6,56.7,0.0,10.0,66.7,10.42
pp_6,57.2,0.0,0.0,57.2,10.14
pp_6,57.7,0.0,0.0,57.7,9.99
pp_6,67.1,0.0,0.0,67.1,9.83
pp_6,56.8,0.0,0.0,56.8,9.73
pp_6,56.9,10.0,0.0,66.9,9.62
pp_6,61.2,10.0,0.0,71.2,9.55
pp_6,57.1,0.0,0.0,57.1,9.49
pp_6,56.9,0.0,10.0,66.9,9.42
pp_6,68.8,0.0,0.0,68.8,9.38
pp_6,57.4,0.0,0.0,57.4,9.34
pp_6,58.6,0.0,0.0,58.6,9.31
pp_6,57.7,0.0,10.0,67.7,9.28
pp_6,57.3,0.0,0.0,57.3,9.26
pp_6,57.8,0.0,0.0,57.8,9.24
pp_6,57.1,0.0,10.0,67.1,9.22
pp_6,60.2,0.0,10.0,70.2,9.2
pp_6,54.2,10.0,0.0,64.2,9.19
pp_6,71.2,0.0,0.0,71.2,9.18
pp_6,57.3,0.0,0.0,57.3,9.17
pp_6,57.2,0.0,10.0,67.2,9.16
pp_6,57.4,0.0,10.0,67.4,9.16
pp_6,57.1,0.0,0.0,57.1,9.15
pp_6,57.6,0.0,0.0,57.6,9.15
pp_6,57.0,0.0,10.0,67.0,0.0
pp_6,57.7,0.0,0.0,57.7,11.85
pp_6,58.4,0.0,0.0,58.4,16.13
pp_6,57.0,0.0,10.0,67.0,16.17
pp_6,57.0,0.0,0.0,57.0,19.44
pp_6,58.7,0.0,10.0,68.7,15.08
pp_6,57.2,0.0,10.0,67.2,15.03
pp_6,57.4,0.0,0.0,57.4,17.05
pp_6,57.3,0.0,0.0,57.3,15.7
pp_6,57.0,0.0,10.0,67.0,12.5
pp_6,60.9,0.0,0.0,60.9,11.36
pp_6,57.9,0.0,10.0,67.9,15.7
pp_6,67.7,0.0,0.0,67.7,19.62
pp_6,62.7,0.0,0.0,62.7,23.04
pp_6,58.0,0.0,10.0,68.0,21.35
pp_6,58.5,0.0,10.0,68.5,19.78
pp_6,61.7,0.0,0.0,61.7,20.17
pp_6,57.9,0.0,0.0,57.9,19.53
pp_6,56.9,0.0,10.0,66.9,14.63
pp_6,61.4,0.0,0.0,61.4,15.09
pp_6,58.0,10.0,0.0,68.0,11.8
pp_6,62.1,0.0,0.0,62.1,12.92
pp_6,64.2,0.0,0.0,64.2,10.7
pp_6,59.7,0.0,10.0,69.7,7.8
pp_6,70.2,0.0,0.0,70.2,7.31
pp_6,65.2,0.0,10.0,75.2,7.36
pp_6,53.6,10.0,0.0,63.6,8.59
pp_6,61.8,0.0,0.0,61.8,9.61
pp_6,61.5,0.0,0.0,61.5,10.06
pp_6,57.4,0.0,0.0,57.4,10.4
pp_6,67.6,0.0,0.0,67.6,9.89
pp_6,61.1,0.0,0.0,61.1,9.37
pp_6,57.1,0.0,10.0,67.1,8.18
pp_6,56.8,0.0,10.0,66.8,7.25
pp_6,62.3,0.0,10.0,72.3,6.5
pp_6,60.3,0.0,10.0,70.3,5.51
pp_6,68.7,0.0,0.0,68.7,4.78
pp_6,61.1,0.0,0.0,61.1,4.11
pp_6,58.1,0.0,10.0,68.1,3.62
pp_6,57.7,10.0,0.0,67.7,3.76
pp_6,60.9,0.0,0.0,60.9,3.84
pp_6,57.9,0.0,0.0,57.9,4.6
pp_6,57.0,0.0,10.0,67.0,5.12
pp_6,61.3,0.0,0.0,61.3,6.32
pp_6,57.6,0.0,10.0,67.6,7.21
pp_6,61.7,0.0,0.0,61.7,8.12
pp_6,61.1,0.0,0.0,61.1,8.68
pp_6,57.3,0.0,10.0,67.3,7.23
pp_6,69.3,0.0,0.0,69.3,6.9
pp_6,62.7,0.0,0.0,62.7,6.04
pp_6,57.4,0.0,0.0,57.4,4.81
pp_6,58.6,10.0,0.0,68.6,2.31
pp_6,61.2,0.0,0.0,61.2,2.03
pp_6,57.6,0.0,10.0,67.6,1.13
pp_6,58.9,0.0,10.0,68.9,1.17
pp_6,62.2,0.0,0.0,62.2,1.13
pp_6,57.1,0.0,0.0,57.1,1.2
pp_6,57.1,0.0,10.0,67.1,1.61
pp_6,62.8,0.0,0.0,62.8,2.08
pp_6,58.0,0.0,0.0,58.0,2.24
pp_6,56.8,0.0,10.0,66.8,2.52
pp_6,62.1,0.0,0.0,62.1,2.16
pp_6,57.8,0.0,0.0,57.8,1.91
pp_6,56.9,0.0,10.0,66.9,1.7
pp_6,62.1,0.0,0.0,62.1,1.43
pp_6,59.7,10.0,0.0,69.7,1.12
pp_6,62.0,0.0,0.0,62.0,0.63
pp_6,61.0,0.0,0.0,61.0,0.46
pp_6,57.2,0.0,0.0,57.2,0.94
pp_6,56.8,0.0,0.0,56.8,1.25
pp_6,61.6,0.0,0.0,61.6,1.46
pp_6,57.2,0.0,0.0,57.2,1.57
pp_6,56.9,0.0,10.0,66.9,0.93
pp_6,61.7,0.0,0.0,61.7,0.84
pp_6,59.3,0.0,10.0,69.3,0.85
pp_6,68.7,0.0,0.0,68.7,0.73
pp_6,61.0,0.0,0.0,61.0,0.71
pp_6,57.1,0.0,10.0,67.1,0.74
pp_6,57.0,0.0,10.0,67.0,1.07
pp_6,61.0,0.0,0.0,61.0,0.83
pp_6,57.8,0.0,0.0,57.8,0.66
pp_6,57.0,0.0,10.0,67.0,0.63
pp_6,62.3,0.0,0.0,62.3,0.52
pp_6,59.2,0.0,10.0,69.2,0.22
pp_6,70.3,0.0,0.0,70.3,0.25
pp_6,61.5,0.0,0.0,61.5,0.45
pp_6,58.1,0.0,10.0,68.1,0.78
pp_6,58.2,0.0,10.0,68.2,0.92
pp_6,61.9,0.0,0.0,61.9,1.05
pp_6,57.6,0.0,0.0,57.6,0.99
pp_6,68.7,0.0,0.0,68.7,0.61
pp_6,62.5,0.0,0.0,62.5,0.45
pp_6,57.4,0.0,10.0,67.4,0.95
pp_6,60.7,10.0,0.0,70.7,0.84
pp_6,61.0,0.0,0.0,61.0,0.49
pp_6,57.5,0.0,0.0,57.5,0.76
pp_6,67.0,0.0,0.0,67.0,0.79
pp_6,62.8,0.0,0.0,62.8,0.61
pp_6,59.5,0.0,10.0,69.5,0.68
pp_6,57.1,0.0,10.0,67.1,0.53
pp_6,61.7,0.0,0.0,61.7,0.56
pp_6,57.4,0.0,10.0,67.4,0.5
pp_6,56.9,0.0,10.0,66.9,0.58
pp_6,62.8,0.0,10.0,72.8,0.45
pp_6,60.3,0.0,10.0,70.3,0.41
pp_6,69.8,0.0,0.0,69.8,0.41
pp_6,60.9,0.0,0.0,60.9,0.34
pp_6,57.2,0.0,0.0,57.2,0.38
pp_6,56.8,0.0,10.0,66.8,0.42
pp_6,62.0,0.0,0.0,62.0,0.43
pp_6,57.0,0.0,0.0,57.0,0.37
pp_6,56.8,0.0,10.0,66.8,0.43
pp_6,61.1,0.0,0.0,61.1,0.38
pp_6,57.5,0.0,0.0,57.5,0.35
pp_6,56.7,0.0,10.0,66.7,0.43
pp_6,62.6,0.0,0.0,62.6,0.48
pp_6,57.4,0.0,0.0,57.4,0.6
pp_6,68.1,0.0,0.0,68.1,0.9
pp_6,61.2,0.0,0.0,61.2,8.32
pp_6,58.5,0.0,10.0,68.5,13.07
pp_6,70.4,0.0,0.0,70.4,15.33
pp_6,61.9,0.0,0.0,61.9,19.44
pp_6,57.1,0.0,0.0,57.1,20.47
pp_6,57.0,0.0,10.0,67.0,15.24
pp_6,64.7,0.0,0.0,64.7,14.69
pp_6,60.0,0.0,10.0,70.0,12.51
pp_6,69.1,0.0,0.0,69.1,11.67
pp_6,61.6,0.0,0.0,61.6,13.0
pp_6,57.0,0.0,0.0,57.0,13.19
pp_6,56.8,0.0,10.0,66.8,8.43
pp_6,61.2,0.0,0.0,61.2,9.37
pp_6,57.1,0.0,0.0,57.1,10.44
pp_6,56.8,0.0,10.0,66.8,9.31
pp_6,61.0,0.0,0.0,61.0,13.48
pp_6,57.1,0.0,10.0,67.1,14.51
pp_6,57.1,0.0,10.0,67.1,15.61
pp_6,60.8,0.0,0.0,60.8,17.57
pp_6,57.0,0.0,0.0,57.0,18.24
pp_6,56.9,0.0,0.0,56.9,17.09
pp_6,61.4,0.0,0.0,61.4,14.87
pp_6,57.1,0.0,0.0,57.1,15.2
pp_6,57.1,0.0,10.0,67.1,11.42
pp_6,62.5,0.0,0.0,62.5,12.33
pp_6,60.4,0.0,10.0,70.4,11.35
pp_6,68.8,0.0,0.0,68.8,12.8
pp_6,64.0,0.0,0.0,64.0,15.45
pp_6,60.0,0.0,10.0,70.0,14.91
pp_6,67.7,0.0,0.0,67.7,15.52
pp_6,61.2,0.0,0.0,61.2,17.42
pp_6,57.2,0.0,0.0,57.2,17.5
pp_6,57.2,0.0,10.0,67.2,13.29
pp_6,61.4,0.0,0.0,61.4,15.42
pp_6,58.4,0.0,10.0,68.4,14.8
pp_6,57.0,0.0,0.0,57.0,17.6
pp_6,61.1,0.0,0.0,61.1,14.86
pp_6,57.2,0.0,0.0,57.2,15.27
pp_6,57.9,0.0,10.0,67.9,16.13
pp_6,61.0,0.0,0.0,61.0,23.41
pp_6,58.1,0.0,0.0,58.1,27.44
pp_6,57.1,0.0,0.0,57.1,28.21
pp_6,61.1,0.0,0.0,61.1,25.54
pp_6,58.2,0.0,10.0,68.2,21.72
pp_6,68.8,0.0,0.0,68.8,19.71
pp_6,61.1,0.0,0.0,61.1,20.42
pp_6,57.0,0.0,0.0,57.0,18.88
pp_6,57.7,0.0,10.0,67.7,12.75
pp_6,61.4,0.0,0.0,61.4,13.37
pp_6,57.2,0.0,0.0,57.2,13.63
pp_6,68.4,0.0,0.0,68.4,8.72
pp_6,60.9,0.0,0.0,60.9,10.73
pp_6,57.1,0.0,0.0,57.1,10.47
pp_6,57.1,0.0,0.0,57.1,9.27
pp_6,61.6,0.0,0.0,61.6,7.28
pp_6,58.8,0.0,0.0,58.8,8.16
pp_6,68.6,0.0,0.0,68.6,2.67
pp_6,61.5,0.0,0.0,61.5,8.72
pp_6,57.9,0.0,0.0,57.9,11.8
pp_6,56.9,0.0,10.0,66.9,12.24
pp_reset,61.9,0.0,0.0,61.9,11.44
pp_reset,57.5,0.0,0.0,57.5,10.58
pp_reset,57.0,0.0,10.0,67.0,9.35
pp_reset,61.1,0.0,0.0,61.1,8.7
pp_reset,58.8,0.0,10.0,68.8,7.44
pp_reset,58.1,10.0,0.0,68.1,6.48
pp_reset,61.0,0.0,0.0,61.0,5.27
pp_reset,57.8,0.0,0.0,57.8,4.23
pp_reset,56.7,0.0,0.0,56.7,3.81
pp_reset,61.1,0.0,0.0,61.1,3.87
pp_reset,57.4,0.0,10.0,67.4,5.17
pp_reset,58.3,10.0,0.0,68.3,7.87
pp_reset,61.6,0.0,0.0,61.6,12.77
pp_reset,58.6,0.0,10.0,68.6,15.61
pp_reset,70.0,0.0,0.0,70.0,16.53
pp_reset,61.6,0.0,10.0,71.6,19.93
pp_reset,60.1,10.0,0.0,70.1,7.55
pp_reset,61.6,10.0,0.0,71.6,6.88
pp_reset,60.9,0.0,0.0,60.9,7.01
pp_reset,57.2,0.0,0.0,57.2,7.12
pp_reset,56.8,0.0,10.0,66.8,7.24
pp_reset,62.4,0.0,0.0,62.4,7.32
pp_reset,57.1,0.0,0.0,57.1,7.39
pp_reset,57.0,0.0,0.0,57.0,7.44
pp_reset,61.0,0.0,0.0,61.0,7.51
pp_reset,57.1,0.0,0.0,57.1,7.55
pp_reset,57.9,0.0,10.0,67.9,7.59
pp_reset,61.2,0.0,0.0,61.2,7.62
pp_reset,57.3,0.0,0.0,57.3,7.65
pp_reset,57.8,0.0,10.0,67.8,7.67
pp_reset,61.7,0.0,0.0,61.7,7.69
pp_reset,57.7,0.0,10.0,67.7,7.71
pp_reset,56.8,0.0,0.0,56.8,7.72
pp_reset,61.9,0.0,0.0,61.9,7.73
pp_reset,57.2,0.0,0.0,57.2,7.74
pp_reset,56.8,0.0,10.0,66.8,7.75
pp_reset,61.1,0.0,0.0,61.1,7.76
pp_reset,57.0,0.0,0.0,57.0,7.76
pp_reset,57.7,0.0,10.0,67.7,7.77
pp_reset,61.1,0.0,0.0,61.1,7.77
pp_reset,57.2,0.0,0.0,57.2,7.77
pp_reset,56.8,0.0,10.0,66.8,7.78
pp_reset,62.0,0.0,0.0,62.0,7.78
pp_reset,57.3,0.0,0.0,57.3,7.78
pp_reset,56.9,10.0,0.0,66.9,7.78
pp_reset,60.9,0.0,0.0,60.9,7.78
pp_reset,57.8,0.0,10.0,67.8,7.79
pp_reset,56.9,0.0,0.0,56.9,7.79
pp_reset,60.9,0.0,0.0,60.9,7.79
pp_reset,57.9,0.0,0.0,57.9,7.79
pp_reset,56.9,0.0,10.0,66.9,7.79
pp_reset,60.9,0.0,0.0,60.9,7.79
pp_reset,58.2,0.0,10.0,68.2,7.79
pp_reset,57.9,0.0,10.0,67.9,7.79
pp_reset,61.5,0.0,0.0,61.5,7.79
pp_reset,57.0,0.0,0.0,57.0,7.79
pp_reset,56.8,0.0,0.0,56.8,7.79
pp_reset,62.5,0.0,0.0,62.5,7.79
pp_reset,57.3,0.0,0.0,57.3,7.79
pp_reset,57.8,0.0,10.0,67.8,7.79
pp_reset,61.2,0.0,0.0,61.2,7.79
pp_7,57.6,0.0,0.0,57.6,0.1
pp_7,57.9,0.0,10.0,67.9,1.37
pp_7,61.2,0.0,10.0,71.2,2.55
pp_7,59.5,0.0,0.0,59.5,3.06
pp_7,56.6,0.0,0.0,56.6,3.74
pp_7,61.5,0.0,0.0,61.5,4.49
pp_7,57.2,0.0,0.0,57.2,4.96
pp_7,58.6,0.0,10.0,68.6,5.49
pp_7,61.3,0.0,0.0,61.3,5.82
pp_7,57.2,0.0,0.0,57.2,6.11
pp_7,56.7,0.0,10.0,66.7,6.43
pp_7,61.6,0.0,0.0,61.6,6.62
pp_7,57.1,0.0,0.0,57.1,6.8
pp_7,57.0,0.0,10.0,67.0,6.99
pp_7,61.1,0.0,0.0,61.1,7.11
pp_7,57.8,0.0,0.0,57.8,7.21
pp_7,56.6,0.0,0.0,56.6,7.3
pp_7,61.1,0.0,0.0,61.1,7.4
pp_7,60.0,0.0,10.0,70.0,7.48
pp_7,58.2,0.0,10.0,68.2,7.53
pp_7,60.8,0.0,0.0,60.8,7.57
pp_7,57.0,0.0,0.0,57.0,0.0
pp_7,58.1,0.0,10.0,68.1,8.64
pp_7,61.1,0.0,0.0,61.1,15.64
pp_7,56.8,0.0,0.0,56.8,19.07
pp_7,56.6,0.0,0.0,56.6,19.08
pp_7,70.5,0.0,0.0,70.5,14.57
pp_7,58.6,0.0,0.0,58.6,18.52
pp_7,57.2,0.0,10.0,67.2,14.92
pp_7,61.7,0.0,0.0,61.7,15.82
pp_7,56.9,0.0,0.0,56.9,16.91
pp_7,56.9,0.0,10.0,66.9,15.18
pp_7,61.1,0.0,0.0,61.1,15.67
pp_7,56.9,0.0,10.0,66.9,14.24
pp_7,64.3,0.0,0.0,64.3,15.02
pp_7,64.4,0.0,0.0,64.4,15.21
pp_7,72.2,0.0,0.0,72.2,11.99
pp_7,62.0,0.0,0.0,62.0,7.62
pp_7,61.0,0.0,0.0,61.0,6.58
pp_7,58.9,0.0,0.0,58.9,7.0
pp_7,57.1,0.0,10.0,67.1,7.74
pp_7,61.0,0.0,0.0,61.0,7.77
pp_7,58.0,0.0,10.0,68.0,7.48
pp_7,57.2,0.0,10.0,67.2,7.11
pp_7,61.2,0.0,0.0,61.2,6.76
pp_7,57.1,0.0,0.0,57.1,6.69
pp_7,56.8,0.0,10.0,66.8,6.04
pp_7,60.9,0.0,0.0,60.9,5.78
pp_7,57.6,0.0,0.0,57.6,6.08
pp_7,56.8,0.0,10.0,66.8,6.24
pp_7,62.1,0.0,0.0,62.1,11.92
pp_7,57.1,0.0,0.0,57.1,16.21
pp_7,56.8,0.0,10.0,66.8,15.07
pp_7,61.2,0.0,0.0,61.2,14.53
pp_7,57.5,0.0,0.0,57.5,14.0
pp_7,57.0,0.0,0.0,57.0,11.99
pp_7,61.1,0.0,0.0,61.1,8.08
pp_7,57.0,0.0,0.0,57.0,7.43
pp_7,57.8,0.0,10.0,67.8,5.2
pp_7,61.2,0.0,0.0,61.2,6.0
pp_7,58.1,0.0,10.0,68.1,6.33
pp_7,57.0,0.0,0.0,57.0,9.67
pp_7,61.2,0.0,0.0,61.2,8.62
pp_7,57.3,0.0,0.0,57.3,10.36
pp_7,56.8,0.0,0.0,56.8,10.61
pp_7,61.3,0.0,0.0,61.3,6.83
pp_7,57.5,0.0,0.0,57.5,6.7
pp_7,56.8,0.0,10.0,66.8,3.88
pp_7,61.0,0.0,0.0,61.0,3.81
pp_7,57.1,0.0,0.0,57.1,4.71
pp_7,57.3,0.0,10.0,67.3,5.92
pp_7,61.2,0.0,0.0,61.2,6.07
pp_7,58.6,0.0,10.0,68.6,6.04
pp_7,61.9,0.0,10.0,71.9,5.72
pp_7,65.7,0.0,0.0,65.7,5.39
pp_7,58.7,0.0,10.0,68.7,5.04
pp_7,56.9,0.0,10.0,66.9,4.37
pp_7,61.4,0.0,0.0,61.4,3.95
pp_7,56.9,0.0,0.0,56.9,3.41
pp_7,56.9,0.0,0.0,56.9,2.87
pp_7,60.9,0.0,0.0,60.9,2.23
pp_7,59.8,0.0,10.0,69.8,1.25
pp_7,69.4,0.0,0.0,69.4,2.69
pp_7,62.0,0.0,0.0,62.0,6.21
pp_7,57.1,0.0,0.0,57.1,10.96
pp_7,56.8,0.0,0.0,56.8,13.97
pp_7,60.9,0.0,0.0,60.9,13.78
pp_7,57.0,0.0,0.0,57.0,15.18
pp_7,57.1,0.0,0.0,57.1,12.97
pp_7,61.3,0.0,0.0,61.3,6.07
pp_7,59.1,0.0,0.0,59.1,2.38
pp_7,57.8,0.0,10.0,67.8,3.33
pp_7,62.1,0.0,0.0,62.1,5.76
pp_7,57.0,0.0,0.0,57.0,6.98
pp_7,56.9,0.0,10.0,66.9,7.85
pp_7,61.8,0.0,0.0,61.8,7.48
pp_7,57.3,0.0,0.0,57.3,7.67
pp_7,68.9,0.0,0.0,68.9,6.99
pp_7,62.2,0.0,0.0,62.2,6.57
pp_7,59.6,10.0,0.0,69.6,5.96
pp_7,71.5,0.0,0.0,71.5,5.39
pp_7,61.1,0.0,0.0,61.1,4.79
pp_7,56.9,0.0,0.0,56.9,4.17
pp_7,58.8,0.0,10.0,68.8,3.35
pp_7,61.0,0.0,0.0,61.0,2.98
pp_7,57.9,0.0,10.0,67.9,2.7
pp_7,71.1,0.0,0.0,71.1,2.62
pp_7,61.2,0.0,0.0,61.2,2.89
pp_7,57.5,0.0,10.0,67.5,3.4
pp_7,69.1,0.0,0.0,69.1,4.42
pp_7,61.8,0.0,0.0,61.8,6.01
pp_7,58.7,0.0,10.0,68.7,7.11
pp_7,71.7,0.0,0.0,71.7,8.49
pp_7,63.6,0.0,0.0,63.6,9.02
pp_7,58.3,0.0,0.0,58.3,9.1
pp_7,56.8,0.0,0.0,56.8,7.24
pp_7,61.0,0.0,0.0,61.0,3.68
pp_7,57.5,0.0,0.0,57.5,1.76
pp_7,57.8,0.0,10.0,67.8,1.85
pp_7,61.5,0.0,0.0,61.5,3.54
pp_7,58.8,0.0,10.0,68.8,4.54
pp_7,67.8,0.0,0.0,67.8,4.64
pp_7,60.9,0.0,0.0,60.9,4.54
pp_7,57.2,0.0,0.0,57.2,4.38
pp_7,56.9,0.0,10.0,66.9,3.95
pp_7,61.4,0.0,0.0,61.4,3.69
pp_7,58.3,0.0,10.0,68.3,3.47
pp_7,57.2,0.0,10.0,67.2,3.95
pp_7,61.6,0.0,0.0,61.6,4.94
pp_7,57.2,0.0,0.0,57.2,6.62
pp_7,57.0,0.0,10.0,67.0,6.82
pp_7,61.0,0.0,0.0,61.0,7.5
pp_7,57.5,0.0,10.0,67.5,6.79
pp_7,58.6,0.0,10.0,68.6,6.82
pp_7,61.4,0.0,0.0,61.4,5.62
pp_7,56.9,0.0,0.0,56.9,8.42
pp_7,56.7,0.0,10.0,66.7,11.17
pp_7,61.0,0.0,0.0,61.0,12.47
pp_7,57.1,0.0,0.0,57.1,16.23
pp_7,68.1,0.0,0.0,68.1,14.24
pp_7,61.4,0.0,0.0,61.4,16.99
pp_7,57.1,0.0,0.0,57.1,17.73
pp_7,57.0,0.0,10.0,67.0,13.42
pp_7,61.3,0.0,0.0,61.3,14.28
pp_7,57.3,0.0,0.0,57.3,13.78
pp_7,57.1,0.0,10.0,67.1,6.44
pp_7,62.4,0.0,0.0,62.4,5.15
pp_7,57.0,0.0,0.0,57.0,6.32
pp_7,57.1,10.0,0.0,67.1,5.74
pp_7,61.0,0.0,0.0,61.0,7.03
pp_7,57.7,0.0,0.0,57.7,7.8
pp_7,56.9,0.0,0.0,56.9,8.65
pp_7,60.9,0.0,0.0,60.9,8.67
pp_7,57.1,0.0,0.0,57.1,7.9
pp_7,58.1,0.0,10.0,68.1,7.84
pp_7,61.2,0.0,0.0,61.2,5.56
pp_7,57.0,0.0,0.0,57.0,2.8
pp_7,58.6,10.0,0.0,68.6,1.64
pp_7,61.1,0.0,0.0,61.1,2.62
pp_7,58.7,0.0,10.0,68.7,2.06
pp_7,57.9,0.0,10.0,67.9,2.74
pp_7,60.9,0.0,0.0,60.9,2.65
pp_7,58.7,0.0,10.0,68.7,4.12
pp_7,57.9,0.0,10.0,67.9,5.92
pp_7,62.4,0.0,0.0,62.4,5.35
pp_7,56.9,0.0,10.0,66.9,4.54
pp_7,57.2,0.0,0.0,57.2,4.68
pp_7,60.8,0.0,0.0,60.8,6.47
pp_7,57.1,0.0,0.0,57.1,14.45
pp_7,56.9,0.0,10.0,66.9,16.36
pp_7,61.2,0.0,0.0,61.2,19.34
pp_7,57.1,0.0,0.0,57.1,20.65
pp_7,56.7,0.0,10.0,66.7,16.4
pp_7,61.9,0.0,0.0,61.9,16.81
pp_7,58.9,0.0,10.0,68.9,13.64
pp_7,69.5,0.0,0.0,69.5,12.61
pp_7,60.8,0.0,0.0,60.8,14.73
pp_7,57.9,0.0,10.0,67.9,11.85
pp_7,56.6,0.0,10.0,66.6,11.71
pp_7,72.3,0.0,10.0,82.3,9.79
pp_7,60.8,0.0,10.0,70.8,6.73
pp_7,58.5,0.0,10.0,68.5,6.54
pp_7,62.0,0.0,0.0,62.0,8.39
pp_7,58.9,0.0,0.0,58.9,9.58
pp_7,56.9,0.0,10.0,66.9,9.19
pp_7,61.1,0.0,0.0,61.1,9.33
pp_7,57.0,0.0,0.0,57.0,8.86
pp_7,56.9,0.0,10.0,66.9,7.34
pp_7,62.0,0.0,0.0,62.0,11.51
pp_7,59.1,0.0,0.0,59.1,11.79
pp_7,56.7,0.0,10.0,66.7,6.65
pp_7,61.0,0.0,0.0,61.0,4.3
pp_7,56.9,0.0,0.0,56.9,3.84
pp_7,68.5,0.0,0.0,68.5,3.84
pp_7,61.2,0.0,10.0,71.2,3.84
pp_7,66.4,0.0,0.0,66.4,3.84
pp_7,81.4,0.0,10.0,91.4,3.84
pp_7,104.1,0.0,0.0,104.1,3.84
pp_7,106.8,0.0,0.0,106.8,3.83
pp_7,103.0,0.0,0.0,103.0,3.83
pp_7,67.9,10.0,0.0,77.9,3.83
pp_7,91.9,0.0,0.0,91.9,3.83
pp_7,84.8,0.0,10.0,94.8,3.83
pp_7,81.9,0.0,0.0,81.9,3.83
pp_7,71.7,10.0,0.0,81.7,3.83
pp_7,68.9,10.0,0.0,78.9,3.83
pp_7,62.4,0.0,0.0,62.4,3.83
pp_7,60.0,10.0,0.0,70.0,3.83
pp_7,70.0,0.0,0.0,70.0,3.83
pp_7,66.0,0.0,0.0,66.0,3.83
pp_7,64.2,0.0,0.0,64.2,3.83
pp_7,61.1,0.0,0.0,61.1,3.83
pp_7,57.7,0.0,0.0,57.7,3.83
pp_7,56.7,10.0,0.0,66.7,3.83
pp_7,62.1,0.0,0.0,62.1,3.83
pp_7,51.7,0.0,10.0,61.7,3.83
pp_7,69.0,0.0,0.0,69.0,3.83
pp_7,61.2,0.0,0.0,61.2,3.83
pp_7,57.8,0.0,0.0,57.8,3.83
pp_7,56.9,0.0,0.0,56.9,3.83
pp_7,60.9,0.0,0.0,60.9,3.83
pp_7,57.8,0.0,0.0,57.8,0.0
pp_7,57.6,0.0,10.0,67.6,9.08
pp_7,61.3,0.0,0.0,61.3,12.94
pp_7,59.1,0.0,10.0,69.1,7.29
pp_7,58.9,0.0,10.0,68.9,8.83
pp_7,60.9,0.0,0.0,60.9,13.05
pp_7,56.8,0.0,0.0,56.8,17.32
pp_7,56.7,0.0,10.0,66.7,14.94
pp_7,62.5,0.0,0.0,62.5,13.7
pp_7,57.1,0.0,10.0,67.1,9.43
pp_7,69.7,0.0,0.0,69.7,7.19
pp_7,61.9,0.0,0.0,61.9,5.14
pp_7,57.3,0.0,0.0,57.3,3.58
pp_7,57.5,0.0,0.0,57.5,2.26
pp_7,63.2,0.0,0.0,63.2,2.47
pp_7,59.9,0.0,10.0,69.9,3.2
pp_7,71.3,0.0,0.0,71.3,3.18
pp_7,62.2,0.0,0.0,62.2,2.88
pp_7,57.0,0.0,0.0,57.0,2.29
pp_7,57.6,0.0,10.0,67.6,2.27
pp_7,62.2,0.0,0.0,62.2,1.82
pp_7,57.9,0.0,0.0,57.9,1.12
pp_7,56.8,0.0,10.0,66.8,0.9
pp_7,61.1,0.0,0.0,61.1,0.61
pp_7,58.2,0.0,0.0,58.2,1.87
pp_7,57.0,0.0,0.0,57.0,2.64
pp_7,60.9,0.0,0.0,60.9,2.27
pp_7,57.0,0.0,0.0,57.0,3.48
pp_7,56.8,0.0,0.0,56.8,4.46
pp_7,61.2,0.0,0.0,61.2,3.97
pp_7,57.0,0.0,0.0,57.0,4.94
pp_7,56.8,0.0,10.0,66.8,3.81
pp_7,61.2,0.0,0.0,61.2,3.98
pp_7,59.3,0.0,10.0,69.3,3.55
pp_7,66.8,0.0,0.0,66.8,2.57
pp_7,61.2,0.0,0.0,61.2,2.94
pp_7,56.9,0.0,0.0,56.9,4.28
pp_7,56.7,0.0,0.0,56.7,4.86
pp_7,60.9,0.0,0.0,60.9,5.0
pp_7,57.1,0.0,0.0,57.1,4.82
pp_7,56.7,0.0,10.0,66.7,4.27
pp_7,61.7,0.0,0.0,61.7,3.76
pp_7,57.4,0.0,0.0,57.4,7.22
pp_7,57.0,0.0,0.0,57.0,10.12
pp_7,61.9,0.0,0.0,61.9,9.82
pp_7,59.4,0.0,10.0,69.4,10.79
pp_7,57.0,10.0,0.0,67.0,10.41
pp_7,61.1,0.0,0.0,61.1,9.87
pp_7,57.2,0.0,0.0,57.2,10.58
pp_7,56.9,0.0,10.0,66.9,7.24
pp_7,61.1,0.0,0.0,61.1,6.06
pp_7,57.1,0.0,0.0,57.1,7.26
pp_7,56.7,0.0,10.0,66.7,5.71
pp_7,61.0,0.0,0.0,61.0,5.58
pp_7,57.1,0.0,0.0,57.1,5.04
pp_7,68.5,0.0,0.0,68.5,1.25
pp_7,62.0,0.0,0.0,62.0,1.12
pp_7,58.1,0.0,10.0,68.1,3.87
pp_7,56.7,0.0,10.0,66.7,5.31
pp_7,61.0,0.0,0.0,61.0,6.01
pp_7,57.3,0.0,0.0,57.3,6.63
pp_7,56.6,0.0,0.0,56.6,7.03
pp_7,61.2,0.0,0.0,61.2,6.84
pp_7,57.5,0.0,0.0,57.5,6.89
pp_7,57.6,0.0,10.0,67.6,7.35
pp_7,61.7,0.0,0.0,61.7,8.9
pp_7,57.4,0.0,0.0,57.4,11.7
pp_7,68.5,0.0,0.0,68.5,12.39
pp_7,61.4,0.0,0.0,61.4,14.42
pp_7,66.9,0.0,0.0,66.9,14.3
pp_7,62.6,0.0,0.0,62.6,14.46
pp_7,65.5,0.0,0.0,65.5,14.81
pp_7,59.1,0.0,10.0,69.1,10.49
pp_7,70.5,0.0,0.0,70.5,8.38
pp_7,60.8,0.0,0.0,60.8,6.53
pp_7,57.7,0.0,0.0,57.7,5.22
pp_7,58.4,0.0,10.0,68.4,3.0
pp_7,61.7,0.0,0.0,61.7,3.27
pp_7,56.9,0.0,0.0,56.9,3.4
pp_7,58.4,0.0,10.0,68.4,4.27
pp_7,61.7,0.0,0.0,61.7,4.38
pp_7,57.5,0.0,10.0,67.5,4.56
pp_7,56.7,0.0,10.0,66.7,4.16
pp_7,61.8,0.0,0.0,61.8,3.61
pp_7,58.4,0.0,10.0,68.4,3.1
pp_7,71.1,0.0,0.0,71.1,2.57
pp_7,63.8,0.0,10.0,73.8,2.13
pp_7,59.3,0.0,0.0,59.3,1.54
pp_7,56.8,0.0,0.0,56.8,1.11
pp_7,61.1,0.0,0.0,61.1,0.99
pp_7,57.7,0.0,10.0,67.7,0.8
pp_7,57.1,0.0,0.0,57.1,2.19
pp_7,61.0,0.0,0.0,61.0,3.01
pp_7,58.6,0.0,10.0,68.6,4.45
pp_7,69.0,0.0,0.0,69.0,5.94
pp_7,61.1,0.0,0.0,61.1,7.06
pp_7,57.0,0.0,0.0,57.0,7.71
pp_7,56.9,0.0,0.0,56.9,6.56
pp_7,62.1,0.0,0.0,62.1,3.58
pp_7,57.3,0.0,10.0,67.3,1.5
pp_7,57.5,0.0,10.0,67.5,0.43
pp_7,62.0,0.0,0.0,62.0,1.28
pp_7,58.2,0.0,10.0,68.2,3.07
pp_7,67.8,0.0,0.0,67.8,4.1
pp_7,60.8,0.0,0.0,60.8,4.51
pp_7,57.3,0.0,0.0,57.3,4.52
pp_7,57.9,0.0,10.0,67.9,4.25
pp_7,61.5,0.0,0.0,61.5,3.78
pp_7,57.6,0.0,0.0,57.6,3.15
pp_7,56.8,0.0,0.0,56.8,2.58
pp_7,62.0,0.0,0.0,62.0,2.04
pp_7,57.2,0.0,0.0,57.2,1.88
pp_7,56.7,0.0,10.0,66.7,2.0
pp_7,62.4,0.0,10.0,72.4,2.08
pp_7,59.3,0.0,10.0,69.3,2.25
pp_7,60.8,0.0,10.0,70.8,2.27
pp_7,60.9,0.0,0.0,60.9,2.47
pp_7,58.7,0.0,0.0,58.7,2.88
pp_7,58.7,0.0,10.0,68.7,2.86
pp_7,60.8,0.0,0.0,60.8,3.2
pp_7,57.1,0.0,0.0,57.1,4.14
pp_7,57.6,10.0,0.0,67.6,4.31
pp_7,61.0,0.0,0.0,61.0,5.58
pp_7,57.4,0.0,0.0,57.4,7.61
pp_7,58.0,0.0,10.0,68.0,7.17
pp_7,60.8,0.0,0.0,60.8,8.59
pp_7,58.3,0.0,10.0,68.3,7.93
pp_7,71.3,0.0,0.0,71.3,8.41
pp_7,60.9,0.0,0.0,60.9,8.43
pp_7,57.6,0.0,10.0,67.6,6.31
pp_7,58.9,0.0,10.0,68.9,4.91
pp_7,61.2,0.0,0.0,61.2,3.42
pp_7,57.0,0.0,0.0,57.0,2.49
pp_7,56.9,0.0,10.0,66.9,1.42
pp_7,61.5,0.0,0.0,61.5,1.24
pp_7,57.3,0.0,0.0,57.3,1.12
pp_7,57.1,0.0,10.0,67.1,2.09
pp_7,61.6,0.0,0.0,61.6,2.73
pp_7,60.9,0.0,10.0,70.9,3.11
pp_7,71.6,0.0,0.0,71.6,3.15
pp_7,61.5,0.0,0.0,61.5,2.95
pp_7,57.9,0.0,10.0,67.9,2.68
pp_7,69.7,0.0,0.0,69.7,2.49
pp_7,61.4,0.0,0.0,61.4,2.33
pp_7,56.8,0.0,0.0,56.8,2.02
pp_7,57.7,0.0,10.0,67.7,1.73
pp_7,61.0,0.0,0.0,61.0,1.99
pp_7,57.1,0.0,0.0,57.1,2.63
pp_7,56.9,0.0,10.0,66.9,2.64
pp_7,61.0,0.0,0.0,61.0,3.03
pp_7,57.2,0.0,0.0,57.2,3.88
pp_7,56.8,0.0,10.0,66.8,4.06
pp_7,61.1,0.0,0.0,61.1,4.64
pp_7,57.1,0.0,0.0,57.1,5.44
pp_7,56.9,0.0,10.0,66.9,4.47
pp_7,61.2,0.0,0.0,61.2,4.08
pp_7,57.0,0.0,0.0,57.0,3.96
pp_7,58.0,0.0,10.0,68.0,2.46
pp_7,61.0,0.0,0.0,61.0,1.88
pp_7,56.9,0.0,0.0,56.9,1.49
pp_7,58.0,0.0,10.0,68.0,0.77
pp_7,61.3,0.0,0.0,61.3,0.78
pp_7,57.4,0.0,0.0,57.4,0.98
pp_7,58.2,0.0,10.0,68.2,1.35
pp_7,61.5,0.0,0.0,61.5,1.57
pp_7,57.2,0.0,0.0,57.2,1.8
pp_7,56.8,0.0,10.0,66.8,2.01
pp_7,61.5,0.0,0.0,61.5,2.24
pp_7,57.3,0.0,10.0,67.3,2.4
pp_7,58.9,0.0,10.0,68.9,2.47
pp_7,61.1,0.0,0.0,61.1,2.54
pp_7,59.7,0.0,10.0,69.7,2.5
pp_7,57.7,0.0,10.0,67.7,2.71
pp_7,62.7,0.0,0.0,62.7,2.86
pp_7,57.7,0.0,0.0,57.7,3.47
pp_7,57.1,0.0,0.0,57.1,3.4
pp_7,62.7,0.0,0.0,62.7,2.87
pp_7,57.2,0.0,0.0,57.2,2.99
pp_7,57.2,0.0,10.0,67.2,2.43
pp_7,60.9,0.0,0.0,60.9,2.14
pp_7,57.2,0.0,0.0,57.2,2.39
pp_7,57.7,0.0,10.0,67.7,2.27
pp_7,61.1,0.0,0.0,61.1,1.94
pp_7,57.5,0.0,10.0,67.5,1.3
pp_7,56.8,0.0,0.0,56.8,2.19
pp_7,62.8,0.0,0.0,62.8,2.07
pp_7,58.4,0.0,0.0,58.4,2.52
pp_7,57.0,0.0,0.0,57.0,2.6
pp_7,62.1,0.0,0.0,62.1,2.24
pp_7,57.5,0.0,0.0,57.5,2.37
pp_7,56.8,0.0,0.0,56.8,1.91
pp_7,61.8,0.0,0.0,61.8,1.58
pp_7,56.9,0.0,0.0,56.9,2.0
pp_7,67.8,0.0,0.0,67.8,1.83
pp_7,62.2,0.0,0.0,62.2,1.99
pp_7,57.4,0.0,0.0,57.4,2.04
pp_7,56.6,0.0,10.0,66.6,1.89
pp_7,61.4,0.0,0.0,61.4,1.78
pp_7,57.9,0.0,0.0,57.9,1.67
pp_7,56.9,0.0,0.0,56.9,1.56
pp_7,61.0,0.0,0.0,61.0,1.26
pp_7,56.9,0.0,0.0,56.9,1.19
pp_7,57.7,0.0,10.0,67.7,1.37
pp_7,61.0,0.0,0.0,61.0,1.69
pp_7,57.2,0.0,0.0,57.2,1.83
pp_7,58.2,0.0,10.0,68.2,1.83
pp_7,61.7,0.0,0.0,61.7,1.8
pp_7,58.7,0.0,10.0,68.7,1.93
pp_7,70.3,0.0,0.0,70.3,1.76
pp_7,61.1,0.0,0.0,61.1,1.57
pp_7,57.1,0.0,0.0,57.1,1.41
pp_7,58.1,0.0,10.0,68.1,1.09
pp_7,61.3,0.0,0.0,61.3,0.98
pp_7,57.6,0.0,0.0,57.6,0.93
pp_7,56.9,0.0,0.0,56.9,0.9
pp_7,61.5,0.0,0.0,61.5,0.82
pp_7,57.3,0.0,0.0,57.3,1.12
pp_7,56.9,0.0,10.0,66.9,1.02
pp_7,62.6,0.0,0.0,62.6,1.54
pp_7,57.6,0.0,0.0,57.6,2.98
pp_7,56.7,0.0,10.0,66.7,4.53
pp_7,61.2,0.0,0.0,61.2,7.13
pp_7,57.2,0.0,0.0,57.2,9.99
pp_7,57.0,0.0,10.0,67.0,9.75
pp_7,61.0,0.0,0.0,61.0,10.35
pp_7,57.2,0.0,0.0,57.2,11.19
pp_7,56.9,0.0,0.0,56.9,10.6
pp_7,61.3,0.0,0.0,61.3,7.94
pp_7,56.9,0.0,0.0,56.9,8.89
pp_7,57.8,0.0,10.0,67.8,7.11
pp_7,61.7,0.0,0.0,61.7,7.65
pp_7,57.9,0.0,0.0,57.9,9.6
pp_7,57.7,0.0,10.0,67.7,9.58
pp_7,61.6,0.0,0.0,61.6,11.47
pp_7,57.9,0.0,0.0,57.9,14.88
pp_7,57.2,0.0,10.0,67.2,12.3
pp_7,61.0,0.0,0.0,61.0,10.8
pp_7,57.2,0.0,10.0,67.2,7.71
pp_7,59.0,0.0,10.0,69.0,7.37
pp_7,61.6,0.0,0.0,61.6,7.65
pp_7,57.4,0.0,0.0,57.4,10.41
pp_7,56.8,0.0,10.0,66.8,11.0
pp_7,61.3,0.0,0.0,61.3,13.87
pp_7,60.4,0.0,10.0,70.4,13.6
pp_7,58.7,0.0,10.0,68.7,14.22
pp_7,51.3,10.0,0.0,61.3,15.68
pp_7,57.9,0.0,0.0,57.9,14.89
pp_7,57.7,0.0,10.0,67.7,10.25
pp_7,61.5,0.0,0.0,61.5,10.85
pp_7,57.6,0.0,10.0,67.6,8.12
pp_7,57.7,0.0,10.0,67.7,7.51
pp_7,62.3,0.0,0.0,62.3,8.69
pp_7,57.2,0.0,0.0,57.2,9.82
pp_7,57.1,0.0,0.0,57.1,8.86
pp_7,61.1,0.0,0.0,61.1,7.33
pp_7,57.3,0.0,10.0,67.3,5.58
pp_7,57.8,0.0,10.0,67.8,4.78
pp_7,61.4,0.0,0.0,61.4,3.88
pp_7,57.1,0.0,0.0,57.1,3.96
pp_7,57.0,0.0,10.0,67.0,3.66
pp_7,61.6,0.0,0.0,61.6,3.11
pp_7,57.2,0.0,0.0,57.2,2.99
pp_7,56.7,0.0,0.0,56.7,3.85
pp_7,61.0,0.0,0.0,61.0,2.9
pp_7,57.9,0.0,10.0,67.9,2.13
pp_7,57.2,0.0,10.0,67.2,2.44
pp_7,61.3,0.0,0.0,61.3,3.03
pp_7,57.5,0.0,10.0,67.5,4.98
pp_7,69.5,0.0,0.0,69.5,6.09
pp_7,61.6,0.0,0.0,61.6,5.5
pp_7,58.4,0.0,10.0,68.4,7.44
pp_7,58.8,0.0,10.0,68.8,8.57
pp_7,61.6,0.0,0.0,61.6,9.08
pp_7,57.8,0.0,0.0,57.8,9.24
pp_7,56.8,0.0,0.0,56.8,9.03
pp_7,61.3,0.0,0.0,61.3,8.11
pp_7,57.1,0.0,0.0,57.1,7.43
pp_7,67.8,0.0,0.0,67.8,6.46
pp_7,61.0,0.0,0.0,61.0,5.67
pp_7,57.5,0.0,0.0,57.5,4.86
pp_7,57.1,0.0,0.0,57.1,4.19
pp_7,60.9,0.0,0.0,60.9,3.67
pp_7,58.1,0.0,10.0,68.1,3.24
pp_7,58.4,0.0,10.0,68.4,3.08
pp_7,61.5,0.0,0.0,61.5,3.02
pp_7,58.4,0.0,10.0,68.4,3.27
pp_7,57.8,0.0,10.0,67.8,3.73
pp_7,61.7,0.0,0.0,61.7,4.44
pp_7,57.1,0.0,0.0,57.1,5.21
pp_7,57.0,0.0,10.0,67.0,4.54
pp_7,61.5,0.0,0.0,61.5,4.63
pp_7,62.8,0.0,0.0,62.8,3.89
pp_7,62.7,0.0,0.0,62.7,2.7
pp_7,61.2,0.0,0.0,61.2,1.08
pp_7,57.3,0.0,0.0,57.3,1.15
pp_7,67.2,0.0,0.0,67.2,2.45
pp_7,61.5,0.0,0.0,61.5,3.04
pp_7,58.2,0.0,0.0,58.2,4.34
pp_7,56.9,0.0,0.0,56.9,5.92
pp_7,61.0,0.0,0.0,61.0,6.59
pp_7,57.1,0.0,0.0,57.1,7.84
pp_7,57.3,0.0,10.0,67.3,6.69
pp_7,61.0,0.0,0.0,61.0,5.62
pp_7,57.8,0.0,0.0,57.8,4.28
pp_7,56.9,0.0,10.0,66.9,2.05
pp_7,60.9,0.0,0.0,60.9,1.34
pp_7,57.3,0.0,0.0,57.3,1.71
pp_7,57.3,0.0,10.0,67.3,1.22
pp_7,61.3,0.0,0.0,61.3,1.91
pp_7,57.4,0.0,10.0,67.4,2.76
pp_7,57.5,0.0,10.0,67.5,3.6
pp_7,61.4,0.0,0.0,61.4,4.08
pp_7,58.6,0.0,10.0,68.6,4.01
pp_7,68.8,0.0,0.0,68.8,4.21
pp_7,61.1,0.0,10.0,71.1,4.08
pp_7,59.4,0.0,10.0,69.4,4.48
pp_7,61.0,10.0,0.0,71.0,4.9
pp_7,61.1,0.0,0.0,61.1,6.05
pp_7,57.3,0.0,0.0,57.3,6.8
pp_7,58.0,10.0,0.0,68.0,5.18
pp_7,60.9,0.0,0.0,60.9,4.19
pp_7,57.0,0.0,10.0,67.0,2.91
pp_7,57.1,0.0,0.0,57.1,2.41
pp_7,62.3,0.0,0.0,62.3,1.86
pp_7,61.3,0.0,10.0,71.3,1.97
pp_7,69.8,0.0,0.0,69.8,3.12
pp_7,60.9,0.0,0.0,60.9,8.38
pp_7,58.5,0.0,0.0,58.5,9.86
pp_7,67.9,0.0,0.0,67.9,7.45
pp_7,61.1,0.0,0.0,61.1,6.55
pp_7,57.9,0.0,0.0,57.9,7.53
pp_7,57.1,0.0,0.0,57.1,8.1
pp_7,61.4,0.0,0.0,61.4,6.13
pp_7,60.3,0.0,0.0,60.3,8.26
pp_7,57.1,0.0,0.0,57.1,9.49
pp_7,57.0,0.0,10.0,67.0,6.48
pp_7,57.0,0.0,0.0,57.0,6.74
pp_7,68.6,0.0,0.0,68.6,4.32
pp_7,60.2,0.0,0.0,60.2,3.62
pp_7,58.3,0.0,10.0,68.3,1.95
pp_7,58.1,0.0,10.0,68.1,1.56
pp_7,57.3,10.0,0.0,67.3,1.44
pp_7,57.8,0.0,10.0,67.8,1.61
pp_7,68.6,0.0,0.0,68.6,1.69
pp_7,61.0,0.0,0.0,61.0,1.79
pp_7,58.1,0.0,10.0,68.1,2.4
pp_7,57.3,10.0,0.0,67.3,2.15
pp_7,69.4,0.0,0.0,69.4,1.81
pp_7,57.1,0.0,0.0,57.1,2.23
pp_7,58.0,0.0,10.0,68.0,3.37
pp_7,56.9,0.0,10.0,66.9,4.35
pp_7,57.5,0.0,0.0,57.5,5.65
pp_7,57.1,0.0,0.0,57.1,7.57
pp_7,57.6,0.0,10.0,67.6,8.46
pp_7,58.1,0.0,10.0,68.1,8.71
pp_7,59.2,0.0,10.0,69.2,9.67
pp_7,68.6,0.0,0.0,68.6,9.93
pp_7,57.4,0.0,0.0,57.4,10.44
pp_7,58.1,0.0,10.0,68.1,7.69
pp_7,59.7,10.0,0.0,69.7,6.85
pp_7,57.2,0.0,0.0,57.2,6.41
pp_7,57.4,0.0,10.0,67.4,3.48
pp_7,67.7,0.0,0.0,67.7,1.8
pp_7,57.7,0.0,10.0,67.7,3.29
pp_7,58.9,0.0,10.0,68.9,6.17
pp_7,58.2,10.0,0.0,68.2,9.06
pp_7,57.6,0.0,10.0,67.6,10.18
pp_7,57.5,0.0,10.0,67.5,12.77
pp_7,67.7,0.0,0.0,67.7,17.62
pp_7,57.2,0.0,0.0,57.2,23.73
pp_7,56.9,0.0,0.0,56.9,23.69
pp_7,57.0,0.0,10.0,67.0,18.86
pp_7,57.1,0.0,0.0,57.1,20.55
pp_7,58.0,0.0,10.0,68.0,15.04
pp_7,68.7,0.0,0.0,68.7,13.66
pp_7,57.6,0.0,10.0,67.6,8.94
pp_7,58.2,0.0,10.0,68.2,6.11
pp_7,68.8,0.0,0.0,68.8,4.24
pp_7,57.6,0.0,0.0,57.6,3.43
pp_7,56.9,0.0,10.0,66.9,1.8
pp_7,57.0,0.0,10.0,67.0,1.3
pp_7,57.4,0.0,0.0,57.4,1.24
pp_7,57.7,0.0,10.0,67.7,2.49
pp_7,68.0,0.0,0.0,68.0,2.39
pp_7,57.0,0.0,0.0,57.0,2.16
pp_7,57.0,0.0,10.0,67.0,2.05
pp_7,57.2,0.0,10.0,67.2,1.76
pp_7,57.5,0.0,0.0,57.5,1.39
pp_7,58.1,0.0,10.0,68.1,1.38
pp_7,57.4,0.0,10.0,67.4,1.38
pp_7,58.3,0.0,10.0,68.3,1.58
pp_7,62.7,0.0,0.0,62.7,1.83
pp_7,60.4,0.0,0.0,60.4,1.95
pp_7,57.2,0.0,0.0,57.2,2.59
pp_7,57.3,0.0,0.0,57.3,2.74
pp_7,57.6,0.0,10.0,67.6,2.43
pp_7,57.0,0.0,0.0,57.0,2.36
pp_7,58.2,0.0,10.0,68.2,1.86
pp_7,60.7,0.0,0.0,60.7,1.84
pp_7,58.0,0.0,10.0,68.0,1.31
pp_7,58.8,0.0,10.0,68.8,1.08
pp_7,68.6,0.0,0.0,68.6,1.57
pp_7,57.1,0.0,0.0,57.1,2.26
pp_7,57.1,10.0,0.0,67.1,1.86
pp_7,61.4,0.0,0.0,61.4,2.18
pp_7,57.3,0.0,0.0,57.3,3.23
pp_7,56.9,0.0,0.0,56.9,3.82
pp_7,68.1,0.0,0.0,68.1,3.23
pp_7,57.1,0.0,0.0,57.1,4.81
pp_7,68.6,0.0,0.0,68.6,3.52
pp_7,60.8,0.0,0.0,60.8,3.99
pp_7,57.5,0.0,0.0,57.5,3.83
pp_7,57.3,0.0,0.0,57.3,2.44
pp_7,57.2,0.0,10.0,67.2,1.26
pp_7,58.3,0.0,10.0,68.3,2.01
pp_7,57.5,0.0,10.0,67.5,2.32
pp_7,68.8,0.0,0.0,68.8,2.45
pp_7,61.5,0.0,10.0,71.5,2.56
pp_7,71.9,0.0,0.0,71.9,2.23
pp_7,61.9,0.0,0.0,61.9,2.56
pp_7,61.2,0.0,0.0,61.2,3.49
pp_7,57.1,0.0,10.0,67.1,4.66
pp_7,67.3,0.0,0.0,67.3,5.63
pp_7,61.4,0.0,0.0,61.4,6.87
pp_7,57.0,0.0,0.0,57.0,8.05
pp_7,57.1,10.0,0.0,67.1,7.81
pp_7,61.6,0.0,0.0,61.6,9.18
pp_7,57.6,0.0,10.0,67.6,10.35
pp_7,67.9,0.0,0.0,67.9,11.62
pp_7,61.2,0.0,0.0,61.2,13.64
pp_7,57.9,0.0,0.0,57.9,14.82
pp_7,67.9,0.0,0.0,67.9,11.53
pp_7,62.2,0.0,0.0,62.2,11.24
pp_7,57.1,0.0,0.0,57.1,11.15
pp_7,57.1,10.0,0.0,67.1,7.36
pp_7,61.4,0.0,0.0,61.4,5.95
pp_7,58.9,0.0,10.0,68.9,3.34
pp_7,59.0,0.0,10.0,69.0,2.46
pp_7,61.2,0.0,0.0,61.2,2.22
pp_7,57.2,0.0,10.0,67.2,3.67
pp_7,67.5,0.0,0.0,67.5,4.31
pp_7,61.7,0.0,10.0,71.7,5.16
pp_7,57.9,0.0,10.0,67.9,5.15
pp_7,57.2,0.0,10.0,67.2,4.98
pp_7,61.2,0.0,0.0,61.2,4.65
pp_7,57.7,0.0,10.0,67.7,3.82
pp_7,57.3,0.0,10.0,67.3,2.93
pp_7,62.4,0.0,10.0,72.4,3.69
pp_7,58.9,0.0,10.0,68.9,3.83
pp_7,58.4,0.0,10.0,68.4,3.98
pp_7,62.6,0.0,0.0,62.6,3.72
pp_7,56.8,0.0,10.0,66.8,3.53
pp_7,57.1,0.0,10.0,67.1,2.7
pp_7,61.4,0.0,0.0,61.4,1.77
pp_7,57.2,0.0,10.0,67.2,1.02
pp_7,59.3,10.0,0.0,69.3,1.76
pp_7,61.2,0.0,0.0,61.2,3.32
pp_7,57.2,0.0,10.0,67.2,4.67
pp_7,56.8,10.0,0.0,66.8,5.46
pp_7,62.0,0.0,0.0,62.0,5.07
pp_7,57.0,0.0,0.0,57.0,3.69
pp_7,66.9,0.0,0.0,66.9,1.01
pp_7,61.2,0.0,0.0,61.2,3.38
pp_7,57.5,0.0,10.0,67.5,5.31
pp_7,69.3,0.0,0.0,69.3,6.53
pp_7,61.8,0.0,0.0,61.8,8.99
pp_7,57.9,0.0,10.0,67.9,12.01
pp_7,67.7,0.0,0.0,67.7,14.42
pp_7,61.6,0.0,0.0,61.6,16.17
pp_7,57.2,0.0,10.0,67.2,15.66
pp_7,57.6,0.0,10.0,67.6,13.92
pp_7,61.5,0.0,0.0,61.5,13.39
pp_7,56.9,0.0,10.0,66.9,10.56
pp_7,69.1,0.0,0.0,69.1,8.47
pp_7,61.3,0.0,0.0,61.3,6.96
pp_7,56.9,0.0,10.0,66.9,3.78
pp_7,68.2,0.0,0.0,68.2,2.62
pp_7,61.7,0.0,0.0,61.7,2.7
pp_7,57.9,0.0,10.0,67.9,4.1
pp_7,57.0,0.0,10.0,67.0,4.69
pp_7,62.3,0.0,10.0,72.3,5.44
pp_7,69.3,0.0,0.0,69.3,5.32
pp_7,50.2,0.0,10.0,60.2,5.19
pp_7,61.5,0.0,0.0,61.5,4.91
pp_7,57.1,0.0,0.0,57.1,4.77
pp_7,57.2,0.0,10.0,67.2,4.54
pp_7,61.4,0.0,0.0,61.4,4.47
pp_7,57.6,10.0,0.0,67.6,4.21
pp_7,70.1,0.0,0.0,70.1,4.01
pp_7,62.1,0.0,0.0,62.1,3.83
pp_7,57.0,0.0,10.0,67.0,3.52
pp_7,57.6,0.0,10.0,67.6,3.4
pp_7,61.0,0.0,0.0,61.0,2.99
pp_7,57.1,0.0,10.0,67.1,2.51
pp_7,57.0,0.0,10.0,67.0,2.37
pp_7,62.2,0.0,0.0,62.2,2.22
pp_7,56.7,0.0,10.0,66.7,1.96
pp_7,57.1,0.0,10.0,67.1,1.97
pp_7,62.1,0.0,0.0,62.1,1.87
pp_7,58.7,10.0,0.0,68.7,1.57
pp_7,70.1,0.0,0.0,70.1,1.5
pp_7,61.4,0.0,0.0,61.4,1.1
pp_7,58.1,0.0,10.0,68.1,0.86
pp_7,60.7,0.0,0.0,60.7,0.68
pp_7,63.9,0.0,10.0,73.9,0.72
pp_7,57.5,0.0,10.0,67.5,0.72
pp_7,67.4,0.0,0.0,67.4,0.78
pp_7,63.2,0.0,0.0,63.2,0.94
pp_7,56.9,0.0,0.0,56.9,0.96
pp_7,57.1,0.0,10.0,67.1,0.86
pp_7,61.8,0.0,0.0,61.8,0.77
pp_7,57.1,0.0,10.0,67.1,0.57
pp_7,67.2,0.0,0.0,67.2,0.47
pp_7,61.9,0.0,10.0,71.9,0.3
pp_7,69.3,0.0,0.0,69.3,0.25
pp_7,61.5,0.0,0.0,61.5,0.2
pp_7,62.6,0.0,0.0,62.6,0.24
pp_7,57.4,0.0,0.0,57.4,0.27
pp_7,57.0,0.0,10.0,67.0,0.33
pp_7,61.3,0.0,0.0,61.3,0.39
pp_7,57.5,0.0,0.0,57.5,0.51
pp_7,57.8,0.0,10.0,67.8,0.5
pp_7,62.8,0.0,10.0,72.8,0.46
pp_7,71.5,0.0,0.0,71.5,0.53
pp_7,61.7,0.0,0.0,61.7,0.47
pp_7,61.4,0.0,0.0,61.4,0.46
pp_7,57.2,0.0,0.0,57.2,0.49
pp_7,67.4,0.0,0.0,67.4,0.35
pp_7,61.6,0.0,0.0,61.6,0.35
pp_7,57.1,0.0,0.0,57.1,0.32
pp_7,67.9,0.0,0.0,67.9,0.33
pp_7,62.4,0.0,0.0,62.4,0.38
pp_7,56.9,0.0,0.0,56.9,0.32
pp_7,57.0,10.0,0.0,67.0,0.21
pp_7,61.6,0.0,0.0,61.6,0.15
pp_7,68.2,0.0,0.0,68.2,0.13
pp_7,61.1,0.0,0.0,61.1,0.22
pp_7,61.3,0.0,0.0,61.3,0.48
pp_7,57.1,0.0,10.0,67.1,0.21
pp_7,58.1,10.0,0.0,68.1,0.24
pp_7,61.2,0.0,0.0,61.2,0.21
pp_7,56.9,0.0,0.0,56.9,0.07
pp_7,57.1,0.0,10.0,67.1,0.18
pp_7,61.5,0.0,10.0,71.5,0.25
pp_7,57.6,0.0,10.0,67.6,0.32
pp_7,67.8,0.0,0.0,67.8,0.26
pp_7,62.4,0.0,10.0,72.4,0.07
pp_7,69.9,0.0,0.0,69.9,0.34
pp_7,62.4,0.0,0.0,62.4,0.26
pp_7,61.8,0.0,0.0,61.8,0.35
pp_7,57.1,0.0,10.0,67.1,0.41
pp_7,57.4,0.0,10.0,67.4,0.34
pp_7,62.7,0.0,0.0,62.7,0.16
pp_7,57.0,0.0,10.0,67.0,0.18
pp_7,57.2,10.0,0.0,67.2,0.17
pp_7,61.9,0.0,0.0,61.9,0.22
pp_7,57.2,0.0,0.0,57.2,0.28
pp_7,57.1,0.0,10.0,67.1,0.34
pp_7,61.8,0.0,0.0,61.8,0.63
pp_7,57.9,0.0,10.0,67.9,1.32
pp_7,60.6,0.0,0.0,60.6,3.31
pp_7,61.4,0.0,10.0,71.4,6.76
pp_7,57.4,0.0,10.0,67.4,12.12
pp_7,69.6,0.0,0.0,69.6,14.53
pp_7,61.4,0.0,10.0,71.4,12.08
pp_7,57.9,0.0,10.0,67.9,11.55
pp_7,68.0,0.0,0.0,68.0,9.27
pp_7,62.2,0.0,0.0,62.2,6.75
pp_7,57.1,0.0,10.0,67.1,3.36
pp_7,58.6,10.0,0.0,68.6,2.66
pp_7,61.1,0.0,10.0,71.1,3.84
pp_7,71.2,0.0,0.0,71.2,4.81
pp_7,64.5,0.0,0.0,64.5,5.48
pp_7,62.4,0.0,10.0,72.4,5.68
pp_7,57.6,0.0,0.0,57.6,5.93
pp_7,57.4,0.0,10.0,67.4,5.33
pp_7,61.8,0.0,10.0,71.8,4.59
pp_7,57.9,0.0,10.0,67.9,4.46
pp_7,67.8,0.0,0.0,67.8,3.91
pp_7,61.2,0.0,0.0,61.2,3.38
pp_7,58.6,10.0,0.0,68.6,2.85
pp_7,60.8,0.0,0.0,60.8,2.58
pp_7,61.1,0.0,0.0,61.1,2.55
pp_7,58.3,0.0,10.0,68.3,2.6
pp_7,57.1,10.0,0.0,67.1,3.01
pp_7,61.1,0.0,10.0,71.1,3.25
pp_7,57.3,0.0,0.0,57.3,4.47
pp_7,57.1,0.0,10.0,67.1,4.27
pp_7,61.9,0.0,0.0,61.9,4.42
pp_7,57.1,0.0,10.0,67.1,3.49
pp_7,67.1,0.0,0.0,67.1,2.66
pp_7,61.1,0.0,0.0,61.1,1.98
pp_7,57.9,0.0,10.0,67.9,1.09
pp_7,57.1,0.0,10.0,67.1,0.98
pp_7,61.4,0.0,0.0,61.4,1.09
pp_7,58.1,0.0,0.0,58.1,1.38
pp_7,57.4,0.0,10.0,67.4,1.69
pp_7,61.1,0.0,0.0,61.1,1.84
pp_7,56.9,0.0,10.0,66.9,1.81
pp_7,59.4,10.0,0.0,69.4,1.62
pp_7,61.4,0.0,0.0,61.4,1.48
pp_7,57.1,0.0,10.0,67.1,1.55
pp_7,69.8,0.0,0.0,69.8,1.82
pp_7,63.1,0.0,10.0,73.1,1.76
pp_7,58.7,0.0,10.0,68.7,2.03
pp_7,57.2,0.0,10.0,67.2,2.97
pp_7,62.0,0.0,0.0,62.0,4.35
pp_7,58.0,10.0,0.0,68.0,4.71
pp_7,70.6,0.0,0.0,70.6,5.31
pp_7,61.2,0.0,0.0,61.2,5.61
pp_7,56.9,10.0,0.0,66.9,4.92
pp_7,61.9,0.0,0.0,61.9,4.56
pp_7,62.5,0.0,0.0,62.5,4.39
pp_7,57.1,0.0,10.0,67.1,3.09
pp_7,57.3,0.0,10.0,67.3,2.75
pp_7,61.1,0.0,0.0,61.1,2.86
pp_7,57.5,0.0,0.0,57.5,3.21
pp_7,56.8,0.0,10.0,66.8,2.37
pp_7,61.5,0.0,0.0,61.5,2.23
pp_7,57.0,0.0,10.0,67.0,1.99
pp_7,56.8,10.0,0.0,66.8,1.15
pp_7,61.5,0.0,0.0,61.5,0.63
pp_7,57.3,0.0,10.0,67.3,1.34
pp_7,57.2,0.0,10.0,67.2,1.97
pp_7,62.1,0.0,10.0,72.1,2.42
pp_7,58.2,0.0,0.0,58.2,2.36
pp_7,57.1,0.0,10.0,67.1,2.44
pp_7,62.2,0.0,0.0,62.2,2.45
pp_7,57.0,0.0,10.0,67.0,2.44
pp_7,56.9,10.0,0.0,66.9,2.04
pp_7,61.2,0.0,0.0,61.2,1.74
pp_7,57.1,0.0,0.0,57.1,1.39
pp_7,57.2,0.0,10.0,67.2,1.08
pp_7,63.3,0.0,10.0,73.3,1.03
pp_7,58.5,0.0,10.0,68.5,0.75
pp_7,57.4,0.0,10.0,67.4,1.06
pp_7,61.4,0.0,0.0,61.4,0.74
pp_7,56.8,0.0,0.0,56.8,0.84
pp_7,67.1,0.0,0.0,67.1,1.37
pp_7,62.2,0.0,0.0,62.2,1.89
pp_7,57.6,0.0,0.0,57.6,2.76
pp_7,57.8,10.0,0.0,67.8,3.4
pp_7,61.2,0.0,10.0,71.2,4.41
pp_7,58.7,0.0,10.0,68.7,6.28
pp_7,50.6,10.0,0.0,60.6,7.18
pp_7,62.4,0.0,10.0,72.4,6.62
pp_7,57.4,0.0,10.0,67.4,7.55
pp_7,67.4,0.0,0.0,67.4,7.0
pp_7,61.5,0.0,0.0,61.5,6.66
pp_7,56.8,0.0,0.0,56.8,6.67
pp_7,56.7,0.0,10.0,66.7,3.93
pp_7,62.0,0.0,10.0,72.0,2.44
pp_7,59.2,10.0,0.0,69.2,2.49
pp_7,61.9,0.0,0.0,61.9,2.08
pp_7,61.7,0.0,10.0,71.7,2.06
pp_7,60.3,0.0,10.0,70.3,2.14
pp_7,60.0,10.0,0.0,70.0,2.37
pp_7,61.6,0.0,0.0,61.6,2.52
pp_7,56.8,0.0,0.0,56.8,2.49
pp_7,57.2,0.0,10.0,67.2,2.55
pp_7,61.5,0.0,0.0,61.5,2.55
pp_7,57.0,0.0,0.0,57.0,2.61
pp_7,57.1,0.0,10.0,67.1,2.65
pp_7,62.0,0.0,10.0,72.0,2.54
pp_7,62.2,0.0,0.0,62.2,2.54
pp_7,50.5,10.0,0.0,60.5,2.42
pp_7,61.2,0.0,0.0,61.2,2.33
pp_7,57.2,0.0,0.0,57.2,2.52
pp_7,57.4,10.0,0.0,67.4,2.15
pp_7,61.3,0.0,0.0,61.3,2.13
pp_7,56.8,0.0,0.0,56.8,2.11
pp_7,57.1,0.0,10.0,67.1,1.76
pp_7,62.6,0.0,10.0,72.6,1.22
pp_7,57.6,0.0,10.0,67.6,1.26
pp_7,57.9,10.0,0.0,67.9,1.14
pp_7,61.3,0.0,10.0,71.3,0.85
pp_7,57.5,0.0,0.0,57.5,1.24
pp_7,69.1,0.0,0.0,69.1,1.91
pp_7,61.8,0.0,10.0,71.8,4.32
pp_7,57.0,0.0,0.0,57.0,10.15
pp_7,67.3,0.0,0.0,67.3,13.25
pp_7,62.2,0.0,10.0,72.2,15.01
pp_7,59.5,0.0,10.0,69.5,16.72
pp_7,67.6,0.0,0.0,67.6,16.75
pp_7,61.4,0.0,0.0,61.4,17.98
pp_7,56.7,0.0,0.0,56.7,17.95
pp_7,67.2,0.0,0.0,67.2,12.4
pp_7,62.2,0.0,10.0,72.2,10.78
pp_7,58.2,0.0,10.0,68.2,11.91
pp_7,69.7,0.0,0.0,69.7,11.03
pp_7,61.4,0.0,10.0,71.4,11.01
pp_7,58.3,0.0,10.0,68.3,11.71
pp_7,57.6,10.0,0.0,67.6,11.05
pp_7,61.2,0.0,0.0,61.2,12.35
pp_7,57.1,0.0,10.0,67.1,10.28
pp_7,57.1,0.0,10.0,67.1,9.71
pp_7,61.5,0.0,0.0,61.5,10.77
pp_7,57.9,0.0,10.0,67.9,8.88
pp_7,68.1,0.0,0.0,68.1,8.66
pp_7,62.3,0.0,0.0,62.3,10.37
pp_7,57.3,0.0,10.0,67.3,9.16
pp_7,59.4,10.0,0.0,69.4,8.65
pp_7,61.4,0.0,10.0,71.4,8.71
pp_7,58.5,0.0,10.0,68.5,9.54
pp_7,67.7,0.0,0.0,67.7,9.99
pp_7,61.2,0.0,0.0,61.2,12.76
pp_7,57.0,0.0,0.0,57.0,14.64
pp_7,57.1,0.0,10.0,67.1,12.5
pp_7,62.1,0.0,0.0,62.1,14.08
pp_7,57.4,0.0,10.0,67.4,13.61
pp_7,67.0,0.0,0.0,67.0,13.59
pp_7,62.7,0.0,10.0,72.7,12.61
pp_7,59.2,10.0,0.0,69.2,13.39
pp_7,60.8,0.0,0.0,60.8,14.87
pp_7,61.6,0.0,0.0,61.6,13.75
pp_7,56.7,0.0,10.0,66.7,10.91
pp_7,67.9,0.0,0.0,67.9,9.55
pp_7,61.9,0.0,0.0,61.9,10.34
pp_7,56.7,0.0,10.0,66.7,8.03
pp_7,56.9,0.0,10.0,66.9,6.62
pp_7,61.4,0.0,0.0,61.4,7.07
pp_7,58.1,0.0,10.0,68.1,4.97
pp_7,56.8,0.0,10.0,66.8,5.51
pp_7,61.1,0.0,0.0,61.1,7.49
pp_7,57.5,0.0,10.0,67.5,7.01
pp_7,57.2,0.0,10.0,67.2,7.87
pp_7,61.7,0.0,0.0,61.7,9.69
pp_7,57.0,0.0,0.0,57.0,10.21
pp_7,57.5,10.0,0.0,67.5,7.33
pp_7,62.3,0.0,0.0,62.3,9.67
pp_7,57.0,0.0,10.0,67.0,11.83
pp_7,56.8,0.0,10.0,66.8,12.26
pp_7,61.9,0.0,10.0,71.9,11.91
pp_7,57.1,0.0,10.0,67.1,11.42
pp_7,57.3,10.0,0.0,67.3,10.78
pp_7,60.9,0.0,0.0,60.9,9.9
pp_7,57.1,0.0,0.0,57.1,9.0
pp_7,56.9,10.0,0.0,66.9,7.97
pp_7,61.1,0.0,0.0,61.1,7.8
pp_7,57.0,0.0,0.0,57.0,7.91
pp_7,67.3,0.0,0.0,67.3,6.78
pp_7,61.3,0.0,10.0,71.3,5.6
pp_7,57.5,0.0,10.0,67.5,5.3
pp_7,67.1,0.0,0.0,67.1,4.35
pp_7,62.0,0.0,10.0,72.0,3.21
pp_7,58.9,0.0,10.0,68.9,3.0
pp_7,59.6,10.0,0.0,69.6,2.55
pp_reset,62.5,0.0,0.0,62.5,2.03
pp_reset,57.3,0.0,10.0,67.3,1.15
pp_reset,57.1,10.0,0.0,67.1,0.85
pp_reset,61.5,0.0,0.0,61.5,0.76
pp_reset,57.1,0.0,10.0,67.1,0.86
pp_reset,68.1,0.0,0.0,68.1,0.84
pp_reset,61.3,0.0,0.0,61.3,1.12
pp_reset,58.2,0.0,10.0,68.2,2.61
pp_reset,57.2,0.0,10.0,67.2,2.91
pp_reset,61.5,0.0,0.0,61.5,8.25
pp_reset,57.9,0.0,10.0,67.9,3.89
pp_reset,58.2,0.0,10.0,68.2,3.6
pp_reset,61.5,0.0,0.0,61.5,3.62
pp_reset,68.1,0.0,0.0,68.1,3.64
pp_reset,60.8,0.0,0.0,60.8,3.65
pp_reset,61.4,0.0,0.0,61.4,3.67
pp_reset,57.0,0.0,10.0,67.0,3.68
pp_reset,67.2,0.0,0.0,67.2,3.69
pp_reset,61.1,0.0,0.0,61.1,3.7
pp_reset,57.2,0.0,0.0,57.2,3.7
pp_reset,67.1,0.0,0.0,67.1,3.71
pp_reset,62.4,0.0,10.0,72.4,3.72
pp_reset,57.9,0.0,0.0,57.9,3.72
pp_reset,57.2,0.0,10.0,67.2,3.72
pp_reset,72.1,0.0,0.0,72.1,3.73
pp_reset,63.1,0.0,0.0,63.1,3.73
pp_reset,62.3,0.0,0.0,62.3,3.73
pp_reset,61.4,0.0,0.0,61.4,3.73
pp_reset,57.6,0.0,10.0,67.6,3.73
pp_reset,68.7,0.0,10.0,78.7,3.74
pp_reset,101.0,0.0,0.0,101.0,3.74
pp_reset,94.6,0.0,10.0,104.6,3.74
pp_reset,125.5,0.0,0.0,125.5,3.74
pp_reset,99.3,0.0,0.0,99.3,3.74
pp_reset,105.0,0.0,10.0,115.0,3.74
pp_reset,82.3,0.0,0.0,82.3,3.74
pp_reset,81.7,0.0,0.0,81.7,3.74
pp_reset,81.0,0.0,0.0,81.0,3.74
pp_reset,74.0,0.0,0.0,74.0,3.74
pp_reset,71.9,0.0,0.0,71.9,3.74
pp_reset,71.4,0.0,0.0,71.4,3.74
pp_reset,65.3,0.0,0.0,65.3,3.74
pp_reset,64.4,0.0,0.0,64.4,3.74
pp_reset,64.2,0.0,10.0,74.2,3.74
pp_reset,57.0,0.0,0.0,57.0,3.74
pp_reset,57.0,10.0,0.0,67.0,3.74
pp_reset,61.3,0.0,0.0,61.3,3.74
pp_reset,58.1,0.0,10.0,68.1,3.74
pp_reset,68.1,0.0,0.0,68.1,3.74
pp_reset,63.0,0.0,10.0,73.0,3.74
pp_reset,59.1,0.0,10.0,69.1,3.74
pp_reset,70.0,0.0,0.0,70.0,3.74
pp_reset,61.2,0.0,0.0,61.2,3.74
pp_reset,56.7,0.0,0.0,56.7,3.74
pp_reset,57.0,10.0,0.0,67.0,3.74
pp_reset,62.6,0.0,0.0,62.6,3.74
pp_reset,57.7,0.0,10.0,67.7,3.74
pp_reset,67.4,0.0,0.0,67.4,3.74
pp_8,61.3,0.0,0.0,61.3,3.74
pp_8,69.4,0.0,0.0,69.4,0.06
pp_8,61.7,0.0,0.0,61.7,0.94
pp_8,61.8,0.0,0.0,61.8,1.91
pp_8,58.2,0.0,10.0,68.2,3.02
pp_8,58.2,10.0,0.0,68.2,3.72
pp_8,61.1,0.0,0.0,61.1,4.31
pp_8,58.2,0.0,10.0,68.2,4.98
pp_8,66.9,0.0,0.0,66.9,5.4
pp_8,62.0,0.0,0.0,62.0,5.75
pp_8,58.2,0.0,10.0,68.2,6.15
pp_8,57.6,0.0,10.0,67.6,6.4
pp_8,62.0,0.0,0.0,62.0,6.61
pp_8,57.4,0.0,10.0,67.4,6.85
pp_8,57.7,0.0,10.0,67.7,7.0
pp_8,61.1,0.0,0.0,61.1,7.13
pp_8,57.9,0.0,10.0,67.9,7.27
pp_8,69.7,0.0,0.0,69.7,7.36
pp_8,61.1,0.0,0.0,61.1,7.44
pp_8,57.3,0.0,10.0,67.3,7.52
pp_8,57.7,0.0,10.0,67.7,7.57
pp_8,61.8,0.0,0.0,61.8,7.62
pp_8,58.7,0.0,10.0,68.7,7.67
pp_8,57.0,0.0,10.0,67.0,7.7
pp_8,61.1,0.0,0.0,61.1,7.73
pp_8,57.4,0.0,10.0,67.4,0.01
pp_8,58.6,0.0,10.0,68.6,8.66
pp_8,61.2,0.0,0.0,61.2,15.56
pp_8,57.1,0.0,0.0,57.1,18.8
pp_8,66.9,0.0,0.0,66.9,15.98
pp_8,61.6,0.0,0.0,61.6,17.77
pp_8,57.9,0.0,0.0,57.9,18.27
pp_8,67.5,0.0,0.0,67.5,13.94
pp_8,62.4,0.0,0.0,62.4,14.99
pp_8,57.4,0.0,10.0,67.4,12.83
pp_8,69.9,0.0,0.0,69.9,11.31
pp_8,60.8,0.0,0.0,60.8,13.87
pp_8,57.9,0.0,10.0,67.9,6.73
pp_8,57.5,0.0,10.0,67.5,7.18
pp_8,62.0,0.0,0.0,62.0,9.29
pp_8,56.9,0.0,0.0,56.9,10.8
pp_8,57.2,0.0,10.0,67.2,10.35
pp_8,61.3,0.0,0.0,61.3,10.09
pp_8,57.1,0.0,0.0,57.1,9.76
pp_8,67.8,0.0,0.0,67.8,7.79
pp_8,61.7,0.0,0.0,61.7,6.49
pp_8,50.5,10.0,0.0,60.5,4.74
pp_8,70.2,0.0,0.0,70.2,4.41
pp_8,61.5,0.0,0.0,61.5,5.14
pp_8,58.4,0.0,10.0,68.4,6.46
pp_8,57.1,10.0,0.0,67.1,11.33
pp_8,61.4,0.0,0.0,61.4,14.51
pp_8,57.4,0.0,0.0,57.4,16.53
pp_8,67.0,0.0,0.0,67.0,14.45
pp_8,61.1,0.0,0.0,61.1,15.06
pp_8,58.1,0.0,0.0,58.1,16.57
pp_8,56.8,10.0,0.0,66.8,13.26
pp_8,61.7,0.0,0.0,61.7,12.39
pp_8,57.2,0.0,0.0,57.2,11.84
pp_8,57.2,0.0,10.0,67.2,7.02
pp_8,61.1,0.0,0.0,61.1,4.83
pp_8,57.2,0.0,0.0,57.2,3.09
pp_8,56.9,10.0,0.0,66.9,1.69
pp_8,61.5,0.0,0.0,61.5,3.08
pp_8,58.0,0.0,0.0,58.0,4.98
pp_8,56.9,0.0,10.0,66.9,6.1
pp_8,61.1,0.0,0.0,61.1,6.93
pp_8,57.4,0.0,10.0,67.4,7.4
pp_8,57.2,0.0,10.0,67.2,7.13
pp_8,62.1,0.0,0.0,62.1,6.93
pp_8,57.1,0.0,10.0,67.1,6.41
pp_8,57.0,0.0,10.0,67.0,5.75
pp_8,61.8,0.0,0.0,61.8,4.73
pp_8,57.1,0.0,10.0,67.1,3.18
pp_8,56.7,10.0,0.0,66.7,2.89
pp_8,61.8,0.0,0.0,61.8,3.85
pp_8,57.1,0.0,10.0,67.1,4.95
pp_8,57.9,10.0,0.0,67.9,5.86
pp_8,61.9,0.0,0.0,61.9,7.16
pp_8,56.9,0.0,0.0,56.9,9.02
pp_8,57.3,0.0,10.0,67.3,7.58
pp_8,61.6,0.0,0.0,61.6,7.69
pp_8,56.9,0.0,10.0,66.9,6.61
pp_8,67.8,0.0,0.0,67.8,5.87
pp_8,61.6,0.0,0.0,61.6,4.83
pp_8,57.7,0.0,10.0,67.7,2.33
pp_8,57.5,10.0,0.0,67.5,1.6
pp_8,62.0,0.0,0.0,62.0,2.75
pp_8,58.0,0.0,10.0,68.0,4.94
pp_8,56.8,10.0,0.0,66.8,5.62
pp_8,62.0,0.0,0.0,62.0,5.86
pp_8,58.5,0.0,10.0,68.5,5.73
pp_8,57.1,0.0,10.0,67.1,5.5
pp_8,61.6,0.0,0.0,61.6,5.12
pp_8,57.1,0.0,0.0,57.1,4.85
pp_8,67.1,0.0,0.0,67.1,4.63
pp_8,61.4,0.0,0.0,61.4,5.3
pp_8,60.0,0.0,10.0,70.0,6.22
pp_8,57.2,0.0,10.0,67.2,7.17
pp_8,61.2,0.0,0.0,61.2,8.09
pp_8,57.0,0.0,0.0,57.0,9.38
pp_8,58.3,0.0,10.0,68.3,7.86
pp_8,62.3,0.0,0.0,62.3,7.48
pp_8,59.9,0.0,10.0,69.9,5.73
pp_8,57.3,0.0,10.0,67.3,4.25
pp_8,62.3,0.0,0.0,62.3,2.64
pp_8,57.7,0.0,10.0,67.7,0.62
pp_8,57.5,0.0,10.0,67.5,1.86
pp_8,61.6,0.0,0.0,61.6,3.31
pp_8,57.7,0.0,10.0,67.7,4.69
pp_8,57.1,0.0,10.0,67.1,5.56
pp_8,61.1,0.0,0.0,61.1,6.53
pp_8,57.1,0.0,10.0,67.1,6.99
pp_8,57.4,0.0,10.0,67.4,7.23
pp_8,62.4,0.0,0.0,62.4,7.09
pp_8,57.2,0.0,0.0,57.2,7.51
pp_8,57.1,0.0,10.0,67.1,6.76
pp_8,61.0,0.0,0.0,61.0,7.0
pp_8,56.8,0.0,0.0,56.8,7.41
pp_8,57.3,0.0,10.0,67.3,5.71
pp_8,61.7,0.0,0.0,61.7,4.82
pp_8,57.4,0.0,0.0,57.4,4.19
pp_8,57.2,0.0,10.0,67.2,3.33
pp_8,61.8,0.0,0.0,61.8,3.43
pp_8,57.9,0.0,10.0,67.9,3.57
pp_8,57.4,0.0,10.0,67.4,3.67
pp_8,61.8,0.0,0.0,61.8,3.69
pp_8,57.5,0.0,10.0,67.5,3.67
pp_8,56.7,0.0,10.0,66.7,3.59
pp_8,61.1,0.0,0.0,61.1,3.36
pp_8,57.3,0.0,0.0,57.3,3.32
pp_8,67.6,0.0,0.0,67.6,3.16
pp_8,61.3,0.0,0.0,61.3,3.29
pp_8,58.4,0.0,10.0,68.4,3.29
pp_8,57.0,0.0,10.0,67.0,3.31
pp_8,61.4,0.0,0.0,61.4,3.28
pp_8,57.0,0.0,0.0,57.0,3.4
pp_8,57.4,0.0,10.0,67.4,2.81
pp_8,61.3,0.0,0.0,61.3,2.71
pp_8,58.1,0.0,10.0,68.1,2.29
pp_8,67.0,0.0,0.0,67.0,1.95
pp_8,61.3,0.0,0.0,61.3,1.52
pp_8,57.1,0.0,10.0,67.1,0.83
pp_8,67.0,0.0,0.0,67.0,0.63
pp_8,61.5,0.0,0.0,61.5,0.48
pp_8,59.7,0.0,10.0,69.7,0.33
pp_8,60.0,10.0,0.0,70.0,0.25
pp_8,61.3,0.0,0.0,61.3,0.33
pp_8,57.6,0.0,10.0,67.6,0.62
pp_8,67.3,0.0,0.0,67.3,0.76
pp_8,61.4,0.0,0.0,61.4,1.01
pp_8,58.0,0.0,10.0,68.0,1.32
pp_8,56.8,0.0,10.0,66.8,1.53
pp_8,61.2,0.0,0.0,61.2,1.56
pp_8,56.8,0.0,10.0,66.8,1.36
pp_8,67.0,0.0,0.0,67.0,1.05
pp_8,61.1,0.0,0.0,61.1,0.53
pp_8,57.3,0.0,10.0,67.3,0.7
pp_8,56.8,0.0,10.0,66.8,2.71
pp_8,64.1,0.0,0.0,64.1,6.04
pp_8,60.9,0.0,0.0,60.9,10.54
pp_8,63.4,0.0,0.0,63.4,14.46
pp_8,61.9,0.0,10.0,71.9,17.45
pp_8,57.3,0.0,10.0,67.3,16.17
pp_8,57.0,10.0,0.0,67.0,13.85
pp_8,61.4,0.0,0.0,61.4,10.87
pp_8,57.9,0.0,0.0,57.9,11.27
pp_8,57.2,0.0,10.0,67.2,12.49
pp_8,61.3,0.0,0.0,61.3,16.53
pp_8,57.0,0.0,0.0,57.0,18.97
pp_8,56.9,0.0,10.0,66.9,15.82
pp_8,62.3,0.0,0.0,62.3,16.49
pp_8,61.5,0.0,0.0,61.5,16.52
pp_8,50.9,10.0,0.0,60.9,15.27
pp_8,61.2,0.0,0.0,61.2,13.21
pp_8,56.8,0.0,10.0,66.8,10.48
pp_8,67.2,0.0,0.0,67.2,9.38
pp_8,62.2,0.0,0.0,62.2,10.57
pp_8,57.0,0.0,10.0,67.0,10.04
pp_8,57.5,0.0,10.0,67.5,6.3
pp_8,61.3,0.0,0.0,61.3,8.18
pp_8,57.4,0.0,0.0,57.4,13.33
pp_8,57.4,10.0,0.0,67.4,15.64
pp_8,61.2,0.0,0.0,61.2,17.18
pp_8,57.2,0.0,10.0,67.2,15.78
pp_8,56.8,0.0,10.0,66.8,14.5
pp_8,62.1,0.0,10.0,72.1,11.02
pp_8,59.0,0.0,10.0,69.0,9.62
pp_8,69.5,0.0,0.0,69.5,8.41
pp_8,62.1,0.0,0.0,62.1,7.34
pp_8,63.5,0.0,0.0,63.5,5.78
pp_8,62.9,0.0,0.0,62.9,5.49
pp_8,61.5,0.0,0.0,61.5,6.09
pp_8,57.3,0.0,0.0,57.3,7.78
pp_8,56.9,0.0,10.0,66.9,6.7
pp_8,61.2,0.0,0.0,61.2,7.25
pp_8,56.9,0.0,10.0,66.9,6.18
pp_8,56.8,0.0,10.0,66.8,5.91
pp_8,61.4,0.0,0.0,61.4,5.84
pp_8,57.3,0.0,0.0,57.3,5.91
pp_8,67.0,0.0,0.0,67.0,3.54
pp_8,60.9,0.0,0.0,60.9,3.45
pp_8,59.3,0.0,10.0,69.3,2.58
pp_8,70.2,0.0,0.0,70.2,2.68
pp_8,61.2,0.0,0.0,61.2,3.17
pp_8,57.2,0.0,10.0,67.2,5.36
pp_8,67.5,0.0,0.0,67.5,7.11
pp_8,61.2,0.0,0.0,61.2,7.83
pp_8,57.4,0.0,10.0,67.4,8.9
pp_8,56.9,0.0,10.0,66.9,7.49
pp_8,60.9,0.0,0.0,60.9,7.28
pp_8,56.8,0.0,0.0,56.8,7.95
pp_8,57.0,0.0,10.0,67.0,6.29
pp_8,61.9,0.0,0.0,61.9,6.87
pp_8,58.1,10.0,0.0,68.1,6.71
pp_8,59.8,0.0,10.0,69.8,6.9
pp_8,61.3,0.0,0.0,61.3,6.6
pp_8,57.1,0.0,10.0,67.1,5.88
pp_8,57.1,0.0,10.0,67.1,6.83
pp_8,61.0,0.0,0.0,61.0,7.36
pp_8,57.3,0.0,0.0,57.3,11.0
pp_8,68.7,0.0,0.0,68.7,9.45
pp_8,61.9,0.0,0.0,61.9,10.77
pp_8,57.8,0.0,0.0,57.8,13.77
pp_8,50.7,10.0,0.0,60.7,13.26
pp_8,61.3,0.0,0.0,61.3,12.74
pp_8,56.8,0.0,0.0,56.8,12.03
pp_8,68.9,0.0,0.0,68.9,5.85
pp_8,61.8,0.0,0.0,61.8,6.76
pp_8,57.2,0.0,0.0,57.2,8.07
pp_8,56.7,0.0,10.0,66.7,9.05
pp_8,62.6,0.0,0.0,62.6,9.45
pp_8,56.9,0.0,0.0,56.9,9.82
pp_8,57.9,0.0,10.0,67.9,8.92
pp_8,62.1,0.0,0.0,62.1,8.45
pp_8,57.7,0.0,10.0,67.7,7.26
pp_8,69.0,0.0,0.0,69.0,6.28
pp_8,61.3,0.0,0.0,61.3,5.14
pp_8,57.4,0.0,10.0,67.4,3.65
pp_8,56.8,0.0,10.0,66.8,2.95
pp_8,61.8,0.0,0.0,61.8,2.54
pp_8,57.0,0.0,10.0,67.0,2.27
pp_8,57.9,0.0,10.0,67.9,2.15
pp_8,61.8,0.0,0.0,61.8,2.08
pp_8,57.0,0.0,10.0,67.0,1.95
pp_8,58.8,0.0,10.0,68.8,1.81
pp_8,61.3,0.0,0.0,61.3,1.58
pp_8,58.0,0.0,10.0,68.0,1.36
pp_8,57.0,0.0,10.0,67.0,1.19
pp_8,61.2,0.0,0.0,61.2,1.1
pp_8,56.7,0.0,10.0,66.7,1.23
pp_8,67.5,0.0,0.0,67.5,1.7
pp_8,61.9,0.0,0.0,61.9,2.23
pp_8,57.8,0.0,10.0,67.8,2.28
pp_8,58.6,10.0,0.0,68.6,2.36
pp_8,61.7,0.0,0.0,61.7,2.4
pp_8,57.9,0.0,0.0,57.9,8.09
pp_8,56.8,0.0,10.0,66.8,12.33
pp_8,62.5,0.0,0.0,62.5,14.98
pp_8,69.8,0.0,0.0,69.8,15.14
pp_8,60.7,0.0,0.0,60.7,16.79
pp_8,61.0,0.0,0.0,61.0,16.16
pp_8,57.8,0.0,0.0,57.8,16.4
pp_8,57.0,0.0,10.0,67.0,12.03
pp_8,61.2,0.0,0.0,61.2,12.3
pp_8,57.2,0.0,10.0,67.2,6.75
pp_8,56.9,10.0,0.0,66.9,3.73
pp_8,61.5,0.0,0.0,61.5,4.32
pp_8,57.0,0.0,10.0,67.0,7.54
pp_8,56.9,0.0,10.0,66.9,7.55
pp_8,62.1,0.0,0.0,62.1,7.35
pp_8,58.0,0.0,10.0,68.0,7.13
pp_8,56.9,0.0,10.0,66.9,6.99
pp_8,60.9,0.0,0.0,60.9,6.87
pp_8,56.8,0.0,0.0,56.8,6.77
pp_8,67.7,0.0,0.0,67.7,6.65
pp_8,61.1,0.0,0.0,61.1,6.58
pp_8,57.7,0.0,10.0,67.7,6.5
pp_8,57.4,0.0,10.0,67.4,6.45
pp_8,61.1,0.0,0.0,61.1,6.41
pp_8,56.7,0.0,10.0,66.7,6.36
pp_8,68.0,0.0,0.0,68.0,6.33
pp_8,61.0,0.0,0.0,61.0,6.31
pp_8,56.8,0.0,10.0,66.8,6.28
pp_8,56.7,0.0,10.0,66.7,6.26
pp_8,61.4,0.0,0.0,61.4,6.25
pp_8,56.9,0.0,10.0,66.9,6.23
pp_8,57.0,0.0,10.0,67.0,6.22
pp_8,62.4,0.0,0.0,62.4,6.21
pp_8,58.5,0.0,10.0,68.5,6.2
pp_8,56.7,0.0,10.0,66.7,6.19
pp_8,61.1,0.0,0.0,61.1,6.19
pp_8,56.9,0.0,0.0,56.9,6.18
pp_8,56.6,0.0,10.0,66.6,6.18
pp_8,61.7,0.0,0.0,61.7,6.17
pp_8,57.3,0.0,0.0,57.3,6.17
pp_8,67.5,0.0,0.0,67.5,6.17
pp_8,61.1,0.0,0.0,61.1,6.16
pp_8,57.1,0.0,10.0,67.1,6.16
pp_8,57.0,0.0,10.0,67.0,6.16
pp_8,62.1,0.0,0.0,62.1,6.16
pp_8,56.8,0.0,10.0,66.8,6.16
pp_8,57.2,0.0,10.0,67.2,6.16
pp_8,61.9,0.0,0.0,61.9,6.16
pp_8,58.0,0.0,10.0,68.0,0.0
pp_8,57.2,10.0,0.0,67.2,9.26
pp_8,61.2,0.0,0.0,61.2,15.83
pp_8,57.2,0.0,10.0,67.2,16.54
pp_8,57.0,0.0,10.0,67.0,16.53
pp_8,61.3,0.0,0.0,61.3,17.63
pp_8,57.0,0.0,10.0,67.0,15.03
pp_8,56.8,0.0,10.0,66.8,14.03
pp_8,61.6,0.0,0.0,61.6,14.7
pp_8,66.9,0.0,0.0,66.9,12.77
pp_8,61.1,0.0,0.0,61.1,11.04
pp_8,61.7,0.0,0.0,61.7,7.47
pp_8,57.4,0.0,0.0,57.4,6.83
pp_8,58.1,10.0,0.0,68.1,6.69
pp_8,62.1,0.0,0.0,62.1,7.0
pp_8,57.6,0.0,0.0,57.6,6.72
pp_8,56.7,0.0,10.0,66.7,6.46
pp_8,61.1,0.0,0.0,61.1,6.01
pp_8,59.3,0.0,10.0,69.3,5.16
pp_8,68.7,0.0,0.0,68.7,4.96
pp_8,61.7,0.0,0.0,61.7,4.61
pp_8,58.4,0.0,10.0,68.4,4.31
pp_8,67.2,0.0,0.0,67.2,4.66
pp_8,61.1,0.0,0.0,61.1,5.15
pp_8,58.1,0.0,0.0,58.1,6.23
pp_8,56.7,0.0,10.0,66.7,5.86
pp_8,61.0,0.0,0.0,61.0,5.85
pp_8,57.7,0.0,10.0,67.7,5.01
pp_8,57.0,10.0,0.0,67.0,4.84
pp_8,61.2,0.0,0.0,61.2,5.34
pp_8,56.9,0.0,0.0,56.9,6.1
pp_8,68.0,0.0,0.0,68.0,5.26
pp_8,62.0,0.0,0.0,62.0,5.96
pp_8,57.3,0.0,0.0,57.3,7.64
pp_8,57.6,0.0,10.0,67.6,7.3
pp_8,62.2,0.0,0.0,62.2,7.29
pp_8,58.5,0.0,10.0,68.5,5.48
pp_8,67.7,0.0,0.0,67.7,5.72
pp_8,61.3,0.0,0.0,61.3,4.85
pp_8,58.2,0.0,10.0,68.2,3.96
pp_8,57.0,0.0,10.0,67.0,3.46
pp_8,61.7,0.0,0.0,61.7,3.03
pp_8,59.3,0.0,10.0,69.3,3.02
pp_8,58.4,0.0,10.0,68.4,3.07
pp_8,61.1,0.0,0.0,61.1,2.86
pp_8,57.8,0.0,0.0,57.8,2.75
pp_8,56.7,0.0,10.0,66.7,1.85
pp_8,62.4,0.0,0.0,62.4,1.13
pp_8,57.8,0.0,0.0,57.8,0.82
pp_8,68.5,0.0,0.0,68.5,1.02
pp_8,63.0,0.0,0.0,63.0,1.55
pp_8,57.5,0.0,10.0,67.5,2.03
pp_8,57.0,0.0,10.0,67.0,2.43
pp_8,61.2,0.0,0.0,61.2,2.63
pp_8,57.0,0.0,0.0,57.0,3.67
pp_8,56.8,0.0,10.0,66.8,4.88
pp_8,61.5,0.0,0.0,61.5,7.25
pp_8,57.1,0.0,0.0,57.1,10.2
pp_8,56.8,0.0,10.0,66.8,10.44
pp_8,60.8,0.0,0.0,60.8,11.61
pp_8,58.0,0.0,0.0,58.0,12.99
pp_8,56.9,0.0,10.0,66.9,10.34
pp_8,62.5,0.0,0.0,62.5,9.48
pp_8,58.5,0.0,10.0,68.5,7.04
pp_8,69.8,0.0,0.0,69.8,5.41
pp_8,61.1,0.0,0.0,61.1,3.74
pp_8,57.5,0.0,10.0,67.5,1.23
pp_8,56.8,0.0,10.0,66.8,1.81
pp_8,60.8,0.0,0.0,60.8,3.35
pp_8,57.9,0.0,10.0,67.9,5.34
pp_8,56.8,0.0,10.0,66.8,6.52
pp_8,60.9,0.0,0.0,60.9,7.65
pp_8,57.7,0.0,10.0,67.7,8.21
pp_8,56.7,0.0,10.0,66.7,8.57
pp_8,61.0,0.0,0.0,61.0,10.44
pp_8,56.7,0.0,0.0,56.7,14.03
pp_8,56.8,0.0,10.0,66.8,14.2
pp_8,60.8,0.0,0.0,60.8,14.91
pp_8,57.3,0.0,10.0,67.3,13.39
pp_8,69.6,0.0,0.0,69.6,12.48
pp_8,61.7,0.0,0.0,61.7,11.53
pp_8,56.9,0.0,10.0,66.9,8.5
pp_8,68.1,0.0,0.0,68.1,7.1
pp_8,61.8,0.0,0.0,61.8,6.29
pp_8,57.7,0.0,0.0,57.7,6.16
pp_8,56.6,0.0,10.0,66.6,3.72
pp_8,60.8,0.0,0.0,60.8,3.66
pp_8,56.8,0.0,10.0,66.8,3.3
pp_8,56.8,0.0,10.0,66.8,3.25
pp_8,58.8,0.0,0.0,58.8,2.59
pp_8,58.1,0.0,0.0,58.1,2.4
pp_8,56.9,0.0,10.0,66.9,0.41
pp_8,57.4,0.0,10.0,67.4,0.86
pp_8,57.1,0.0,10.0,67.1,2.2
pp_8,67.8,0.0,0.0,67.8,2.99
pp_8,59.5,0.0,0.0,59.5,4.13
pp_8,57.2,0.0,0.0,57.2,5.6
pp_8,57.3,0.0,10.0,67.3,6.07
pp_8,67.7,0.0,0.0,67.7,6.63
pp_8,56.9,0.0,10.0,66.9,6.17
pp_8,56.7,0.0,10.0,66.7,5.51
pp_8,58.7,0.0,0.0,58.7,5.3
pp_8,56.8,0.0,10.0,66.8,4.56
pp_8,57.7,0.0,10.0,67.7,4.42
pp_8,58.2,10.0,0.0,68.2,4.63
pp_8,58.0,0.0,10.0,68.0,4.45
pp_8,57.3,0.0,10.0,67.3,3.95
pp_8,57.1,10.0,0.0,67.1,4.46
pp_8,56.9,0.0,10.0,66.9,4.67
pp_8,56.8,0.0,10.0,66.8,4.68
pp_8,67.9,0.0,0.0,67.9,4.15
pp_8,57.9,0.0,0.0,57.9,3.78
pp_8,56.9,0.0,10.0,66.9,3.0
pp_8,67.3,0.0,0.0,67.3,2.86
pp_8,57.1,0.0,0.0,57.1,2.97
pp_8,56.7,0.0,10.0,66.7,2.29
pp_8,67.4,0.0,0.0,67.4,2.36
pp_8,57.4,0.0,10.0,67.4,1.85
pp_8,67.7,0.0,0.0,67.7,1.93
pp_8,59.4,0.0,0.0,59.4,2.21
pp_8,57.0,0.0,10.0,67.0,1.98
pp_8,57.9,10.0,0.0,67.9,1.97
pp_8,68.8,0.0,0.0,68.8,1.99
pp_8,58.5,0.0,10.0,68.5,1.47
pp_8,57.7,0.0,10.0,67.7,1.89
pp_8,67.4,0.0,0.0,67.4,1.49
pp_8,57.6,0.0,10.0,67.6,0.83
pp_8,56.9,0.0,10.0,66.9,0.65
pp_8,67.0,0.0,0.0,67.0,0.62
pp_8,58.0,0.0,10.0,68.0,0.49
pp_8,58.7,0.0,10.0,68.7,0.63
pp_8,68.1,0.0,0.0,68.1,0.54
pp_8,57.8,0.0,10.0,67.8,0.76
pp_8,57.5,0.0,10.0,67.5,0.88
pp_8,57.6,10.0,0.0,67.6,1.34
pp_8,57.6,0.0,0.0,57.6,1.39
pp_8,57.4,10.0,0.0,67.4,1.45
pp_8,60.1,0.0,0.0,60.1,1.52
pp_8,56.9,0.0,0.0,56.9,1.46
pp_8,56.7,0.0,10.0,66.7,1.43
pp_8,67.1,0.0,0.0,67.1,1.52
pp_8,57.1,0.0,0.0,57.1,1.2
pp_8,57.5,0.0,10.0,67.5,0.9
pp_8,68.7,0.0,0.0,68.7,0.84
pp_8,56.9,0.0,10.0,66.9,0.81
pp_8,56.7,10.0,0.0,66.7,0.81
pp_8,68.6,0.0,0.0,68.6,0.74
pp_8,57.9,0.0,10.0,67.9,0.72
pp_8,56.8,0.0,10.0,66.8,0.65
pp_8,67.8,0.0,0.0,67.8,0.75
pp_8,58.1,0.0,10.0,68.1,0.7
pp_8,57.5,0.0,0.0,57.5,0.74
pp_8,57.6,10.0,0.0,67.6,0.76
pp_8,58.1,0.0,10.0,68.1,0.84
pp_8,57.3,0.0,10.0,67.3,0.89
pp_8,67.3,0.0,0.0,67.3,1.01
pp_8,57.3,0.0,0.0,57.3,1.44
pp_8,56.9,0.0,10.0,66.9,1.81
pp_8,67.2,0.0,0.0,67.2,2.33
pp_8,57.1,0.0,0.0,57.1,2.98
pp_8,56.8,0.0,10.0,66.8,3.88
pp_8,66.8,0.0,0.0,66.8,6.84
pp_8,58.1,0.0,10.0,68.1,10.02
pp_8,56.7,0.0,10.0,66.7,12.57
pp_8,66.7,0.0,0.0,66.7,15.1
pp_8,57.9,0.0,10.0,67.9,14.71
pp_8,56.7,0.0,10.0,66.7,14.61
pp_8,67.9,0.0,0.0,67.9,14.34
pp_8,56.9,0.0,0.0,56.9,15.56
pp_8,56.7,0.0,10.0,66.7,11.83
pp_8,58.1,10.0,0.0,68.1,10.71
pp_8,61.1,0.0,0.0,61.1,10.73
pp_8,56.8,0.0,10.0,66.8,9.15
pp_8,67.3,0.0,0.0,67.3,9.44
pp_8,60.9,0.0,0.0,60.9,9.46
pp_8,56.7,0.0,10.0,66.7,11.05
pp_8,67.7,0.0,0.0,67.7,12.59
pp_8,60.7,0.0,0.0,60.7,15.12
pp_8,56.8,0.0,10.0,66.8,14.83
pp_8,57.7,10.0,0.0,67.7,14.61
pp_8,60.9,0.0,10.0,70.9,13.61
pp_8,56.6,0.0,10.0,66.6,14.29
pp_8,67.8,0.0,0.0,67.8,12.9
pp_8,60.8,0.0,0.0,60.8,14.27
pp_8,68.4,0.0,0.0,68.4,11.07
pp_8,61.4,0.0,0.0,61.4,12.62
pp_8,72.0,0.0,0.0,72.0,8.7
pp_8,61.6,0.0,0.0,61.6,11.25
pp_8,61.7,0.0,0.0,61.7,10.06
pp_8,61.7,0.0,10.0,71.7,6.12
pp_8,58.4,0.0,10.0,68.4,6.69
pp_8,68.2,0.0,0.0,68.2,6.03
pp_8,60.9,0.0,10.0,70.9,5.15
pp_8,58.0,10.0,0.0,68.0,5.45
pp_8,68.8,0.0,0.0,68.8,4.89
pp_8,61.0,0.0,0.0,61.0,7.33
pp_8,56.7,0.0,10.0,66.7,5.15
pp_8,56.9,0.0,10.0,66.9,4.36
pp_8,62.7,0.0,10.0,72.7,2.66
pp_8,56.8,0.0,10.0,66.8,4.72
pp_8,57.4,10.0,0.0,67.4,3.97
pp_8,61.1,0.0,10.0,71.1,3.09
pp_8,57.0,0.0,10.0,67.0,1.79
pp_8,68.0,0.0,0.0,68.0,1.32
pp_8,72.3,0.0,0.0,72.3,0.91
pp_8,61.2,0.0,0.0,61.2,2.05
pp_8,59.8,0.0,0.0,59.8,3.48
pp_8,62.0,0.0,10.0,72.0,1.62
pp_8,66.8,0.0,0.0,66.8,3.57
pp_8,60.1,0.0,0.0,60.1,3.93
pp_8,72.3,0.0,0.0,72.3,2.11
pp_8,61.2,0.0,0.0,61.2,2.96
pp_8,60.4,0.0,0.0,60.4,2.05
pp_8,61.3,0.0,0.0,61.3,1.85
pp_8,56.8,0.0,10.0,66.8,3.32
pp_8,68.0,0.0,0.0,68.0,4.38
pp_8,60.8,0.0,0.0,60.8,5.02
pp_8,57.6,0.0,10.0,67.6,5.65
pp_8,57.0,0.0,10.0,67.0,5.45
pp_8,62.5,0.0,10.0,72.5,5.5
pp_8,57.1,0.0,10.0,67.1,4.62
pp_8,67.7,0.0,0.0,67.7,4.41
pp_8,60.8,0.0,0.0,60.8,4.48
pp_8,56.8,0.0,10.0,66.8,4.44
pp_8,57.4,10.0,0.0,67.4,4.39
pp_8,62.7,0.0,10.0,72.7,4.69
pp_8,58.2,0.0,10.0,68.2,4.67
pp_8,68.6,0.0,0.0,68.6,4.74
pp_8,61.7,0.0,10.0,71.7,4.79
pp_8,57.9,0.0,10.0,67.9,4.73
pp_8,67.2,0.0,0.0,67.2,4.96
pp_8,62.1,0.0,10.0,72.1,5.2
pp_8,60.8,10.0,0.0,70.8,6.5
pp_8,68.7,0.0,0.0,68.7,6.79
pp_8,61.0,0.0,0.0,61.0,6.99
pp_8,57.0,0.0,10.0,67.0,5.76
pp_8,57.6,10.0,0.0,67.6,4.66
pp_8,62.0,0.0,0.0,62.0,3.8
pp_8,56.9,0.0,10.0,66.9,2.85
pp_8,57.3,0.0,10.0,67.3,2.69
pp_8,61.4,0.0,10.0,71.4,2.4
pp_8,68.6,0.0,0.0,68.6,2.42
pp_8,60.8,0.0,0.0,60.8,2.16
pp_8,60.9,0.0,0.0,60.9,2.1
pp_8,56.9,0.0,10.0,66.9,2.15
pp_8,68.0,0.0,0.0,68.0,2.29
pp_8,61.0,0.0,10.0,71.0,2.17
pp_8,57.1,0.0,10.0,67.1,2.28
pp_8,60.2,0.0,0.0,60.2,2.38
pp_8,61.0,0.0,0.0,61.0,2.68
pp_8,56.9,0.0,10.0,66.9,2.75
pp_8,56.9,0.0,10.0,66.9,2.93
pp_8,61.0,0.0,10.0,71.0,2.52
pp_8,56.7,0.0,10.0,66.7,2.58
pp_8,67.1,0.0,0.0,67.1,2.18
pp_8,61.3,0.0,10.0,71.3,1.58
pp_8,58.7,0.0,10.0,68.7,1.35
pp_8,67.8,0.0,0.0,67.8,1.1
pp_8,60.8,0.0,0.0,60.8,0.76
pp_8,56.7,0.0,10.0,66.7,0.64
pp_8,67.1,0.0,0.0,67.1,1.0
pp_8,62.8,0.0,10.0,72.8,1.17
pp_8,57.2,10.0,0.0,67.2,1.29
pp_8,59.7,0.0,0.0,59.7,1.33
pp_8,60.8,0.0,10.0,70.8,1.49
pp_8,57.4,0.0,10.0,67.4,2.04
pp_8,59.7,0.0,0.0,59.7,2.66
pp_8,62.5,0.0,10.0,72.5,2.88
pp_8,56.8,0.0,10.0,66.8,3.66
pp_8,56.7,10.0,0.0,66.7,4.05
pp_8,61.3,0.0,10.0,71.3,3.78
pp_8,57.0,0.0,10.0,67.0,5.59
pp_8,68.4,0.0,0.0,68.4,6.91
pp_8,62.1,0.0,10.0,72.1,7.17
pp_8,56.8,0.0,10.0,66.8,9.87
pp_8,67.0,0.0,0.0,67.0,10.14
pp_8,61.3,10.0,0.0,71.3,9.06
pp_8,61.6,0.0,0.0,61.6,10.5
pp_8,59.9,0.0,0.0,59.9,10.71
pp_8,72.1,0.0,0.0,72.1,8.43
pp_8,60.9,10.0,0.0,70.9,8.75
pp_8,59.9,0.0,0.0,59.9,6.98
pp_8,61.7,0.0,10.0,71.7,3.76
pp_8,57.1,0.0,10.0,67.1,2.86
pp_8,67.9,0.0,0.0,67.9,2.34
pp_8,61.2,0.0,0.0,61.2,2.83
pp_8,57.1,0.0,10.0,67.1,4.18
pp_8,67.6,0.0,0.0,67.6,4.7
pp_8,61.6,0.0,0.0,61.6,5.14
pp_8,56.8,0.0,10.0,66.8,6.01
pp_8,67.0,0.0,0.0,67.0,6.5
pp_8,61.6,0.0,10.0,71.6,6.8
pp_8,68.4,0.0,0.0,68.4,7.0
pp_8,60.4,0.0,0.0,60.4,7.74
pp_8,61.3,0.0,10.0,71.3,7.56
pp_8,56.9,0.0,10.0,66.9,8.83
pp_8,67.1,0.0,0.0,67.1,9.23
pp_8,62.3,0.0,10.0,72.3,8.46
pp_8,59.0,0.0,10.0,69.0,9.56
pp_8,68.9,0.0,0.0,68.9,9.57
pp_8,61.0,0.0,0.0,61.0,9.39
pp_8,56.8,0.0,10.0,66.8,8.61
pp_8,68.7,0.0,0.0,68.7,8.21
pp_8,61.8,0.0,10.0,71.8,4.88
pp_8,57.2,10.0,0.0,67.2,3.85
pp_8,59.7,0.0,0.0,59.7,1.97
pp_8,62.8,10.0,0.0,72.8,4.19
pp_8,71.3,0.0,0.0,71.3,6.31
pp_8,59.9,0.0,0.0,59.9,7.1
pp_8,62.4,0.0,10.0,72.4,6.7
pp_8,69.7,0.0,0.0,69.7,6.41
pp_8,59.9,0.0,0.0,59.9,6.38
pp_8,61.3,0.0,0.0,61.3,6.39
pp_8,57.7,0.0,10.0,67.7,5.64
pp_8,66.9,0.0,0.0,66.9,5.04
pp_8,62.0,0.0,10.0,72.0,3.86
pp_8,68.5,0.0,0.0,68.5,3.62
pp_8,65.1,0.0,0.0,65.1,2.79
pp_8,64.6,10.0,0.0,74.6,1.54
pp_8,60.6,10.0,0.0,70.6,0.81
pp_8,68.7,0.0,0.0,68.7,0.39
pp_8,61.4,0.0,10.0,71.4,1.36
pp_8,57.8,10.0,0.0,67.8,2.11
pp_8,59.5,0.0,0.0,59.5,2.99
pp_8,62.9,0.0,10.0,72.9,3.83
pp_8,58.6,10.0,0.0,68.6,5.25
pp_8,68.5,0.0,0.0,68.5,7.27
pp_8,62.0,0.0,10.0,72.0,10.18
pp_8,56.9,0.0,10.0,66.9,15.47
pp_8,69.1,0.0,0.0,69.1,15.74
pp_8,61.7,0.0,10.0,71.7,16.47
pp_8,57.2,0.0,10.0,67.2,16.91
pp_8,68.0,0.0,0.0,68.0,15.1
pp_8,61.1,0.0,0.0,61.1,16.09
pp_8,57.2,0.0,10.0,67.2,12.46
pp_8,67.1,0.0,0.0,67.1,11.19
pp_8,61.4,0.0,0.0,61.4,12.36
pp_8,58.5,0.0,10.0,68.5,9.42
pp_8,67.5,0.0,0.0,67.5,9.25
pp_8,61.0,0.0,0.0,61.0,7.95
pp_8,58.6,10.0,0.0,68.6,1.04
pp_8,60.1,0.0,0.0,60.1,2.37
pp_8,61.2,0.0,0.0,61.2,3.49
pp_8,56.8,0.0,10.0,66.8,4.05
pp_8,59.1,10.0,0.0,69.1,5.37
pp_8,61.9,0.0,10.0,71.9,6.53
pp_8,57.0,0.0,10.0,67.0,6.37
pp_8,57.2,10.0,0.0,67.2,6.43
pp_8,61.6,0.0,0.0,61.6,6.07
pp_8,67.0,0.0,0.0,67.0,5.27
pp_8,60.0,0.0,0.0,60.0,5.17
pp_8,62.7,0.0,10.0,72.7,5.2
pp_8,70.1,0.0,0.0,70.1,5.74
pp_8,59.6,0.0,0.0,59.6,5.9
pp_8,61.3,0.0,10.0,71.3,5.88
pp_8,57.1,0.0,10.0,67.1,6.48
pp_8,68.5,0.0,0.0,68.5,7.35
pp_8,61.1,0.0,10.0,71.1,7.84
pp_8,67.7,0.0,0.0,67.7,10.98
pp_8,69.2,0.0,0.0,69.2,13.07
pp_8,62.5,0.0,10.0,72.5,11.7
pp_8,59.4,0.0,10.0,69.4,11.89
pp_8,68.4,0.0,0.0,68.4,10.35
pp_8,61.2,0.0,10.0,71.2,6.19
pp_8,68.3,0.0,0.0,68.3,5.14
pp_8,59.9,0.0,0.0,59.9,4.05
pp_8,61.3,0.0,0.0,61.3,2.78
pp_8,57.0,0.0,10.0,67.0,1.31
pp_8,56.9,10.0,0.0,66.9,1.49
pp_8,62.5,0.0,10.0,72.5,2.33
pp_8,68.6,0.0,0.0,68.6,2.44
pp_8,60.0,0.0,0.0,60.0,2.54
pp_8,61.5,0.0,0.0,61.5,2.32
pp_8,56.9,0.0,10.0,66.9,2.54
pp_8,67.0,0.0,0.0,67.0,2.64
pp_8,61.9,0.0,10.0,71.9,2.77
pp_8,57.1,0.0,10.0,67.1,2.47
pp_8,57.4,10.0,0.0,67.4,2.38
pp_8,61.3,0.0,0.0,61.3,2.17
pp_8,56.8,0.0,10.0,66.8,1.58
pp_8,57.8,0.0,10.0,67.8,1.26
pp_8,62.0,0.0,10.0,72.0,1.01
pp_8,67.7,0.0,0.0,67.7,0.75
pp_8,60.8,0.0,0.0,60.8,0.98
pp_8,61.8,0.0,10.0,71.8,1.12
pp_8,61.9,0.0,0.0,61.9,1.1
pp_8,59.8,0.0,0.0,59.8,1.07
pp_8,61.1,0.0,0.0,61.1,1.03
pp_8,58.2,0.0,10.0,68.2,0.48
pp_8,67.8,0.0,0.0,67.8,0.17
pp_8,61.4,0.0,0.0,61.4,0.24
pp_8,57.0,0.0,10.0,67.0,0.15
pp_8,57.0,10.0,0.0,67.0,0.31
pp_8,61.9,0.0,0.0,61.9,0.41
pp_8,57.2,0.0,10.0,67.2,0.46
pp_8,67.7,0.0,0.0,67.7,0.7
pp_8,72.2,0.0,0.0,72.2,0.79
pp_8,61.9,0.0,0.0,61.9,0.77
pp_8,59.7,0.0,0.0,59.7,0.77
pp_8,61.2,0.0,0.0,61.2,0.9
pp_8,57.0,10.0,0.0,67.0,1.02
pp_8,68.4,0.0,0.0,68.4,1.19
pp_8,61.8,0.0,0.0,61.8,1.32
pp_8,57.9,0.0,10.0,67.9,1.23
pp_8,68.8,0.0,0.0,68.8,1.09
pp_8,61.2,0.0,0.0,61.2,0.98
pp_8,57.3,0.0,10.0,67.3,0.77
pp_8,67.3,0.0,0.0,67.3,0.59
pp_8,61.9,0.0,0.0,61.9,0.53
pp_8,57.3,0.0,10.0,67.3,0.45
pp_8,59.8,0.0,0.0,59.8,0.41
pp_8,61.1,0.0,0.0,61.1,0.41
pp_8,57.1,0.0,10.0,67.1,0.43
pp_8,57.3,10.0,0.0,67.3,1.07
pp_8,61.3,0.0,0.0,61.3,2.92
pp_8,57.2,10.0,0.0,67.2,6.8
pp_8,69.0,0.0,0.0,69.0,11.55
pp_8,62.1,10.0,0.0,72.1,15.14
pp_8,60.4,0.0,10.0,70.4,17.33
pp_8,68.0,0.0,0.0,68.0,17.82
pp_8,62.4,0.0,10.0,72.4,15.54
pp_8,70.8,0.0,0.0,70.8,14.01
pp_8,59.9,0.0,0.0,59.9,11.96
pp_8,62.1,0.0,0.0,62.1,11.33
pp_8,56.9,0.0,10.0,66.9,10.98
pp_8,67.5,0.0,0.0,67.5,11.18
pp_8,62.6,0.0,10.0,72.6,10.99
pp_8,58.6,0.0,10.0,68.6,12.06
pp_8,68.0,0.0,0.0,68.0,11.36
pp_8,61.3,0.0,10.0,71.3,10.55
pp_8,57.0,0.0,10.0,67.0,10.25
pp_8,68.8,0.0,0.0,68.8,9.12
pp_8,61.9,0.0,0.0,61.9,11.14
pp_8,57.0,0.0,10.0,67.0,9.45
pp_8,69.1,0.0,0.0,69.1,8.56
pp_8,61.2,0.0,0.0,61.2,11.02
pp_8,57.0,0.0,10.0,67.0,8.93
pp_8,58.6,10.0,0.0,68.6,7.99
pp_8,61.3,0.0,10.0,71.3,7.72
pp_8,56.9,0.0,10.0,66.9,8.58
pp_8,67.3,0.0,0.0,67.3,8.03
pp_8,60.9,0.0,0.0,60.9,9.77
pp_8,58.3,0.0,10.0,68.3,8.0
pp_8,58.0,10.0,0.0,68.0,8.26
pp_8,62.7,0.0,10.0,72.7,7.73
pp_8,57.6,10.0,0.0,67.6,9.11
pp_8,68.9,0.0,0.0,68.9,8.69
pp_8,61.3,0.0,10.0,71.3,8.37
pp_8,57.1,0.0,10.0,67.1,9.05
pp_8,68.2,0.0,0.0,68.2,8.1
pp_8,62.1,0.0,10.0,72.1,7.15
pp_8,56.9,0.0,10.0,66.9,8.08
pp_8,69.0,0.0,0.0,69.0,5.05
pp_8,61.1,0.0,0.0,61.1,4.7
pp_8,57.3,0.0,10.0,67.3,7.59
pp_8,59.7,0.0,0.0,59.7,8.61
pp_8,61.9,0.0,0.0,61.9,9.1
pp_8,57.0,0.0,10.0,67.0,9.24
pp_8,68.1,0.0,0.0,68.1,9.12
pp_8,61.4,0.0,0.0,61.4,8.84
pp_8,66.9,0.0,0.0,66.9,8.24
pp_8,59.5,0.0,0.0,59.5,7.86
pp_8,61.3,0.0,10.0,71.3,7.14
pp_8,56.8,0.0,10.0,66.8,6.63
pp_8,68.3,0.0,0.0,68.3,5.98
pp_8,62.1,0.0,10.0,72.1,5.13
pp_8,68.6,0.0,0.0,68.6,4.99
pp_8,61.7,0.0,0.0,61.7,4.87
pp_8,60.9,0.0,0.0,60.9,4.45
pp_8,56.6,0.0,10.0,66.6,3.5
pp_8,69.0,0.0,0.0,69.0,2.99
pp_8,61.0,0.0,0.0,61.0,2.74
pp_8,65.6,0.0,10.0,75.6,3.1
pp_8,85.2,0.0,0.0,85.2,3.14
pp_8,111.5,0.0,10.0,121.5,2.19
pp_8,123.5,0.0,10.0,133.5,3.16
pp_8,95.0,0.0,0.0,95.0,9.46
pp_8,117.8,0.0,0.0,117.8,6.75
pp_8,113.5,0.0,10.0,123.5,7.65
pp_8,113.6,0.0,10.0,123.6,9.26
pp_8,66.9,0.0,10.0,76.9,16.15
pp_reset,74.6,0.0,0.0,74.6,14.87
pp_reset,68.3,0.0,0.0,68.3,10.13
pp_reset,58.0,0.0,0.0,58.0,6.38
pp_reset,55.7,0.0,10.0,65.7,4.73
pp_reset,58.6,0.0,10.0,68.6,6.04
pp_reset,58.2,10.0,0.0,68.2,6.39
pp_reset,61.9,0.0,10.0,71.9,5.9
pp_reset,56.9,0.0,10.0,66.9,5.9
pp_reset,67.6,0.0,0.0,67.6,5.22
pp_reset,61.5,0.0,10.0,71.5,4.05
pp_reset,57.1,0.0,10.0,67.1,4.77
pp_reset,67.8,0.0,0.0,67.8,5.17
pp_reset,61.2,0.0,10.0,71.2,4.57
pp_reset,57.4,0.0,10.0,67.4,5.63
pp_reset,67.0,0.0,0.0,67.0,7.44
pp_reset,61.7,0.0,0.0,61.7,13.0
pp_reset,56.8,0.0,10.0,66.8,2.33
pp_reset,68.1,0.0,0.0,68.1,5.38
pp_reset,61.9,0.0,0.0,61.9,3.93
pp_reset,58.5,0.0,10.0,68.5,3.97
pp_reset,68.8,0.0,0.0,68.8,4.17
pp_reset,61.3,0.0,0.0,61.3,4.03
pp_reset,68.0,0.0,0.0,68.0,3.79
pp_reset,59.6,0.0,0.0,59.6,3.92
pp_reset,62.2,0.0,10.0,72.2,4.36
pp_reset,56.8,0.0,10.0,66.8,5.05
pp_reset,57.2,0.0,10.0,67.2,5.77
pp_reset,61.9,0.0,0.0,61.9,5.53
pp_reset,56.8,0.0,10.0,66.8,3.33
pp_reset,67.9,0.0,0.0,67.9,2.9
pp_reset,61.2,0.0,10.0,71.2,0.63
pp_reset,69.0,0.0,0.0,69.0,1.87
pp_reset,59.3,0.0,0.0,59.3,4.15
pp_reset,61.9,0.0,10.0,71.9,6.8
pp_reset,67.1,0.0,0.0,67.1,8.13
pp_reset,59.7,0.0,0.0,59.7,9.83
pp_reset,61.1,0.0,0.0,61.1,11.59
pp_reset,57.9,0.0,10.0,67.9,10.29
pp_reset,66.8,0.0,0.0,66.8,10.11
pp_reset,62.2,0.0,10.0,72.2,7.7
pp_reset,68.8,0.0,0.0,68.8,8.64
pp_reset,62.5,0.0,0.0,62.5,7.73
pp_reset,62.5,0.0,10.0,72.5,4.38
pp_reset,58.4,10.0,0.0,68.4,2.13
pp_reset,68.6,0.0,0.0,68.6,5.46
pp_reset,61.8,0.0,10.0,71.8,4.44
pp_reset,68.9,0.0,0.0,68.9,2.05
pp_reset,60.5,0.0,0.0,60.5,1.05
pp_reset,61.0,0.0,0.0,61.0,4.7
pp_reset,57.0,0.0,10.0,67.0,8.13
pp_reset,67.3,0.0,0.0,67.3,10.55
pp_reset,61.9,0.0,10.0,71.9,8.54
pp_reset,57.3,0.0,10.0,67.3,7.12
pp_reset,67.2,0.0,0.0,67.2,5.53
pp_reset,61.1,0.0,10.0,71.1,2.62
pp_reset,57.1,0.0,10.0,67.1,1.35
pp_reset,66.9,0.0,0.0,66.9,0.58
pp_reset,62.1,0.0,10.0,72.1,1.68
pp_reset,68.6,0.0,0.0,68.6,1.81
pp_reset,60.0,0.0,0.0,60.0,1.7
pp_9,62.5,0.0,0.0,62.5,1.44
pp_9,68.0,0.0,0.0,68.0,0.06
pp_9,59.6,0.0,0.0,59.6,0.07
pp_9,61.5,0.0,0.0,61.5,6.57
pp_9,56.8,0.0,10.0,66.8,5.98
pp_9,56.9,0.0,10.0,66.9,5.36
pp_9,62.6,0.0,0.0,62.6,4.78
pp_9,61.2,0.0,0.0,61.2,3.79
pp_9,59.5,0.0,0.0,59.5,3.15
pp_9,61.7,0.0,0.0,61.7,2.77
pp_9,49.6,0.0,10.0,59.6,2.44
pp_9,68.1,0.0,0.0,68.1,2.05
pp_9,61.1,0.0,0.0,61.1,1.61
pp_9,57.7,0.0,10.0,67.7,1.18
pp_9,58.0,10.0,0.0,68.0,0.98
pp_9,62.5,0.0,0.0,62.5,0.87
pp_9,58.2,0.0,10.0,68.2,0.84
pp_9,57.6,10.0,0.0,67.6,1.18
pp_9,63.7,0.0,0.0,63.7,2.01
pp_9,60.1,0.0,0.0,60.1,3.25
pp_9,60.3,0.0,0.0,60.3,4.03
pp_9,62.5,0.0,0.0,62.5,5.18
pp_9,56.8,0.0,10.0,66.8,5.82
pp_9,57.5,10.0,0.0,67.5,6.74
pp_9,62.5,0.0,0.0,62.5,8.7
pp_9,56.8,0.0,10.0,66.8,10.28
pp_9,57.7,10.0,0.0,67.7,10.21
pp_9,61.2,0.0,0.0,61.2,9.82
pp_9,57.1,0.0,10.0,67.1,9.85
pp_9,68.6,0.0,0.0,68.6,10.8
pp_9,61.1,0.0,0.0,61.1,12.67
pp_9,58.9,0.0,10.0,68.9,12.44
pp_9,68.4,0.0,0.0,68.4,11.38
pp_9,61.1,0.0,0.0,61.1,10.72
pp_9,58.8,0.0,10.0,68.8,10.66
pp_9,67.6,0.0,0.0,67.6,9.29
pp_9,61.1,0.0,0.0,61.1,8.14
pp_9,58.9,10.0,0.0,68.9,9.87
pp_9,60.0,0.0,0.0,60.0,10.51
pp_9,61.2,0.0,0.0,61.2,10.72
pp_9,57.9,0.0,10.0,67.9,9.9
pp_9,56.9,10.0,0.0,66.9,9.08
pp_9,61.2,0.0,0.0,61.2,8.29
pp_9,56.9,0.0,10.0,66.9,7.76
pp_9,67.8,0.0,0.0,67.8,8.5
pp_9,61.7,0.0,0.0,61.7,10.16
pp_9,56.8,0.0,10.0,66.8,11.18
pp_9,57.2,10.0,0.0,67.2,11.47
pp_9,61.8,0.0,0.0,61.8,10.76
pp_9,57.1,0.0,10.0,67.1,8.88
pp_9,56.8,0.0,10.0,66.8,8.44
pp_9,61.6,0.0,0.0,61.6,7.59
pp_9,58.2,0.0,10.0,68.2,5.87
pp_9,68.6,0.0,0.0,68.6,5.9
pp_9,61.2,0.0,0.0,61.2,7.08
pp_9,57.1,0.0,10.0,67.1,6.31
pp_9,57.3,10.0,0.0,67.3,5.99
pp_9,61.3,0.0,0.0,61.3,5.45
pp_9,56.9,0.0,10.0,66.9,4.03
pp_9,66.8,0.0,0.0,66.8,3.42
pp_9,60.9,0.0,0.0,60.9,3.06
pp_9,57.0,0.0,10.0,67.0,2.65
pp_9,68.6,0.0,0.0,68.6,2.45
pp_9,62.0,0.0,0.0,62.0,10.93
pp_9,57.8,0.0,10.0,67.8,15.65
pp_9,59.6,0.0,0.0,59.6,19.32
pp_9,61.0,0.0,0.0,61.0,19.07
pp_9,57.6,0.0,10.0,67.6,16.72
pp_9,57.0,0.0,10.0,67.0,16.0
pp_9,61.1,0.0,0.0,61.1,16.63
pp_9,56.7,0.0,10.0,66.7,13.86
pp_9,67.8,0.0,0.0,67.8,12.16
pp_9,61.3,0.0,0.0,61.3,13.26
pp_9,57.1,0.0,10.0,67.1,10.45
pp_9,68.4,0.0,0.0,68.4,8.53
pp_9,61.2,0.0,0.0,61.2,5.38
pp_9,57.5,0.0,10.0,67.5,16.51
pp_9,68.4,0.0,0.0,68.4,21.94
pp_9,61.2,0.0,0.0,61.2,24.28
pp_9,57.9,0.0,10.0,67.9,20.6
pp_9,56.8,0.0,10.0,66.8,20.22
pp_9,61.8,0.0,0.0,61.8,19.9
pp_9,60.4,0.0,0.0,60.4,13.65
pp_9,60.9,0.0,0.0,60.9,15.55
pp_9,63.5,0.0,0.0,63.5,8.07
pp_9,68.9,0.0,0.0,68.9,6.0
pp_9,59.7,0.0,0.0,59.7,6.02
pp_9,61.1,0.0,0.0,61.1,6.03
pp_9,57.3,0.0,10.0,67.3,6.04
pp_9,69.1,0.0,0.0,69.1,6.05
pp_9,62.2,0.0,0.0,62.2,6.06
pp_9,50.0,0.0,10.0,60.0,6.07
pp_9,57.0,0.0,10.0,67.0,6.08
pp_9,61.1,0.0,0.0,61.1,6.09
pp_9,68.7,0.0,0.0,68.7,6.1
pp_9,69.1,0.0,0.0,69.1,6.1
pp_9,61.0,0.0,0.0,61.0,6.11
pp_9,57.1,0.0,10.0,67.1,6.11
pp_9,68.0,0.0,0.0,68.0,6.12
pp_9,62.2,0.0,0.0,62.2,6.12
pp_9,57.1,0.0,10.0,67.1,6.12
pp_9,60.0,0.0,0.0,60.0,6.13
pp_9,61.1,0.0,0.0,61.1,6.13
pp_9,57.0,0.0,10.0,67.0,6.13
pp_9,67.2,0.0,0.0,67.2,6.13
pp_9,61.2,0.0,0.0,61.2,6.13
pp_9,67.3,0.0,0.0,67.3,6.14
pp_9,61.8,0.0,0.0,61.8,6.14
pp_9,61.6,0.0,0.0,61.6,6.14
pp_9,57.7,0.0,10.0,67.7,6.14
pp_9,67.0,0.0,0.0,67.0,6.14
pp_9,61.4,0.0,0.0,61.4,6.14
pp_9,57.1,0.0,10.0,67.1,6.14
pp_9,67.0,0.0,0.0,67.0,6.14
pp_9,61.1,0.0,0.0,61.1,0.0
pp_9,57.0,0.0,10.0,67.0,10.2
pp_9,59.0,10.0,0.0,69.0,13.49
pp_9,62.8,0.0,0.0,62.8,17.98
pp_9,57.3,0.0,10.0,67.3,18.1
pp_9,57.3,10.0,0.0,67.3,16.8
pp_9,61.2,0.0,0.0,61.2,14.43
pp_9,58.2,0.0,10.0,68.2,5.1
pp_9,57.3,0.0,10.0,67.3,5.18
pp_9,61.3,0.0,0.0,61.3,7.58
pp_9,56.9,0.0,10.0,66.9,10.04
pp_9,67.0,0.0,0.0,67.0,11.57
pp_9,62.2,0.0,0.0,62.2,12.39
pp_9,68.1,0.0,0.0,68.1,10.91
pp_9,69.5,0.0,0.0,69.5,10.39
pp_9,61.2,0.0,0.0,61.2,9.59
pp_9,56.8,0.0,10.0,66.8,7.07
pp_9,59.0,10.0,0.0,69.0,5.75
pp_9,61.6,0.0,0.0,61.6,4.71
pp_9,57.0,0.0,10.0,67.0,3.09
pp_9,57.0,0.0,10.0,67.0,2.49
pp_9,62.2,0.0,0.0,62.2,2.24
pp_9,49.5,0.0,10.0,59.5,2.13
pp_9,57.0,10.0,0.0,67.0,2.27
pp_9,61.6,0.0,0.0,61.6,2.42
pp_9,58.2,0.0,10.0,68.2,2.21
pp_9,68.8,0.0,0.0,68.8,2.15
pp_9,61.2,0.0,0.0,61.2,2.19
pp_9,59.6,0.0,10.0,69.6,1.92
pp_9,68.9,0.0,0.0,68.9,1.86
pp_9,62.1,0.0,0.0,62.1,2.09
pp_9,58.1,0.0,10.0,68.1,2.59
pp_9,56.9,0.0,10.0,66.9,3.04
pp_9,61.1,0.0,0.0,61.1,3.52
pp_9,57.2,0.0,10.0,67.2,4.05
pp_9,58.1,10.0,0.0,68.1,4.2
pp_9,62.0,0.0,0.0,62.0,4.18
pp_9,57.8,0.0,10.0,67.8,4.03
pp_9,56.9,10.0,0.0,66.9,3.72
pp_9,62.2,0.0,0.0,62.2,3.25
pp_9,67.5,0.0,0.0,67.5,2.62
pp_9,61.6,0.0,0.0,61.6,2.06
pp_9,61.1,0.0,0.0,61.1,1.54
pp_9,57.1,0.0,10.0,67.1,1.13
pp_9,68.9,0.0,0.0,68.9,0.9
pp_9,61.1,0.0,0.0,61.1,1.03
pp_9,58.0,0.0,10.0,68.0,1.55
pp_9,67.1,0.0,0.0,67.1,1.97
pp_9,62.3,0.0,0.0,62.3,2.43
pp_9,57.0,10.0,0.0,67.0,2.62
pp_9,69.0,0.0,0.0,69.0,3.14
pp_9,61.3,0.0,0.0,61.3,3.7
pp_9,56.9,0.0,10.0,66.9,3.67
pp_9,68.9,0.0,0.0,68.9,4.48
pp_9,61.1,0.0,0.0,61.1,5.37
pp_9,56.8,0.0,10.0,66.8,5.52
pp_9,67.2,0.0,0.0,67.2,5.17
pp_9,61.3,0.0,0.0,61.3,4.91
pp_9,59.3,0.0,10.0,69.3,4.1
pp_9,57.9,10.0,0.0,67.9,3.75
pp_9,61.0,0.0,0.0,61.0,3.97
pp_9,56.9,0.0,10.0,66.9,3.23
pp_9,68.1,0.0,0.0,68.1,3.08
pp_9,61.3,0.0,0.0,61.3,2.92
pp_9,68.3,0.0,0.0,68.3,2.13
pp_9,61.4,0.0,0.0,61.4,2.17
pp_9,64.7,0.0,0.0,64.7,2.04
pp_9,69.4,0.0,0.0,69.4,1.95
pp_9,60.0,0.0,0.0,60.0,1.86
pp_9,61.9,0.0,0.0,61.9,1.67
pp_9,58.0,0.0,10.0,68.0,1.64
pp_9,60.2,0.0,0.0,60.2,1.65
pp_9,61.1,0.0,0.0,61.1,1.87
pp_9,57.1,0.0,10.0,67.1,2.05
pp_9,68.2,0.0,0.0,68.2,2.28
pp_9,62.3,0.0,0.0,62.3,2.45
pp_9,58.7,0.0,10.0,68.7,2.13
pp_9,66.9,0.0,0.0,66.9,3.24
pp_9,61.1,0.0,0.0,61.1,4.48
pp_9,56.8,0.0,10.0,66.8,3.99
pp_9,56.8,10.0,0.0,66.8,4.31
pp_9,61.3,0.0,0.0,61.3,3.45
pp_9,56.7,0.0,10.0,66.7,3.2
pp_9,67.1,0.0,0.0,67.1,3.92
pp_9,61.4,0.0,0.0,61.4,4.78
pp_9,57.1,0.0,10.0,67.1,4.44
pp_9,67.6,0.0,0.0,67.6,3.6
pp_9,61.3,0.0,0.0,61.3,2.51
pp_9,58.1,0.0,10.0,68.1,1.53
pp_9,67.0,0.0,0.0,67.0,1.88
pp_9,61.7,0.0,0.0,61.7,2.52
pp_9,56.7,0.0,10.0,66.7,3.22
pp_9,66.8,0.0,0.0,66.8,3.48
pp_9,61.4,0.0,0.0,61.4,3.76
pp_9,58.5,0.0,10.0,68.5,3.75
pp_9,56.9,0.0,10.0,66.9,3.98
pp_9,62.7,0.0,10.0,72.7,4.1
pp_9,61.7,0.0,0.0,61.7,4.9
pp_9,61.1,0.0,0.0,61.1,5.31
pp_9,62.5,0.0,0.0,62.5,5.35
pp_9,57.9,0.0,10.0,67.9,4.46
pp_9,59.2,10.0,0.0,69.2,3.81
pp_9,62.2,0.0,0.0,62.2,3.0
pp_9,56.8,0.0,10.0,66.8,2.1
pp_9,66.8,0.0,0.0,66.8,1.53
pp_9,61.0,0.0,0.0,61.0,1.11
pp_9,57.9,0.0,10.0,67.9,0.44
pp_9,56.9,0.0,10.0,66.9,0.72
pp_9,62.0,0.0,0.0,62.0,0.65
pp_9,57.0,0.0,10.0,67.0,0.81
pp_9,59.1,10.0,0.0,69.1,0.98
pp_9,61.7,0.0,0.0,61.7,1.02
pp_9,59.0,10.0,0.0,69.0,1.05
pp_9,60.8,0.0,0.0,60.8,0.96
pp_9,61.7,0.0,0.0,61.7,0.88
pp_9,57.3,0.0,10.0,67.3,0.89
pp_9,66.9,0.0,0.0,66.9,1.0
pp_9,62.9,0.0,0.0,62.9,1.0
pp_9,61.4,0.0,0.0,61.4,0.92
pp_9,49.7,10.0,0.0,59.7,1.09
pp_9,61.5,0.0,0.0,61.5,0.86
pp_9,58.0,0.0,10.0,68.0,0.8
pp_9,57.8,10.0,0.0,67.8,0.69
pp_9,62.7,0.0,0.0,62.7,0.58
pp_9,50.8,10.0,0.0,60.8,0.47
pp_9,59.7,0.0,0.0,59.7,0.39
pp_9,61.8,0.0,0.0,61.8,0.33
pp_9,57.7,0.0,10.0,67.7,0.19
pp_9,66.8,0.0,0.0,66.8,0.24
pp_9,61.6,0.0,0.0,61.6,0.28
pp_9,56.8,0.0,10.0,66.8,0.46
pp_9,67.3,0.0,0.0,67.3,0.39
pp_9,62.1,0.0,0.0,62.1,0.33
pp_9,56.9,0.0,10.0,66.9,0.55
pp_9,57.3,10.0,0.0,67.3,0.68
pp_9,61.3,0.0,0.0,61.3,0.9
pp_9,56.9,0.0,10.0,66.9,1.13
pp_9,69.4,0.0,0.0,69.4,1.28
pp_9,61.7,0.0,0.0,61.7,1.59
pp_9,57.0,0.0,10.0,67.0,1.68
pp_9,58.8,10.0,0.0,68.8,1.82
pp_9,61.3,0.0,0.0,61.3,2.31
pp_9,59.8,0.0,10.0,69.8,2.96
pp_9,57.1,10.0,0.0,67.1,3.28
pp_9,61.2,0.0,0.0,61.2,3.41
pp_9,58.1,0.0,10.0,68.1,3.7
pp_9,67.8,0.0,0.0,67.8,4.68
pp_9,62.7,0.0,0.0,62.7,4.74
pp_9,59.5,0.0,10.0,69.5,4.62
pp_9,58.5,10.0,0.0,68.5,3.88
pp_9,61.1,0.0,0.0,61.1,3.25
pp_9,56.8,0.0,10.0,66.8,2.74
pp_9,57.1,0.0,10.0,67.1,2.62
pp_9,61.8,0.0,0.0,61.8,1.62
pp_9,57.9,0.0,10.0,67.9,1.44
pp_9,67.2,0.0,0.0,67.2,1.54
pp_9,61.5,0.0,0.0,61.5,1.19
pp_9,57.1,0.0,10.0,67.1,1.0
pp_9,57.5,10.0,0.0,67.5,1.0
pp_9,61.6,0.0,0.0,61.6,1.15
pp_9,52.0,10.0,0.0,62.0,1.1
pp_9,58.9,10.0,0.0,68.9,1.43
pp_9,61.1,0.0,0.0,61.1,1.47
pp_9,58.5,0.0,10.0,68.5,1.4
pp_9,66.8,0.0,0.0,66.8,1.27
pp_9,61.6,0.0,0.0,61.6,1.16
pp_9,58.6,0.0,10.0,68.6,1.16
pp_9,67.2,0.0,0.0,67.2,1.21
pp_9,61.4,0.0,0.0,61.4,1.36
pp_9,57.3,0.0,10.0,67.3,0.89
pp_9,67.9,0.0,0.0,67.9,0.76
pp_9,61.1,0.0,0.0,61.1,0.71
pp_9,57.7,0.0,10.0,67.7,0.69
pp_9,68.5,0.0,0.0,68.5,0.87
pp_9,62.7,0.0,0.0,62.7,0.65
pp_9,50.2,0.0,10.0,60.2,0.62
pp_9,68.4,0.0,0.0,68.4,0.81
pp_9,61.5,0.0,0.0,61.5,0.78
pp_9,50.0,0.0,10.0,60.0,0.69
pp_9,68.8,0.0,0.0,68.8,0.65
pp_9,61.0,0.0,0.0,61.0,0.65
pp_9,57.1,0.0,10.0,67.1,0.58
pp_9,67.0,0.0,0.0,67.0,0.71
pp_9,61.8,0.0,0.0,61.8,0.64
pp_9,56.9,0.0,10.0,66.9,0.91
pp_9,66.9,0.0,0.0,66.9,1.75
pp_9,61.2,0.0,0.0,61.2,3.47
pp_9,56.9,0.0,10.0,66.9,5.94
pp_9,56.8,10.0,0.0,66.8,8.6
pp_9,61.1,0.0,0.0,61.1,11.55
pp_9,57.5,0.0,10.0,67.5,13.26
pp_9,66.8,0.0,0.0,66.8,13.52
pp_9,61.2,0.0,0.0,61.2,13.38
pp_9,57.4,0.0,10.0,67.4,11.22
pp_9,69.1,0.0,0.0,69.1,9.89
pp_9,61.3,0.0,0.0,61.3,8.58
pp_9,56.9,0.0,10.0,66.9,5.45
pp_9,67.5,0.0,0.0,67.5,3.19
pp_9,61.3,0.0,0.0,61.3,1.78
pp_9,57.4,0.0,10.0,67.4,1.66
pp_9,67.4,0.0,0.0,67.4,2.11
pp_9,61.5,0.0,0.0,61.5,2.3
pp_9,56.9,0.0,10.0,66.9,3.01
pp_9,68.8,0.0,0.0,68.8,3.41
pp_9,61.1,0.0,0.0,61.1,3.9
pp_9,59.1,0.0,10.0,69.1,4.77
pp_9,67.4,0.0,0.0,67.4,5.18
pp_9,61.3,0.0,0.0,61.3,5.76
pp_9,57.2,0.0,10.0,67.2,6.94
pp_9,67.6,0.0,0.0,67.6,8.32
pp_9,61.4,0.0,0.0,61.4,10.37
pp_9,56.9,0.0,10.0,66.9,11.26
pp_9,68.0,0.0,0.0,68.0,12.79
pp_9,61.4,0.0,0.0,61.4,14.09
pp_9,56.8,0.0,10.0,66.8,13.36
pp_9,56.9,0.0,10.0,66.9,12.98
pp_9,61.0,0.0,0.0,61.0,12.06
pp_9,56.9,0.0,10.0,66.9,9.32
pp_9,66.9,0.0,0.0,66.9,7.69
pp_9,61.2,0.0,0.0,61.2,6.81
pp_9,59.5,0.0,0.0,59.5,5.23
pp_9,60.1,0.0,0.0,60.1,5.41
pp_9,61.6,0.0,0.0,61.6,5.93
pp_9,57.3,0.0,10.0,67.3,5.35
pp_9,57.0,0.0,10.0,67.0,5.43
pp_9,62.6,0.0,0.0,62.6,5.5
pp_9,57.7,0.0,10.0,67.7,4.85
pp_9,56.9,10.0,0.0,66.9,4.98
pp_9,61.5,0.0,0.0,61.5,4.55
pp_9,57.0,0.0,10.0,67.0,2.32
pp_9,66.9,0.0,0.0,66.9,1.28
pp_9,62.4,0.0,10.0,72.4,1.67
pp_9,51.5,0.0,10.0,61.5,1.89
pp_9,68.2,0.0,0.0,68.2,2.27
pp_9,61.1,0.0,0.0,61.1,2.57
pp_9,57.7,0.0,10.0,67.7,2.84
pp_9,69.3,0.0,0.0,69.3,2.73
pp_9,61.4,0.0,0.0,61.4,2.49
pp_9,69.8,0.0,0.0,69.8,2.34
pp_9,60.0,0.0,0.0,60.0,2.51
pp_9,61.9,0.0,0.0,61.9,2.77
pp_9,57.3,0.0,10.0,67.3,2.71
pp_9,67.1,0.0,0.0,67.1,3.0
pp_9,61.7,0.0,0.0,61.7,3.3
pp_9,57.3,0.0,10.0,67.3,3.39
pp_9,67.3,0.0,0.0,67.3,3.54
pp_9,61.7,0.0,0.0,61.7,3.48
pp_9,58.2,0.0,10.0,68.2,3.52
pp_9,57.1,0.0,10.0,67.1,3.15
pp_9,61.4,0.0,0.0,61.4,2.89
pp_9,57.7,0.0,10.0,67.7,2.6
pp_9,68.9,0.0,0.0,68.9,2.63
pp_9,61.2,0.0,0.0,61.2,2.83
pp_9,57.2,0.0,10.0,67.2,3.72
pp_9,66.9,0.0,0.0,66.9,4.46
pp_9,61.6,0.0,0.0,61.6,6.19
pp_9,57.2,10.0,0.0,67.2,8.45
pp_9,69.3,0.0,0.0,69.3,10.23
pp_9,61.2,0.0,0.0,61.2,11.77
pp_9,56.8,0.0,10.0,66.8,11.38
pp_9,67.8,0.0,0.0,67.8,11.3
pp_9,61.6,0.0,0.0,61.6,12.08
pp_9,56.7,0.0,10.0,66.7,11.0
pp_9,57.2,0.0,10.0,67.2,10.19
pp_9,62.0,0.0,0.0,62.0,8.78
pp_9,57.0,0.0,10.0,67.0,6.45
pp_9,56.9,10.0,0.0,66.9,5.24
pp_9,61.3,0.0,0.0,61.3,3.86
pp_9,61.2,0.0,0.0,61.2,2.27
pp_9,62.2,0.0,0.0,62.2,2.37
pp_9,61.4,0.0,0.0,61.4,3.06
pp_9,58.3,0.0,10.0,68.3,4.08
pp_9,60.0,0.0,0.0,60.0,4.27
pp_9,61.8,0.0,0.0,61.8,4.33
pp_9,57.6,0.0,10.0,67.6,4.84
pp_9,67.0,0.0,0.0,67.0,5.43
pp_9,61.3,0.0,0.0,61.3,6.17
pp_9,57.3,0.0,10.0,67.3,5.93
pp_9,67.1,0.0,0.0,67.1,5.67
pp_9,61.4,0.0,0.0,61.4,5.47
pp_9,58.0,0.0,10.0,68.0,4.47
pp_9,68.8,0.0,0.0,68.8,3.98
pp_9,61.8,0.0,0.0,61.8,3.43
pp_9,56.9,0.0,10.0,66.9,2.4
pp_9,68.8,0.0,0.0,68.8,2.05
pp_9,62.6,0.0,0.0,62.6,2.09
pp_9,59.8,0.0,10.0,69.8,1.88
pp_9,68.5,0.0,0.0,68.5,1.75
pp_9,61.2,0.0,0.0,61.2,1.59
pp_9,58.0,0.0,10.0,68.0,1.59
pp_9,67.2,0.0,0.0,67.2,1.59
pp_9,61.1,0.0,0.0,61.1,1.71
pp_9,67.4,0.0,0.0,67.4,1.55
pp_9,60.4,0.0,0.0,60.4,1.54
pp_9,62.1,0.0,0.0,62.1,1.41
pp_9,57.6,0.0,10.0,67.6,1.23
pp_9,59.8,10.0,0.0,69.8,0.95
pp_9,61.6,0.0,0.0,61.6,1.16
pp_9,57.1,0.0,10.0,67.1,0.79
pp_9,57.1,0.0,10.0,67.1,1.1
pp_9,67.7,0.0,0.0,67.7,1.55
pp_9,58.2,0.0,10.0,68.2,1.58
pp_9,57.4,0.0,10.0,67.4,1.21
pp_9,67.3,0.0,0.0,67.3,0.54
pp_9,58.6,0.0,10.0,68.6,0.93
pp_9,67.2,0.0,0.0,67.2,2.67
pp_9,67.6,0.0,0.0,67.6,4.62
pp_9,57.0,0.0,10.0,67.0,5.5
pp_9,69.1,0.0,0.0,69.1,5.8
pp_9,67.7,0.0,0.0,67.7,5.7
pp_9,57.8,10.0,0.0,67.8,4.03
pp_9,69.4,0.0,0.0,69.4,3.2
pp_9,58.3,0.0,0.0,58.3,2.54
pp_9,57.6,0.0,10.0,67.6,1.48
pp_9,67.5,0.0,0.0,67.5,1.07
pp_9,67.5,0.0,0.0,67.5,0.94
pp_9,58.7,0.0,10.0,68.7,0.92
pp_9,59.7,10.0,0.0,69.7,1.1
pp_9,57.9,0.0,0.0,57.9,1.33
pp_9,57.2,0.0,10.0,67.2,1.31
pp_9,67.2,0.0,0.0,67.2,1.72
pp_9,59.3,0.0,0.0,59.3,2.24
pp_9,67.7,0.0,0.0,67.7,2.63
pp_9,60.0,0.0,0.0,60.0,2.99
pp_9,67.3,0.0,0.0,67.3,3.12
pp_9,57.3,0.0,10.0,67.3,2.83
pp_9,57.0,0.0,10.0,67.0,2.7
pp_9,67.5,0.0,0.0,67.5,2.65
pp_9,57.0,0.0,10.0,67.0,2.84
pp_9,68.6,0.0,0.0,68.6,3.25
pp_9,57.4,10.0,0.0,67.4,4.02
pp_9,56.8,0.0,10.0,66.8,4.74
pp_9,68.7,0.0,0.0,68.7,5.76
pp_9,61.3,0.0,0.0,61.3,7.56
pp_9,56.8,0.0,10.0,66.8,9.27
pp_9,67.1,0.0,0.0,67.1,10.28
pp_9,58.7,0.0,0.0,58.7,10.8
pp_9,57.2,0.0,10.0,67.2,8.4
pp_9,68.2,0.0,0.0,68.2,7.23
pp_9,67.3,0.0,0.0,67.3,6.14
pp_9,68.9,0.0,0.0,68.9,3.77
pp_9,60.4,0.0,0.0,60.4,3.15
pp_9,58.4,0.0,0.0,58.4,2.82
pp_9,57.9,0.0,10.0,67.9,3.04
pp_9,67.8,0.0,0.0,67.8,3.56
pp_9,58.2,0.0,0.0,58.2,4.24
pp_9,57.2,0.0,10.0,67.2,4.98
pp_9,59.2,0.0,10.0,69.2,5.38
pp_9,67.8,0.0,0.0,67.8,5.65
pp_9,56.8,0.0,10.0,66.8,5.28
pp_9,66.9,0.0,0.0,66.9,4.62
pp_9,58.8,0.0,0.0,58.8,3.86
pp_9,56.9,0.0,10.0,66.9,2.78
pp_9,57.1,10.0,0.0,67.1,2.24
pp_9,67.3,0.0,0.0,67.3,2.34
pp_9,57.7,0.0,10.0,67.7,2.73
pp_9,57.0,0.0,10.0,67.0,3.54
pp_9,67.8,0.0,0.0,67.8,4.46
pp_9,66.9,0.0,0.0,66.9,5.25
pp_9,59.9,0.0,0.0,59.9,6.18
pp_9,60.3,0.0,0.0,60.3,6.52
pp_9,57.3,0.0,10.0,67.3,6.36
pp_9,67.0,0.0,0.0,67.0,6.77
pp_9,58.4,0.0,0.0,58.4,7.37
pp_9,57.0,0.0,10.0,67.0,7.09
pp_9,57.4,10.0,0.0,67.4,8.22
pp_9,67.5,0.0,0.0,67.5,7.31
pp_9,59.0,0.0,10.0,69.0,4.36
pp_9,67.0,0.0,0.0,67.0,4.38
pp_9,68.2,0.0,0.0,68.2,3.17
pp_9,58.2,0.0,10.0,68.2,2.02
pp_9,69.4,0.0,0.0,69.4,1.03
pp_9,58.3,0.0,0.0,58.3,0.69
pp_9,57.2,0.0,10.0,67.2,1.7
pp_9,68.6,0.0,0.0,68.6,2.29
pp_9,59.8,0.0,0.0,59.8,2.49
pp_9,69.0,0.0,0.0,69.0,3.32
pp_9,61.1,0.0,0.0,61.1,3.4
pp_9,60.4,0.0,0.0,60.4,3.41
pp_9,58.1,0.0,10.0,68.1,3.33
pp_9,68.9,0.0,0.0,68.9,3.19
pp_9,60.9,0.0,0.0,60.9,2.85
pp_9,57.0,0.0,10.0,67.0,2.04
pp_9,67.1,0.0,0.0,67.1,1.71
pp_9,59.6,0.0,0.0,59.6,1.08
pp_9,62.4,0.0,10.0,72.4,0.86
pp_9,59.3,0.0,10.0,69.3,0.52
pp_9,67.5,0.0,0.0,67.5,0.68
pp_9,60.8,0.0,10.0,70.8,1.74
pp_9,57.2,10.0,0.0,67.2,2.63
pp_9,67.9,0.0,0.0,67.9,3.54
pp_9,71.2,0.0,0.0,71.2,4.39
pp_9,60.7,0.0,0.0,60.7,6.27
pp_9,61.0,0.0,0.0,61.0,7.36
pp_9,61.8,0.0,10.0,71.8,7.08
pp_9,67.4,0.0,0.0,67.4,6.91
pp_9,58.2,0.0,0.0,58.2,6.42
pp_9,61.5,0.0,10.0,71.5,4.34
pp_9,68.5,0.0,0.0,68.5,3.07
pp_9,58.7,0.0,0.0,58.7,1.52
pp_9,71.9,0.0,0.0,71.9,0.49
pp_9,60.2,0.0,0.0,60.2,1.11
pp_9,58.3,0.0,0.0,58.3,1.57
pp_9,61.2,0.0,10.0,71.2,2.01
pp_9,57.2,0.0,10.0,67.2,1.9
pp_9,67.6,0.0,0.0,67.6,1.56
pp_9,61.1,0.0,10.0,71.1,1.54
pp_9,59.2,10.0,0.0,69.2,1.47
pp_9,68.0,0.0,0.0,68.0,1.5
pp_9,61.4,0.0,10.0,71.4,1.63
pp_9,60.2,0.0,0.0,60.2,1.75
pp_9,61.0,0.0,0.0,61.0,1.84
pp_9,61.7,0.0,10.0,71.7,2.01
pp_9,68.1,0.0,0.0,68.1,2.17
pp_9,58.6,0.0,0.0,58.6,2.35
pp_9,61.3,0.0,10.0,71.3,2.21
pp_9,68.1,0.0,0.0,68.1,1.83
pp_9,59.0,0.0,0.0,59.0,1.51
pp_9,61.0,10.0,0.0,71.0,1.15
pp_9,59.6,10.0,0.0,69.6,0.98
pp_9,67.9,0.0,0.0,67.9,0.75
pp_9,60.7,0.0,10.0,70.7,0.62
pp_9,66.8,0.0,0.0,66.8,0.55
pp_9,61.2,0.0,0.0,61.2,0.63
pp_9,61.0,0.0,10.0,71.0,0.56
pp_9,56.9,10.0,0.0,66.9,0.63
pp_9,57.9,0.0,0.0,57.9,0.85
pp_9,61.2,0.0,10.0,71.2,1.2
pp_9,66.7,0.0,0.0,66.7,2.22
pp_9,57.8,0.0,0.0,57.8,2.97
pp_9,62.3,0.0,10.0,72.3,3.23
pp_9,59.8,0.0,0.0,59.8,4.35
pp_9,67.5,0.0,0.0,67.5,5.37
pp_9,61.0,0.0,10.0,71.0,5.94
pp_9,67.3,0.0,0.0,67.3,9.0
pp_9,58.0,0.0,0.0,58.0,12.87
pp_9,62.7,0.0,10.0,72.7,12.01
pp_9,67.1,0.0,0.0,67.1,15.45
pp_9,58.7,0.0,0.0,58.7,18.68
pp_9,61.0,0.0,10.0,71.0,13.4
pp_9,56.9,0.0,10.0,66.9,13.96
pp_9,67.3,0.0,0.0,67.3,12.77
pp_9,60.8,0.0,10.0,70.8,11.04
pp_9,57.4,0.0,10.0,67.4,11.54
pp_9,57.9,0.0,0.0,57.9,13.55
pp_9,60.9,0.0,10.0,70.9,8.51
pp_9,68.1,0.0,0.0,68.1,9.7
pp_9,67.7,0.0,0.0,67.7,10.53
pp_9,60.9,0.0,10.0,70.9,10.65
pp_9,67.5,0.0,0.0,67.5,11.73
pp_9,58.3,0.0,0.0,58.3,14.45
pp_9,61.1,0.0,10.0,71.1,10.91
pp_9,68.5,0.0,0.0,68.5,11.56
pp_9,59.4,0.0,0.0,59.4,14.15
pp_9,61.0,0.0,10.0,71.0,10.27
pp_9,67.0,0.0,0.0,67.0,10.87
pp_9,59.0,0.0,0.0,59.0,12.76
pp_9,61.1,0.0,10.0,71.1,9.39
pp_9,68.8,0.0,0.0,68.8,10.32
pp_9,57.8,0.0,0.0,57.8,13.57
pp_9,61.1,0.0,10.0,71.1,9.66
pp_9,67.1,0.0,0.0,67.1,10.61
pp_9,58.6,0.0,0.0,58.6,12.68
pp_9,62.6,10.0,0.0,72.6,8.6
pp_9,68.5,0.0,0.0,68.5,9.21
pp_9,67.6,0.0,0.0,67.6,9.37
pp_9,61.3,0.0,10.0,71.3,8.13
pp_9,57.0,0.0,10.0,67.0,8.43
pp_9,58.7,0.0,0.0,58.7,9.58
pp_9,61.7,0.0,10.0,71.7,5.41
pp_9,57.9,0.0,10.0,67.9,6.13
pp_9,59.0,0.0,0.0,59.0,8.09
pp_9,61.7,0.0,10.0,71.7,4.15
pp_9,59.1,0.0,10.0,69.1,4.78
pp_9,58.3,0.0,0.0,58.3,7.76
pp_9,60.7,0.0,10.0,70.7,4.22
pp_9,67.0,0.0,0.0,67.0,5.43
pp_9,59.3,0.0,0.0,59.3,8.23
pp_9,60.8,0.0,10.0,70.8,6.17
pp_9,56.9,0.0,10.0,66.9,8.32
pp_9,67.1,0.0,0.0,67.1,9.36
pp_9,61.1,0.0,10.0,71.1,10.26
pp_9,68.4,0.0,0.0,68.4,11.56
pp_9,58.2,0.0,0.0,58.2,14.42
pp_9,60.7,0.0,10.0,70.7,9.87
pp_9,59.9,0.0,0.0,59.9,8.66
pp_9,67.3,0.0,0.0,67.3,9.0
pp_9,60.9,0.0,10.0,70.9,10.06
pp_9,68.9,0.0,0.0,68.9,9.7
pp_9,57.5,10.0,0.0,67.5,9.31
pp_9,60.6,0.0,10.0,70.6,9.11
pp_9,66.8,0.0,0.0,66.8,8.57
pp_9,58.6,0.0,0.0,58.6,7.93
pp_9,60.8,0.0,10.0,70.8,7.45
pp_9,57.2,0.0,10.0,67.2,6.83
pp_9,67.2,0.0,0.0,67.2,6.3
pp_9,60.7,0.0,10.0,70.7,5.44
pp_9,56.7,10.0,0.0,66.7,4.6
pp_9,58.9,0.0,0.0,58.9,3.95
pp_9,60.8,0.0,0.0,60.8,3.4
pp_reset,57.1,0.0,10.0,67.1,2.8
pp_reset,59.0,0.0,0.0,59.0,2.33
pp_reset,60.7,0.0,10.0,70.7,1.93
pp_reset,67.0,0.0,0.0,67.0,1.6
pp_reset,59.7,0.0,0.0,59.7,1.49
pp_reset,70.9,0.0,0.0,70.9,1.46
pp_reset,62.5,0.0,0.0,62.5,1.33
pp_reset,62.7,0.0,0.0,62.7,1.05
pp_reset,61.0,0.0,10.0,71.0,1.0
pp_reset,67.0,0.0,0.0,67.0,0.78
pp_reset,57.9,0.0,0.0,57.9,0.49
pp_reset,61.1,0.0,10.0,71.1,0.43
pp_reset,69.1,0.0,0.0,69.1,0.3
pp_reset,58.4,0.0,0.0,58.4,0.24
pp_reset,60.6,0.0,10.0,70.6,0.26
pp_reset,57.9,10.0,0.0,67.9,0.32
pp_reset,58.7,0.0,0.0,58.7,0.33
pp_reset,61.0,0.0,10.0,71.0,0.44
pp_reset,66.6,0.0,0.0,66.6,0.36
pp_reset,59.7,0.0,0.0,59.7,0.44
pp_reset,60.6,10.0,0.0,70.6,0.66
pp_reset,59.9,0.0,0.0,59.9,0.9
pp_reset,58.2,0.0,0.0,58.2,0.98
pp_reset,61.7,0.0,10.0,71.7,0.74
pp_reset,67.4,0.0,0.0,67.4,0.78
pp_reset,58.8,0.0,0.0,58.8,0.68
pp_reset,61.0,0.0,10.0,71.0,0.84
pp_reset,68.2,0.0,0.0,68.2,1.02
pp_reset,58.4,0.0,0.0,58.4,1.02
pp_reset,61.6,0.0,10.0,71.6,0.99
pp_reset,67.0,0.0,0.0,67.0,1.35
pp_reset,60.8,0.0,0.0,60.8,1.29
pp_reset,74.0,0.0,0.0,74.0,0.88
pp_reset,60.4,0.0,0.0,60.4,0.5
pp_reset,67.6,0.0,0.0,67.6,0.18
pp_reset,61.0,0.0,0.0,61.0,0.16
pp_reset,56.9,0.0,10.0,66.9,0.25
pp_reset,67.4,0.0,0.0,67.4,0.26
pp_reset,62.6,0.0,10.0,72.6,0.36
pp_reset,68.9,0.0,0.0,68.9,0.57
pp_reset,58.4,0.0,0.0,58.4,0.78
pp_reset,60.7,0.0,10.0,70.7,0.84
pp_reset,68.5,0.0,0.0,68.5,1.06
pp_reset,60.6,0.0,0.0,60.6,1.27
pp_reset,60.9,0.0,10.0,70.9,1.46
pp_reset,68.2,0.0,0.0,68.2,1.84
pp_reset,58.1,0.0,0.0,58.1,1.89
pp_reset,60.6,0.0,10.0,70.6,1.4
pp_reset,69.6,0.0,0.0,69.6,1.39
pp_reset,62.5,0.0,0.0,62.5,1.13
pp_reset,61.1,10.0,0.0,71.1,0.98
pp_reset,59.9,0.0,0.0,59.9,0.98
pp_reset,58.0,0.0,0.0,58.0,0.98
pp_reset,60.9,0.0,10.0,70.9,0.64
pp_reset,57.4,10.0,0.0,67.4,0.6
pp_reset,58.6,0.0,0.0,58.6,0.83
pp_reset,60.6,0.0,10.0,70.6,1.66
pp_reset,57.0,10.0,0.0,67.0,2.68
pp_reset,58.2,0.0,0.0,58.2,3.53
pp_reset,60.8,0.0,10.0,70.8,3.99
pp_10,268.7,0.0,0.0,268.7,1.57
pp_10,60.2,0.0,10.0,70.2,0.38
pp_10,60.8,0.0,10.0,70.8,4.33
pp_10,56.8,10.0,0.0,66.8,3.63
pp_10,46.9,0.0,0.0,46.9,3.51
pp_10,61.0,0.0,10.0,71.0,2.41
pp_10,57.0,10.0,0.0,67.0,2.02
pp_10,47.3,0.0,10.0,57.3,1.95
pp_10,60.8,0.0,0.0,60.8,2.1
pp_10,48.5,10.0,0.0,58.5,2.39
pp_10,57.8,0.0,0.0,57.8,2.52
pp_10,60.9,0.0,10.0,70.9,2.54
pp_10,58.0,0.0,0.0,58.0,2.54
pp_10,59.0,0.0,0.0,59.0,2.5
pp_10,61.0,0.0,10.0,71.0,2.22
pp_10,57.2,10.0,0.0,67.2,4.82
pp_10,56.8,0.0,0.0,56.8,4.96
pp_10,60.7,0.0,10.0,70.7,4.24
pp_10,47.9,0.0,10.0,57.9,8.7
pp_10,46.8,0.0,0.0,46.8,5.53
pp_10,60.6,0.0,0.0,60.6,3.56
pp_10,48.4,0.0,10.0,58.4,3.66
pp_10,46.9,0.0,10.0,56.9,3.72
pp_10,60.7,0.0,0.0,60.7,3.78
pp_10,56.8,0.0,10.0,66.8,3.82
pp_10,47.2,0.0,0.0,47.2,3.85
pp_10,61.1,0.0,10.0,71.1,3.9
pp_10,58.2,0.0,0.0,58.2,3.93
pp_10,47.5,0.0,10.0,57.5,3.95
pp_10,60.9,0.0,10.0,70.9,3.98
pp_10,57.0,0.0,10.0,67.0,3.99
pp_10,47.0,10.0,0.0,57.0,4.01
pp_10,71.6,0.0,0.0,71.6,4.02
pp_10,60.2,0.0,0.0,60.2,4.03
pp_10,49.1,0.0,10.0,59.1,0.0
pp_10,61.0,0.0,0.0,61.0,8.47
pp_10,57.2,0.0,10.0,67.2,14.09
pp_10,47.9,0.0,10.0,57.9,18.96
pp_10,60.6,0.0,0.0,60.6,18.0
pp_10,56.9,0.0,10.0,66.9,15.67
pp_10,47.0,0.0,0.0,47.0,21.04
pp_10,61.0,0.0,10.0,71.0,11.73
pp_10,57.2,0.0,10.0,67.2,12.59
pp_10,46.7,0.0,0.0,46.7,18.16
pp_10,62.3,0.0,10.0,72.3,9.44
pp_10,57.2,0.0,10.0,67.2,11.36
pp_10,47.8,0.0,10.0,57.8,14.01
pp_10,60.8,0.0,10.0,70.8,10.27
pp_10,58.6,0.0,0.0,58.6,11.74
pp_10,47.5,10.0,0.0,57.5,7.05
pp_10,61.1,0.0,10.0,71.1,7.57
pp_10,57.2,0.0,10.0,67.2,8.71
pp_10,57.8,0.0,0.0,57.8,9.3
pp_10,60.9,0.0,10.0,70.9,9.46
pp_10,57.8,0.0,0.0,57.8,12.9
pp_10,58.5,0.0,0.0,58.5,17.33
pp_10,60.8,0.0,10.0,70.8,16.89
pp_10,57.2,0.0,10.0,67.2,18.87
pp_10,47.2,0.0,10.0,57.2,20.55
pp_10,60.8,0.0,10.0,70.8,15.29
pp_10,56.9,0.0,10.0,66.9,14.63
pp_10,72.3,0.0,10.0,82.3,10.55
pp_10,96.6,0.0,0.0,96.6,8.85
pp_10,112.9,10.0,-10.0,112.9,12.22
pp_10,112.5,0.0,10.0,122.5,19.15
pp_10,84.3,0.0,0.0,84.3,30.97
pp_10,76.9,0.0,10.0,86.9,16.33
pp_10,116.7,0.0,10.0,126.7,10.75
pp_10,103.6,0.0,10.0,113.6,10.74
pp_10,70.7,0.0,10.0,80.7,13.92
pp_10,64.6,0.0,10.0,74.6,11.22
pp_10,63.9,0.0,10.0,73.9,9.41
pp_10,63.1,0.0,10.0,73.1,8.72
pp_10,59.9,0.0,0.0,59.9,9.36
pp_10,48.3,0.0,10.0,58.3,10.04
pp_10,61.0,0.0,10.0,71.0,9.49
pp_10,57.3,0.0,10.0,67.3,11.21
pp_10,47.2,0.0,10.0,57.2,12.45
pp_10,60.9,0.0,10.0,70.9,12.25
pp_10,57.0,0.0,10.0,67.0,13.88
pp_10,47.1,0.0,10.0,57.1,13.65
pp_10,61.0,0.0,10.0,71.0,9.67
pp_10,56.9,0.0,10.0,66.9,7.8
pp_10,46.9,0.0,0.0,46.9,7.0
pp_10,60.9,0.0,10.0,70.9,6.56
pp_10,57.2,0.0,10.0,67.2,7.42
pp_10,47.3,0.0,0.0,47.3,8.37
pp_10,60.9,0.0,0.0,60.9,8.76
pp_10,59.1,0.0,0.0,59.1,8.44
pp_10,59.7,0.0,0.0,59.7,10.32
pp_10,62.6,0.0,10.0,72.6,11.44
pp_10,48.1,0.0,10.0,58.1,12.88
pp_10,58.5,0.0,0.0,58.5,14.28
pp_10,71.8,0.0,0.0,71.8,8.98
pp_10,62.5,0.0,10.0,72.5,0.98
pp_10,62.5,0.0,10.0,72.5,4.86
pp_10,71.2,0.0,0.0,71.2,7.11
pp_10,61.8,0.0,0.0,61.8,10.53
pp_10,49.6,10.0,0.0,59.6,11.4
pp_10,60.9,0.0,10.0,70.9,8.98
pp_10,59.1,0.0,0.0,59.1,7.27
pp_10,47.8,0.0,10.0,57.8,4.21
pp_10,61.0,0.0,10.0,71.0,1.33
pp_10,57.3,0.0,10.0,67.3,2.56
pp_10,47.3,0.0,10.0,57.3,3.71
pp_10,61.5,0.0,10.0,71.5,3.76
pp_10,57.2,0.0,10.0,67.2,3.61
pp_10,47.1,0.0,0.0,47.1,3.75
pp_10,61.0,0.0,10.0,71.0,3.52
pp_10,58.9,0.0,0.0,58.9,3.86
pp_10,58.2,0.0,10.0,68.2,3.52
pp_10,62.9,10.0,0.0,72.9,8.06
pp_10,59.2,0.0,0.0,59.2,18.04
pp_10,59.4,0.0,0.0,59.4,19.42
pp_10,60.9,0.0,10.0,70.9,15.72
pp_10,48.3,0.0,10.0,58.3,19.21
pp_10,46.9,0.0,0.0,46.9,21.1
pp_10,60.8,0.0,10.0,70.8,10.55
pp_10,56.7,0.0,10.0,66.7,11.49
pp_10,47.0,0.0,0.0,47.0,4.9
pp_10,60.9,0.0,10.0,70.9,2.21
pp_10,57.1,0.0,10.0,67.1,2.22
pp_10,46.8,0.0,0.0,46.8,2.23
pp_10,61.8,0.0,10.0,71.8,2.3
pp_10,48.0,0.0,10.0,58.0,0.07
pp_10,47.3,0.0,10.0,57.3,9.81
pp_10,61.1,0.0,10.0,71.1,13.94
pp_10,67.1,0.0,0.0,67.1,16.45
pp_10,47.7,0.0,10.0,57.7,20.53
pp_10,60.9,0.0,10.0,70.9,15.26
pp_10,58.1,0.0,0.0,58.1,18.47
pp_10,59.7,0.0,0.0,59.7,16.76
pp_10,72.1,0.0,0.0,72.1,11.99
pp_10,61.1,0.0,10.0,71.1,5.46
pp_10,62.6,0.0,10.0,72.6,6.44
pp_10,64.2,0.0,0.0,64.2,7.47
pp_10,60.3,0.0,0.0,60.3,7.96
pp_10,59.9,0.0,0.0,59.9,7.84
pp_10,60.9,0.0,10.0,70.9,7.34
pp_10,58.0,0.0,0.0,58.0,6.97
pp_10,57.5,0.0,10.0,67.5,6.25
pp_10,54.0,0.0,0.0,54.0,5.98
pp_10,48.8,10.0,0.0,58.8,5.01
pp_10,47.0,0.0,0.0,47.0,4.72
pp_10,61.1,0.0,10.0,71.1,3.65
pp_10,49.0,0.0,10.0,59.0,3.44
pp_10,47.3,0.0,10.0,57.3,4.01
pp_10,60.9,0.0,10.0,70.9,5.73
pp_10,66.7,0.0,0.0,66.7,9.77
pp_10,47.4,10.0,0.0,57.4,13.47
pp_10,61.1,0.0,10.0,71.1,13.62
pp_10,66.8,0.0,0.0,66.8,16.8
pp_10,47.4,10.0,0.0,57.4,18.5
pp_10,61.0,0.0,10.0,71.0,13.83
pp_10,57.4,0.0,10.0,67.4,14.74
pp_10,47.9,0.0,10.0,57.9,16.49
pp_10,61.0,0.0,10.0,71.0,11.43
pp_10,56.9,0.0,10.0,66.9,12.35
pp_10,47.7,0.0,10.0,57.7,14.24
pp_10,60.8,0.0,10.0,70.8,8.52
pp_10,47.9,0.0,10.0,57.9,11.69
pp_10,48.0,0.0,10.0,58.0,10.11
pp_10,61.2,0.0,10.0,71.2,4.83
pp_10,57.6,0.0,0.0,57.6,9.21
pp_10,59.0,0.0,10.0,69.0,5.39
pp_10,61.9,0.0,10.0,71.9,4.75
pp_10,67.2,0.0,0.0,67.2,6.88
pp_10,49.2,0.0,10.0,59.2,9.99
pp_10,61.1,0.0,10.0,71.1,6.45
pp_10,56.9,0.0,0.0,56.9,8.28
pp_10,47.2,0.0,10.0,57.2,4.57
pp_10,61.2,0.0,10.0,71.2,5.69
pp_10,57.1,10.0,0.0,67.1,6.05
pp_10,47.6,0.0,0.0,47.6,6.21
pp_10,72.4,0.0,0.0,72.4,7.48
pp_10,62.1,0.0,0.0,62.1,8.24
pp_10,59.8,0.0,0.0,59.8,9.48
pp_10,72.5,0.0,0.0,72.5,9.35
pp_10,60.3,0.0,0.0,60.3,10.49
pp_10,60.3,0.0,10.0,70.3,8.91
pp_10,60.8,0.0,10.0,70.8,8.3
pp_10,57.2,0.0,10.0,67.2,7.53
pp_10,47.1,0.0,10.0,57.1,5.72
pp_10,61.2,0.0,10.0,71.2,4.36
pp_10,56.8,0.0,10.0,66.8,4.17
pp_10,47.5,0.0,10.0,57.5,4.65
pp_10,62.0,0.0,10.0,72.0,5.97
pp_10,57.1,10.0,0.0,67.1,6.16
pp_10,47.3,0.0,10.0,57.3,6.44
pp_10,61.2,0.0,10.0,71.2,6.66
pp_10,67.1,0.0,0.0,67.1,6.24
pp_10,59.9,0.0,0.0,59.9,5.98
pp_10,62.3,0.0,10.0,72.3,5.74
pp_10,49.1,10.0,0.0,59.1,5.15
pp_10,46.8,0.0,10.0,56.8,4.75
pp_10,60.9,0.0,10.0,70.9,4.07
pp_10,56.8,0.0,10.0,66.8,4.0
pp_10,47.0,0.0,0.0,47.0,4.35
pp_10,61.7,0.0,10.0,71.7,3.61
pp_10,57.1,10.0,0.0,67.1,3.87
pp_10,47.1,0.0,0.0,47.1,5.22
pp_10,61.0,0.0,10.0,71.0,5.41
pp_10,47.8,0.0,10.0,57.8,7.27
pp_10,47.2,0.0,0.0,47.2,8.89
pp_10,60.9,0.0,10.0,70.9,6.94
pp_10,59.5,0.0,0.0,59.5,8.0
pp_10,60.9,0.0,0.0,60.9,7.51
pp_10,60.9,0.0,10.0,70.9,5.0
pp_10,48.1,0.0,10.0,58.1,5.99
pp_10,46.9,0.0,0.0,46.9,5.21
pp_10,60.9,0.0,10.0,70.9,3.12
pp_10,58.5,0.0,0.0,58.5,4.36
pp_10,48.1,0.0,10.0,58.1,5.02
pp_10,60.9,0.0,10.0,70.9,4.34
pp_10,58.5,0.0,0.0,58.5,4.88
pp_10,60.0,0.0,0.0,60.0,4.66
pp_10,60.9,0.0,10.0,70.9,2.78
pp_10,56.8,10.0,0.0,66.8,2.49
pp_10,47.3,0.0,10.0,57.3,1.7
pp_10,60.9,0.0,10.0,70.9,0.65
pp_10,57.1,10.0,0.0,67.1,0.66
pp_10,47.1,0.0,0.0,47.1,0.38
pp_10,60.9,0.0,10.0,70.9,2.81
pp_10,57.2,10.0,0.0,67.2,4.3
pp_10,56.8,0.0,0.0,56.8,5.72
pp_10,62.5,10.0,0.0,72.5,5.98
pp_10,49.0,0.0,10.0,59.0,7.85
pp_10,47.1,0.0,0.0,47.1,11.92
pp_10,60.8,0.0,10.0,70.8,12.34
pp_10,48.3,0.0,10.0,58.3,15.12
pp_10,48.4,0.0,10.0,58.4,15.71
pp_10,61.5,0.0,10.0,71.5,12.67
pp_10,58.4,0.0,0.0,58.4,12.26
pp_10,49.5,10.0,0.0,59.5,11.79
pp_10,61.2,0.0,0.0,61.2,7.79
pp_10,57.3,0.0,10.0,67.3,6.16
pp_10,47.2,10.0,0.0,57.2,4.87
pp_10,62.6,10.0,0.0,72.6,1.46
pp_10,59.0,0.0,0.0,59.0,12.51
pp_10,47.6,10.0,0.0,57.6,16.6
pp_10,60.9,0.0,10.0,70.9,13.91
pp_10,57.2,0.0,10.0,67.2,15.33
pp_10,59.8,0.0,0.0,59.8,16.86
pp_10,61.8,0.0,10.0,71.8,12.68
pp_10,57.2,10.0,0.0,67.2,13.39
pp_10,58.6,0.0,10.0,68.6,11.51
pp_10,61.9,0.0,10.0,71.9,6.55
pp_10,57.4,0.0,10.0,67.4,6.85
pp_10,47.0,10.0,0.0,57.0,6.28
pp_10,60.9,0.0,10.0,70.9,6.51
pp_10,60.2,0.0,0.0,60.2,7.13
pp_10,59.6,0.0,0.0,59.6,6.54
pp_10,60.8,0.0,10.0,70.8,4.99
pp_10,67.2,0.0,0.0,67.2,4.95
pp_10,47.5,10.0,0.0,57.5,5.5
pp_10,72.6,0.0,0.0,72.6,4.49
pp_10,60.2,0.0,0.0,60.2,2.94
pp_10,58.6,0.0,0.0,58.6,2.74
pp_10,61.2,0.0,10.0,71.2,3.69
pp_10,58.0,0.0,0.0,58.0,2.0
pp_10,59.2,0.0,0.0,59.2,2.97
pp_10,61.0,0.0,10.0,71.0,8.49
pp_10,67.1,0.0,0.0,67.1,6.33
pp_10,50.1,10.0,0.0,60.1,5.75
pp_10,61.2,0.0,10.0,71.2,5.84
pp_10,67.0,0.0,0.0,67.0,7.39
pp_10,49.7,10.0,0.0,59.7,11.61
pp_10,60.9,0.0,10.0,70.9,14.01
pp_10,57.1,10.0,0.0,67.1,17.6
pp_10,46.7,0.0,0.0,46.7,24.36
pp_10,61.1,0.0,10.0,71.1,15.21
pp_10,57.5,10.0,0.0,67.5,15.73
pp_10,59.6,0.0,0.0,59.6,17.29
pp_10,61.0,0.0,10.0,71.0,12.41
pp_10,66.9,0.0,0.0,66.9,12.78
pp_10,60.7,0.0,0.0,60.7,14.32
pp_10,61.1,10.0,0.0,71.1,10.33
pp_10,59.2,0.0,0.0,59.2,13.7
pp_10,47.3,0.0,10.0,57.3,13.7
pp_10,61.1,0.0,10.0,71.1,8.6
pp_10,56.8,0.0,10.0,66.8,10.71
pp_10,58.5,0.0,0.0,58.5,14.56
pp_10,64.1,0.0,0.0,64.1,15.08
pp_10,60.5,0.0,0.0,60.5,9.62
pp_10,58.7,0.0,0.0,58.7,9.91
pp_10,61.2,0.0,10.0,71.2,9.61
pp_10,67.4,0.0,0.0,67.4,9.4
pp_10,48.7,0.0,10.0,58.7,9.23
pp_10,60.8,0.0,10.0,70.8,9.05
pp_10,57.4,0.0,10.0,67.4,8.94
pp_10,47.3,10.0,0.0,57.3,8.85
pp_10,61.3,0.0,10.0,71.3,8.75
pp_10,57.1,10.0,0.0,67.1,8.7
pp_10,58.6,0.0,0.0,58.6,8.65
pp_10,62.0,0.0,10.0,72.0,8.6
pp_10,57.0,0.0,10.0,67.0,8.56
pp_10,47.1,0.0,0.0,47.1,8.55
pp_10,60.8,0.0,0.0,60.8,8.51
pp_10,58.6,0.0,0.0,58.6,8.49
pp_10,47.1,0.0,10.0,57.1,8.47
pp_10,60.9,0.0,10.0,70.9,8.46
pp_10,56.9,0.0,10.0,66.9,8.45
pp_10,46.8,0.0,10.0,56.8,8.44
pp_10,61.1,0.0,10.0,71.1,8.43
pp_10,57.2,10.0,0.0,67.2,8.42
pp_10,47.0,10.0,0.0,57.0,8.42
pp_10,61.3,0.0,10.0,71.3,0.0
pp_10,59.0,0.0,0.0,59.0,5.66
pp_10,48.2,0.0,10.0,58.2,9.82
pp_10,61.0,0.0,10.0,71.0,12.47
pp_10,67.0,0.0,0.0,67.0,16.01
pp_10,59.2,0.0,0.0,59.2,17.79
pp_10,61.1,0.0,10.0,71.1,14.64
pp_10,57.3,0.0,10.0,67.3,15.71
pp_10,47.2,0.0,10.0,57.2,14.55
pp_10,62.1,0.0,10.0,72.1,9.62
pp_10,48.0,10.0,0.0,58.0,8.45
pp_10,46.9,0.0,0.0,46.9,8.86
pp_10,62.6,0.0,0.0,62.6,1.89
pp_10,57.2,0.0,10.0,67.2,1.31
pp_10,46.7,0.0,0.0,46.7,1.64
pp_10,61.1,0.0,10.0,71.1,2.9
pp_10,57.1,0.0,10.0,67.1,2.73
pp_10,57.4,0.0,0.0,57.4,2.83
pp_10,61.4,0.0,10.0,71.4,3.34
pp_10,57.3,0.0,10.0,67.3,2.91
pp_10,47.4,0.0,10.0,57.4,3.23
pp_10,61.2,0.0,10.0,71.2,4.09
pp_10,58.8,0.0,0.0,58.8,3.9
pp_10,48.4,0.0,10.0,58.4,3.81
pp_10,61.2,0.0,10.0,71.2,4.04
pp_10,67.3,0.0,0.0,67.3,3.75
pp_10,60.0,0.0,0.0,60.0,3.56
pp_10,61.3,0.0,10.0,71.3,3.16
pp_10,67.3,0.0,0.0,67.3,2.82
pp_10,61.0,0.0,0.0,61.0,2.64
pp_10,61.2,10.0,0.0,71.2,2.74
pp_10,48.7,0.0,10.0,58.7,2.96
pp_10,46.8,0.0,0.0,46.8,3.23
pp_10,60.9,10.0,0.0,70.9,3.27
pp_10,59.6,0.0,0.0,59.6,3.67
pp_10,49.6,10.0,0.0,59.6,4.03
pp_10,61.0,0.0,0.0,61.0,4.6
pp_10,57.3,0.0,10.0,67.3,4.76
pp_10,46.7,0.0,10.0,56.7,5.29
pp_10,61.2,0.0,0.0,61.2,8.8
pp_10,56.8,0.0,10.0,66.8,12.75
pp_10,47.2,0.0,0.0,47.2,16.82
pp_10,64.4,0.0,0.0,64.4,11.83
pp_10,60.2,0.0,0.0,60.2,11.83
pp_10,48.1,0.0,10.0,58.1,10.56
pp_10,61.0,0.0,10.0,71.0,6.97
pp_10,57.3,0.0,10.0,67.3,7.39
pp_10,57.0,0.0,0.0,57.0,7.04
pp_10,60.9,0.0,10.0,70.9,4.28
pp_10,59.1,0.0,0.0,59.1,5.01
pp_10,49.0,0.0,10.0,59.0,5.75
pp_10,60.9,0.0,10.0,70.9,4.49
pp_10,48.5,0.0,10.0,58.5,4.13
pp_10,47.7,0.0,10.0,57.7,3.13
pp_10,60.9,0.0,10.0,70.9,2.9
pp_10,57.4,0.0,10.0,67.4,2.55
pp_10,47.0,0.0,0.0,47.0,2.48
pp_10,61.7,0.0,10.0,71.7,2.82
pp_10,58.4,0.0,0.0,58.4,2.84
pp_10,49.7,10.0,0.0,59.7,3.05
pp_10,62.5,0.0,10.0,72.5,3.62
pp_10,48.3,0.0,10.0,58.3,3.93
pp_10,47.1,0.0,0.0,47.1,3.78
pp_10,61.1,0.0,10.0,71.1,3.24
pp_10,57.3,0.0,10.0,67.3,2.21
pp_10,46.9,0.0,0.0,46.9,1.72
pp_10,61.0,0.0,10.0,71.0,1.71
pp_10,57.2,0.0,10.0,67.2,1.42
pp_10,47.0,10.0,0.0,57.0,1.44
pp_10,61.0,0.0,10.0,71.0,1.32
pp_10,57.2,0.0,10.0,67.2,1.5
pp_10,47.4,0.0,0.0,47.4,1.94
pp_10,60.7,0.0,0.0,60.7,2.4
pp_10,58.3,0.0,0.0,58.3,3.22
pp_10,59.9,0.0,0.0,59.9,4.11
pp_10,60.9,0.0,10.0,70.9,4.4
pp_10,57.0,0.0,10.0,67.0,5.5
pp_10,60.0,0.0,0.0,60.0,5.89
pp_10,60.8,0.0,10.0,70.8,6.4
pp_10,56.9,0.0,10.0,66.9,5.72
pp_10,47.1,0.0,10.0,57.1,5.38
pp_10,60.9,0.0,10.0,70.9,3.69
pp_10,58.1,0.0,0.0,58.1,3.27
pp_10,58.5,0.0,0.0,58.5,2.33
pp_10,62.9,0.0,10.0,72.9,0.39
pp_10,59.5,0.0,0.0,59.5,0.88
pp_10,47.7,0.0,0.0,47.7,2.08
pp_10,60.9,0.0,10.0,70.9,4.01
pp_10,57.2,0.0,10.0,67.2,5.11
pp_10,57.2,0.0,0.0,57.2,5.23
pp_10,60.7,0.0,10.0,70.7,6.15
pp_10,57.4,0.0,10.0,67.4,7.23
pp_10,47.8,10.0,0.0,57.8,7.97
pp_10,60.9,0.0,10.0,70.9,7.42
pp_10,57.5,0.0,10.0,67.5,7.74
pp_10,47.0,0.0,0.0,47.0,8.21
pp_10,61.0,0.0,10.0,71.0,4.57
pp_10,57.1,0.0,10.0,67.1,3.91
pp_10,57.1,0.0,0.0,57.1,2.98
pp_10,61.4,0.0,10.0,71.4,1.35
pp_10,57.1,0.0,10.0,67.1,1.02
pp_10,47.0,0.0,0.0,47.0,1.06
pp_10,72.5,0.0,0.0,72.5,1.07
pp_10,60.6,0.0,0.0,60.6,0.98
pp_10,62.0,0.0,0.0,62.0,0.81
pp_10,61.0,0.0,10.0,71.0,0.8
pp_10,57.5,0.0,0.0,57.5,1.1
pp_10,47.9,0.0,10.0,57.9,1.7
pp_10,71.0,0.0,0.0,71.0,2.52
pp_10,60.4,0.0,0.0,60.4,3.27
pp_10,60.1,0.0,0.0,60.1,1.89
pp_10,62.5,0.0,10.0,72.5,0.88
pp_10,49.1,10.0,0.0,59.1,1.31
pp_10,47.6,0.0,10.0,57.6,1.97
pp_10,61.1,0.0,10.0,71.1,1.92
pp_10,57.0,0.0,10.0,67.0,2.49
pp_10,57.0,0.0,0.0,57.0,2.54
pp_10,61.2,0.0,0.0,61.2,2.57
pp_10,56.9,0.0,10.0,66.9,2.08
pp_10,57.0,0.0,10.0,67.0,1.45
pp_10,64.1,0.0,0.0,64.1,1.56
pp_10,60.9,0.0,0.0,60.9,2.13
pp_10,58.9,0.0,0.0,58.9,2.41
pp_10,60.9,0.0,0.0,60.9,3.01
pp_10,57.0,0.0,10.0,67.0,3.12
pp_10,57.0,0.0,0.0,57.0,3.36
pp_10,72.5,0.0,0.0,72.5,2.38
pp_10,59.8,0.0,10.0,69.8,1.84
pp_10,63.1,0.0,10.0,73.1,1.31
pp_10,60.8,0.0,0.0,60.8,1.19
pp_10,58.9,0.0,0.0,58.9,1.81
pp_10,59.7,0.0,0.0,59.7,3.0
pp_10,61.0,0.0,10.0,71.0,4.03
pp_10,47.9,0.0,10.0,57.9,4.97
pp_10,47.0,0.0,0.0,47.0,5.61
pp_10,61.2,0.0,10.0,71.2,4.78
pp_10,56.9,0.0,10.0,66.9,5.06
pp_10,49.2,10.0,0.0,59.2,5.19
pp_10,73.1,0.0,0.0,73.1,4.99
pp_10,59.9,0.0,0.0,59.9,5.82
pp_10,60.4,0.0,0.0,60.4,5.93
pp_10,70.7,0.0,0.0,70.7,5.0
pp_10,60.3,0.0,0.0,60.3,5.05
pp_10,59.2,0.0,10.0,69.2,3.36
pp_10,60.9,0.0,10.0,70.9,2.51
pp_10,56.9,0.0,0.0,56.9,3.0
pp_10,47.3,0.0,0.0,47.3,2.47
pp_10,60.7,0.0,10.0,70.7,1.91
pp_10,57.4,10.0,0.0,67.4,2.85
pp_10,48.1,0.0,10.0,58.1,3.81
pp_10,60.7,0.0,0.0,60.7,4.27
pp_10,57.1,0.0,10.0,67.1,3.62
pp_10,57.0,0.0,0.0,57.0,3.16
pp_10,61.3,0.0,10.0,71.3,2.81
pp_10,67.6,0.0,0.0,67.6,3.75
pp_10,49.0,0.0,10.0,59.0,4.22
pp_10,61.0,0.0,10.0,71.0,3.99
pp_10,59.6,0.0,0.0,59.6,4.49
pp_10,59.1,0.0,0.0,59.1,5.04
pp_10,61.0,0.0,0.0,61.0,4.92
pp_10,56.9,0.0,0.0,56.9,3.96
pp_10,59.0,0.0,0.0,59.0,2.0
pp_10,61.0,0.0,10.0,71.0,0.88
pp_10,57.1,0.0,0.0,57.1,0.99
pp_10,47.1,10.0,0.0,57.1,1.9
pp_10,62.6,0.0,10.0,72.6,2.38
pp_10,49.0,0.0,10.0,59.0,2.29
pp_10,47.4,0.0,10.0,57.4,1.96
pp_10,61.1,0.0,10.0,71.1,2.35
pp_10,49.4,0.0,10.0,59.4,2.63
pp_10,47.4,0.0,10.0,57.4,2.73
pp_10,61.0,0.0,10.0,71.0,2.7
pp_10,57.1,0.0,0.0,57.1,2.7
pp_10,46.9,0.0,10.0,56.9,2.42
pp_10,61.2,0.0,0.0,61.2,2.3
pp_10,66.8,0.0,10.0,76.8,1.99
pp_10,62.0,0.0,0.0,62.0,1.85
pp_10,61.0,0.0,10.0,71.0,1.75
pp_10,57.0,0.0,10.0,67.0,1.69
pp_10,47.6,0.0,10.0,57.6,1.61
pp_10,61.2,0.0,10.0,71.2,1.49
pp_10,56.9,0.0,10.0,66.9,1.31
pp_10,47.0,0.0,0.0,47.0,1.35
pp_10,61.7,0.0,10.0,71.7,1.16
pp_10,58.3,0.0,0.0,58.3,1.2
pp_10,49.2,0.0,10.0,59.2,1.2
pp_10,60.7,0.0,10.0,70.7,1.01
pp_10,67.2,0.0,0.0,67.2,0.84
pp_10,60.4,0.0,0.0,60.4,0.55
pp_10,60.9,0.0,10.0,70.9,0.42
pp_10,58.1,0.0,0.0,58.1,0.37
pp_10,49.7,10.0,0.0,59.7,0.35
pp_10,61.0,0.0,10.0,71.0,0.29
pp_10,56.8,0.0,10.0,66.8,0.54
pp_10,47.4,0.0,0.0,47.4,0.8
pp_10,61.0,0.0,10.0,71.0,0.72
pp_10,48.3,0.0,10.0,58.3,1.04
pp_10,58.2,0.0,0.0,58.2,1.6
pp_10,61.9,0.0,10.0,71.9,1.27
pp_10,57.6,0.0,10.0,67.6,1.6
pp_10,48.1,0.0,10.0,58.1,1.42
pp_10,60.9,0.0,10.0,70.9,1.24
pp_10,57.4,0.0,10.0,67.4,1.27
pp_10,47.3,0.0,10.0,57.3,1.18
pp_10,61.0,0.0,0.0,61.0,1.13
pp_10,57.3,0.0,10.0,67.3,1.29
pp_10,47.2,0.0,10.0,57.2,1.28
pp_10,62.0,10.0,0.0,72.0,0.68
pp_10,59.5,0.0,0.0,59.5,0.65
pp_10,59.8,0.0,0.0,59.8,0.77
pp_10,61.0,0.0,10.0,71.0,0.6
pp_10,56.7,0.0,10.0,66.7,0.35
pp_10,46.9,0.0,10.0,56.9,0.37
pp_10,61.0,0.0,0.0,61.0,0.97
pp_10,48.4,0.0,0.0,48.4,1.29
pp_10,47.9,0.0,10.0,57.9,0.8
pp_10,60.7,0.0,0.0,60.7,0.68
pp_10,57.0,0.0,10.0,67.0,0.48
pp_10,47.1,0.0,10.0,57.1,0.55
pp_10,60.8,0.0,0.0,60.8,0.58
pp_10,56.7,0.0,10.0,66.7,0.57
pp_10,47.0,0.0,10.0,57.0,0.68
pp_10,60.9,0.0,10.0,70.9,0.57
pp_10,56.9,0.0,10.0,66.9,0.72
pp_10,47.0,10.0,0.0,57.0,0.91
pp_10,60.9,0.0,10.0,70.9,0.68
pp_10,57.5,0.0,10.0,67.5,0.6
pp_10,47.1,0.0,10.0,57.1,0.66
pp_10,60.9,0.0,10.0,70.9,0.75
pp_10,57.4,0.0,10.0,67.4,1.01
pp_10,47.1,10.0,0.0,57.1,1.5
pp_10,61.0,0.0,0.0,61.0,1.98
pp_10,49.2,0.0,10.0,59.2,2.87
pp_10,46.9,0.0,0.0,46.9,4.0
pp_10,60.9,0.0,10.0,70.9,3.86
pp_10,59.0,0.0,0.0,59.0,5.46
pp_10,48.2,0.0,10.0,58.2,7.29
pp_10,61.1,0.0,10.0,71.1,8.38
pp_10,57.1,0.0,0.0,57.1,13.12
pp_10,47.1,0.0,0.0,47.1,15.77
pp_10,72.4,0.0,0.0,72.4,10.95
pp_10,61.1,0.0,0.0,61.1,16.35
pp_10,49.7,10.0,0.0,59.7,16.91
pp_10,60.9,0.0,10.0,70.9,11.24
pp_10,56.9,0.0,10.0,66.9,11.72
pp_10,47.0,0.0,10.0,57.0,12.7
pp_10,61.3,0.0,10.0,71.3,6.94
pp_10,56.8,0.0,10.0,66.8,7.55
pp_10,56.8,0.0,0.0,56.8,6.01
pp_10,61.0,0.0,10.0,71.0,2.85
pp_10,56.9,0.0,10.0,66.9,3.19
pp_10,46.8,0.0,0.0,46.8,5.47
pp_10,60.8,0.0,10.0,70.8,0.97
pp_10,57.0,0.0,10.0,67.0,1.69
pp_10,47.0,0.0,0.0,47.0,3.31
pp_10,60.8,0.0,10.0,70.8,0.71
pp_10,48.5,10.0,0.0,58.5,1.52
pp_10,57.5,0.0,0.0,57.5,1.69
pp_10,62.5,0.0,10.0,72.5,2.96
pp_10,59.4,0.0,0.0,59.4,2.48
pp_10,59.5,0.0,0.0,59.5,2.26
pp_10,60.9,0.0,10.0,70.9,3.17
pp_10,48.7,0.0,10.0,58.7,2.76
pp_10,57.5,0.0,0.0,57.5,2.56
pp_10,72.9,0.0,0.0,72.9,3.2
pp_10,50.4,10.0,0.0,60.4,2.76
pp_10,58.6,0.0,0.0,58.6,2.7
pp_10,71.3,0.0,0.0,71.3,3.16
pp_10,60.6,0.0,0.0,60.6,2.23
pp_10,58.9,0.0,0.0,58.9,1.78
pp_10,61.1,0.0,10.0,71.1,1.33
pp_10,56.7,0.0,0.0,56.7,1.14
pp_10,47.3,0.0,10.0,57.3,1.12
pp_10,61.8,0.0,10.0,71.8,1.35
pp_10,57.4,0.0,0.0,57.4,1.91
pp_10,47.3,0.0,10.0,57.3,1.48
pp_10,60.8,0.0,10.0,70.8,1.49
pp_10,48.6,0.0,10.0,58.6,1.08
pp_10,48.2,10.0,0.0,58.2,0.96
pp_10,61.1,0.0,10.0,71.1,1.06
pp_10,57.3,0.0,0.0,57.3,2.91
pp_10,47.0,0.0,10.0,57.0,2.83
pp_10,61.0,0.0,10.0,71.0,2.49
pp_10,48.6,0.0,10.0,58.6,3.08
pp_10,47.0,0.0,10.0,57.0,2.64
pp_10,61.4,0.0,10.0,71.4,1.25
pp_10,56.8,0.0,10.0,66.8,2.33
pp_10,47.1,0.0,10.0,57.1,1.83
pp_10,61.9,0.0,10.0,71.9,1.96
pp_10,56.7,0.0,0.0,56.7,2.14
pp_10,47.9,0.0,10.0,57.9,1.93
pp_10,60.8,0.0,10.0,70.8,1.52
pp_10,57.6,0.0,0.0,57.6,1.4
pp_10,47.8,0.0,10.0,57.8,0.65
pp_10,60.8,0.0,10.0,70.8,0.52
pp_10,48.3,0.0,0.0,48.3,0.64
pp_10,48.4,0.0,10.0,58.4,0.28
pp_10,61.1,0.0,0.0,61.1,0.56
pp_10,48.3,0.0,0.0,48.3,1.03
pp_10,46.9,0.0,0.0,46.9,1.28
pp_10,61.2,0.0,0.0,61.2,1.97
pp_10,56.9,0.0,0.0,56.9,2.21
pp_10,47.1,0.0,0.0,47.1,2.66
pp_10,57.5,0.0,10.0,67.5,2.57
pp_10,58.5,0.0,0.0,58.5,2.61
pp_10,61.1,0.0,10.0,71.1,1.96
pp_10,61.8,0.0,10.0,71.8,1.53
pp_10,58.5,0.0,0.0,58.5,1.17
pp_10,49.4,10.0,0.0,59.4,1.06
pp_10,47.4,10.0,0.0,57.4,1.17
pp_10,48.3,0.0,0.0,48.3,1.54
pp_10,47.0,0.0,0.0,47.0,2.16
pp_10,47.4,10.0,0.0,57.4,2.66
pp_10,58.3,0.0,0.0,58.3,4.05
pp_10,47.3,0.0,10.0,57.3,5.51
pp_10,46.8,0.0,10.0,56.8,6.8
pp_10,57.0,0.0,10.0,67.0,7.15
pp_10,48.4,0.0,10.0,58.4,7.49
pp_10,57.4,0.0,0.0,57.4,6.71
pp_10,57.2,0.0,10.0,67.2,5.57
pp_10,48.3,0.0,10.0,58.3,4.71
pp_10,58.4,0.0,0.0,58.4,3.79
pp_10,48.3,10.0,0.0,58.3,2.54
pp_10,47.9,0.0,10.0,57.9,1.84
pp_10,57.7,0.0,10.0,67.7,1.53
pp_10,57.7,0.0,10.0,67.7,1.6
pp_10,47.1,0.0,0.0,47.1,1.41
pp_10,57.3,0.0,0.0,57.3,1.82
pp_10,67.0,0.0,0.0,67.0,3.11
pp_10,61.4,0.0,10.0,71.4,4.31
pp_10,60.5,0.0,0.0,60.5,4.76
pp_10,58.6,0.0,0.0,58.6,5.78
pp_10,60.7,0.0,10.0,70.7,6.21
pp_10,62.2,0.0,0.0,62.2,8.65
pp_10,56.8,0.0,10.0,66.8,10.26
pp_10,47.0,0.0,0.0,47.0,12.66
pp_10,57.0,0.0,0.0,57.0,11.67
pp_10,57.6,0.0,10.0,67.6,10.83
pp_10,47.0,0.0,10.0,57.0,10.54
pp_10,46.8,0.0,10.0,56.8,10.65
pp_10,57.0,0.0,0.0,57.0,12.44
pp_10,47.8,0.0,10.0,57.8,9.37
pp_10,47.1,10.0,0.0,57.1,8.78
pp_10,58.7,0.0,0.0,58.7,5.24
pp_10,61.2,0.0,10.0,71.2,2.52
pp_10,70.1,0.0,0.0,70.1,1.93
pp_10,60.2,0.0,0.0,60.2,1.8
pp_10,60.8,0.0,10.0,70.8,2.74
pp_10,60.4,0.0,10.0,70.4,3.02
pp_10,57.3,0.0,10.0,67.3,3.31
pp_10,47.1,10.0,0.0,57.1,3.67
pp_10,58.4,0.0,0.0,58.4,3.79
pp_10,57.1,0.0,0.0,57.1,3.75
pp_10,47.1,0.0,0.0,47.1,3.85
pp_10,47.0,0.0,10.0,57.0,3.37
pp_10,57.2,0.0,10.0,67.2,3.14
pp_10,47.0,10.0,0.0,57.0,3.28
pp_10,57.3,0.0,0.0,57.3,3.09
pp_10,57.0,10.0,0.0,67.0,3.3
pp_10,49.1,0.0,10.0,59.1,2.62
pp_10,57.7,0.0,0.0,57.7,2.62
pp_10,56.7,0.0,10.0,66.7,1.83
pp_10,47.0,0.0,0.0,47.0,1.78
pp_10,58.2,0.0,0.0,58.2,1.34
pp_10,48.2,10.0,0.0,58.2,0.77
pp_10,57.9,0.0,0.0,57.9,0.46
pp_10,58.6,0.0,10.0,68.6,0.36
pp_10,56.9,0.0,10.0,66.9,0.17
pp_10,47.3,0.0,0.0,47.3,0.11
pp_10,46.9,0.0,10.0,56.9,0.19
pp_10,67.1,0.0,0.0,67.1,0.26
pp_10,58.6,0.0,0.0,58.6,0.49
pp_10,58.9,0.0,10.0,68.9,0.41
pp_10,56.8,0.0,10.0,66.8,0.51
pp_10,46.9,0.0,0.0,46.9,0.73
pp_10,47.0,0.0,10.0,57.0,0.77
pp_10,56.9,0.0,10.0,66.9,0.82
pp_10,47.9,10.0,0.0,57.9,0.71
pp_10,57.9,0.0,10.0,67.9,0.53
pp_10,56.9,0.0,10.0,66.9,0.6
pp_10,48.2,10.0,0.0,58.2,0.47
pp_10,57.6,0.0,0.0,57.6,0.42
pp_10,57.0,0.0,10.0,67.0,0.63
pp_10,57.0,0.0,0.0,57.0,0.54
pp_10,57.9,0.0,0.0,57.9,0.45
pp_10,61.0,0.0,10.0,71.0,0.59
pp_10,46.9,0.0,0.0,46.9,1.07
pp_10,58.2,0.0,10.0,68.2,0.94
pp_10,52.6,10.0,0.0,62.6,1.08
pp_10,47.7,0.0,10.0,57.7,1.16
pp_10,58.2,0.0,0.0,58.2,1.1
pp_10,60.9,0.0,10.0,70.9,0.77
pp_10,57.3,0.0,0.0,57.3,0.68
pp_10,58.2,0.0,0.0,58.2,0.76
pp_10,70.8,0.0,0.0,70.8,0.57
pp_10,60.4,0.0,0.0,60.4,0.69
pp_10,57.8,0.0,0.0,57.8,0.71
pp_10,61.1,0.0,10.0,71.1,0.67
pp_10,47.0,0.0,10.0,57.0,0.99
pp_10,56.9,0.0,10.0,66.9,1.41
pp_10,60.8,0.0,10.0,70.8,2.1
pp_10,47.3,0.0,0.0,47.3,3.71
pp_10,46.9,10.0,0.0,56.9,4.03
pp_10,61.4,0.0,10.0,71.4,4.36
pp_10,57.5,0.0,0.0,57.5,7.42
pp_10,58.6,0.0,0.0,58.6,11.57
pp_10,52.8,10.0,0.0,62.8,14.45
pp_10,58.3,0.0,0.0,58.3,17.21
pp_10,48.0,10.0,0.0,58.0,17.01
pp_10,61.6,0.0,0.0,61.6,14.89
pp_10,47.2,10.0,0.0,57.2,16.05
pp_10,59.0,0.0,10.0,69.0,10.63
pp_10,62.6,0.0,0.0,62.6,11.63
pp_10,48.2,10.0,0.0,58.2,12.15
pp_10,57.8,0.0,0.0,57.8,11.12
pp_10,60.8,0.0,0.0,60.8,9.26
pp_10,47.1,0.0,10.0,57.1,10.5
pp_10,56.7,0.0,0.0,56.7,9.74
pp_10,71.1,0.0,0.0,71.1,4.52
pp_10,48.5,0.0,10.0,58.5,9.01
pp_10,58.8,0.0,0.0,58.8,8.39
pp_10,61.7,0.0,10.0,71.7,4.4
pp_10,59.1,0.0,0.0,59.1,8.62
pp_10,58.2,0.0,10.0,68.2,6.17
pp_10,61.3,10.0,0.0,71.3,5.77
pp_10,50.3,10.0,0.0,60.3,9.42
pp_10,47.8,10.0,0.0,57.8,9.88
pp_10,52.6,10.0,0.0,62.6,7.86
pp_10,49.0,0.0,10.0,59.0,8.51
pp_10,57.3,0.0,0.0,57.3,8.36
pp_10,61.3,0.0,0.0,61.3,6.72
pp_10,47.1,0.0,10.0,57.1,8.2
pp_10,46.8,10.0,0.0,56.8,7.65
pp_10,52.5,0.0,0.0,52.5,7.94
pp_10,47.0,0.0,10.0,57.0,6.29
pp_10,47.9,10.0,0.0,57.9,5.54
pp_10,62.7,0.0,0.0,62.7,2.68
pp_10,49.3,0.0,10.0,59.3,7.41
pp_10,57.5,0.0,0.0,57.5,10.28
pp_10,61.0,10.0,0.0,71.0,11.89
pp_10,48.1,10.0,0.0,58.1,12.15
pp_10,46.9,10.0,0.0,56.9,11.94
pp_10,71.0,0.0,0.0,71.0,11.12
pp_10,58.9,0.0,0.0,58.9,10.4
pp_10,59.3,0.0,0.0,59.3,9.4
pp_10,71.0,0.0,0.0,71.0,7.85
pp_10,48.4,10.0,0.0,58.4,6.84
pp_10,47.7,10.0,0.0,57.7,6.07
pp_10,70.9,0.0,0.0,70.9,5.5
pp_10,61.0,0.0,10.0,71.0,6.95
pp_10,60.0,0.0,0.0,60.0,12.38
pp_10,71.1,0.0,0.0,71.1,13.12
pp_10,49.3,0.0,10.0,59.3,18.55
pp_10,56.9,0.0,0.0,56.9,16.94
pp_10,60.9,0.0,10.0,70.9,6.44
pp_10,47.9,0.0,10.0,57.9,1.31
pp_10,47.0,10.0,0.0,57.0,2.21
pp_10,52.3,10.0,0.0,62.3,2.1
pp_10,48.2,0.0,10.0,58.2,2.02
pp_10,47.5,10.0,0.0,57.5,1.96
pp_reset,61.0,0.0,0.0,61.0,1.91
pp_reset,47.8,10.0,0.0,57.8,1.85
pp_reset,47.7,10.0,0.0,57.7,1.82
pp_reset,60.6,0.0,0.0,60.6,1.79
pp_reset,46.9,0.0,0.0,46.9,1.77
pp_reset,57.0,0.0,0.0,57.0,1.74
pp_reset,61.2,0.0,0.0,61.2,1.72
pp_reset,46.8,0.0,10.0,56.8,1.71
pp_reset,57.0,0.0,0.0,57.0,1.69
pp_reset,60.9,0.0,10.0,70.9,1.68
pp_reset,58.5,0.0,0.0,58.5,1.67
pp_reset,60.4,0.0,10.0,70.4,1.67
pp_reset,60.8,0.0,10.0,70.8,1.66
pp_reset,47.1,0.0,0.0,47.1,1.66
pp_reset,58.5,0.0,10.0,68.5,1.65
pp_reset,60.6,0.0,10.0,70.6,1.65
pp_reset,47.3,0.0,0.0,47.3,1.65
pp_reset,46.8,0.0,10.0,56.8,1.64
pp_reset,52.7,0.0,10.0,62.7,1.64
pp_reset,47.3,0.0,0.0,47.3,1.64
pp_reset,57.2,0.0,0.0,57.2,1.64
pp_reset,61.5,0.0,10.0,71.5,1.63
pp_reset,48.3,0.0,10.0,58.3,1.63
pp_reset,47.4,0.0,10.0,57.4,1.63
pp_reset,60.9,0.0,0.0,60.9,1.63
pp_reset,46.9,0.0,10.0,56.9,1.63
pp_reset,57.1,0.0,0.0,57.1,1.63
pp_reset,60.9,0.0,0.0,60.9,1.63
pp_reset,48.2,10.0,0.0,58.2,1.63
pp_reset,57.3,0.0,0.0,57.3,1.63
pp_reset,70.9,0.0,0.0,70.9,1.63
pp_reset,62.5,0.0,0.0,62.5,1.63
pp_reset,59.4,0.0,10.0,69.4,1.63
pp_reset,61.0,0.0,10.0,71.0,1.63
pp_reset,47.1,0.0,10.0,57.1,1.63
pp_reset,58.0,0.0,0.0,58.0,1.63
pp_reset,61.0,0.0,10.0,71.0,1.63
pp_reset,47.0,0.0,10.0,57.0,1.63
pp_reset,47.5,0.0,10.0,57.5,1.63
pp_reset,60.7,0.0,0.0,60.7,1.63
pp_reset,46.9,0.0,10.0,56.9,1.63
pp_reset,56.9,0.0,0.0,56.9,1.63
pp_reset,61.8,0.0,10.0,71.8,1.63
pp_reset,46.9,0.0,10.0,56.9,1.63
pp_reset,57.3,0.0,0.0,57.3,1.63
pp_reset,62.5,0.0,0.0,62.5,1.63
pp_reset,60.4,0.0,0.0,60.4,1.63
pp_reset,58.6,0.0,0.0,58.6,1.63
pp_reset,61.1,0.0,10.0,71.1,1.63
pp_reset,48.2,0.0,10.0,58.2,1.63
pp_reset,57.7,0.0,0.0,57.7,1.63
pp_reset,52.5,0.0,10.0,62.5,1.63
pp_reset,47.8,0.0,0.0,47.8,1.63
pp_reset,58.2,0.0,0.0,58.2,1.63
pp_reset,61.4,0.0,10.0,71.4,1.63
pp_reset,47.3,0.0,10.0,57.3,1.63
pp_reset,47.3,0.0,10.0,57.3,1.63
pp_reset,60.7,0.0,10.0,70.7,1.63
pp_reset,57.0,0.0,0.0,57.0,1.63
pp_reset,58.4,0.0,0.0,58.4,1.63
pp_11,271.7,0.0,0.0,271.7,0.22
pp_11,60.2,0.0,0.0,60.2,0.67
pp_11,57.7,0.0,0.0,57.7,1.27
pp_11,61.6,0.0,10.0,71.6,2.32
pp_11,47.0,10.0,0.0,57.0,3.02
pp_11,57.3,0.0,0.0,57.3,3.62
pp_11,61.1,0.0,10.0,71.1,4.3
pp_11,57.4,0.0,0.0,57.4,4.73
pp_11,59.8,0.0,0.0,59.8,5.09
pp_11,63.1,0.0,10.0,73.1,5.5
pp_11,57.5,0.0,0.0,57.5,5.76
pp_11,56.8,0.0,0.0,56.8,5.98
pp_11,71.7,0.0,0.0,71.7,6.22
pp_11,59.9,0.0,0.0,59.9,6.37
pp_11,58.3,0.0,0.0,58.3,6.51
pp_11,61.0,0.0,0.0,61.0,6.62
pp_11,57.2,0.0,0.0,57.2,6.74
pp_11,58.0,0.0,10.0,68.0,6.84
pp_11,60.9,10.0,0.0,70.9,6.91
pp_11,47.5,0.0,10.0,57.5,6.96
pp_11,57.0,0.0,0.0,57.0,7.01
pp_11,70.8,0.0,0.0,70.8,7.06
pp_11,59.0,0.0,0.0,59.0,7.09
pp_11,57.7,0.0,10.0,67.7,7.13
pp_11,73.2,0.0,0.0,73.2,0.0
pp_11,59.8,0.0,0.0,59.8,13.06
pp_11,58.7,0.0,0.0,58.7,15.12
pp_11,60.7,0.0,10.0,70.7,15.26
pp_11,57.1,0.0,0.0,57.1,20.02
pp_11,47.3,10.0,0.0,57.3,19.22
pp_11,71.0,0.0,10.0,81.0,10.29
pp_11,61.6,0.0,10.0,71.6,13.44
pp_11,62.0,0.0,10.0,72.0,12.48
pp_11,61.9,10.0,0.0,71.9,11.67
pp_11,57.9,0.0,0.0,57.9,15.48
pp_11,57.1,0.0,0.0,57.1,12.6
pp_11,71.1,0.0,0.0,71.1,4.34
pp_11,59.9,0.0,0.0,59.9,7.49
pp_11,59.0,0.0,0.0,59.0,9.2
pp_11,70.8,0.0,0.0,70.8,9.31
pp_11,58.7,0.0,0.0,58.7,8.86
pp_11,59.1,0.0,10.0,69.1,7.98
pp_11,61.0,0.0,10.0,71.0,7.34
pp_11,57.0,0.0,0.0,57.0,6.73
pp_11,58.8,0.0,10.0,68.8,6.05
pp_11,61.2,0.0,10.0,71.2,6.02
pp_11,57.4,0.0,0.0,57.4,6.39
pp_11,58.1,0.0,0.0,58.1,10.62
pp_11,71.0,0.0,0.0,71.0,13.13
pp_11,75.3,0.0,10.0,85.3,15.82
pp_11,98.3,0.0,0.0,98.3,14.88
pp_11,110.5,0.0,10.0,120.5,12.16
pp_11,123.2,10.0,0.0,133.2,9.6
pp_11,94.9,0.0,0.0,94.9,13.68
pp_11,76.9,0.0,10.0,86.9,21.96
pp_11,72.8,10.0,0.0,82.8,24.7
pp_11,70.1,10.0,0.0,80.1,25.76
pp_11,67.6,10.0,0.0,77.6,24.64
pp_11,75.3,0.0,0.0,75.3,21.78
pp_11,69.1,0.0,0.0,69.1,19.04
pp_11,66.5,0.0,0.0,66.5,16.09
pp_11,65.0,0.0,0.0,65.0,13.91
pp_11,59.9,0.0,0.0,59.9,13.46
pp_11,59.1,0.0,0.0,59.1,12.44
pp_11,70.9,0.0,0.0,70.9,9.88
pp_11,59.4,0.0,0.0,59.4,11.04
pp_11,59.0,0.0,0.0,59.0,10.97
pp_11,60.7,0.0,10.0,70.7,9.2
pp_11,58.4,0.0,0.0,58.4,9.38
pp_11,57.0,0.0,0.0,57.0,10.02
pp_11,60.7,0.0,10.0,70.7,7.54
pp_11,47.2,10.0,0.0,57.2,5.52
pp_11,58.1,0.0,10.0,68.1,4.93
pp_11,64.5,0.0,0.0,64.5,5.96
pp_11,60.9,0.0,0.0,60.9,6.86
pp_11,57.9,0.0,0.0,57.9,8.2
pp_11,61.6,0.0,10.0,71.6,8.28
pp_11,47.0,10.0,0.0,57.0,8.19
pp_11,56.9,0.0,0.0,56.9,9.07
pp_11,73.1,0.0,0.0,73.1,8.09
pp_11,57.6,0.0,0.0,57.6,8.21
pp_11,57.9,0.0,0.0,57.9,8.57
pp_11,60.8,0.0,10.0,70.8,8.06
pp_11,57.1,0.0,0.0,57.1,8.71
pp_11,57.2,0.0,0.0,57.2,9.35
pp_11,73.2,0.0,0.0,73.2,8.74
pp_11,61.2,0.0,0.0,61.2,9.29
pp_11,60.7,0.0,10.0,70.7,6.41
pp_11,72.7,0.0,0.0,72.7,4.36
pp_11,58.3,0.0,0.0,58.3,4.56
pp_11,57.9,0.0,0.0,57.9,6.55
pp_11,60.9,0.0,10.0,70.9,9.07
pp_11,57.2,0.0,0.0,57.2,5.6
pp_11,56.8,0.0,0.0,56.8,4.96
pp_11,71.5,0.0,0.0,71.5,4.9
pp_11,58.5,0.0,0.0,58.5,4.85
pp_11,57.5,0.0,0.0,57.5,4.82
pp_11,60.9,0.0,10.0,70.9,4.78
pp_11,58.2,0.0,0.0,58.2,4.76
pp_11,57.6,0.0,0.0,57.6,4.74
pp_11,61.5,0.0,10.0,71.5,4.71
pp_11,58.6,0.0,10.0,68.6,4.7
pp_11,59.7,0.0,0.0,59.7,4.69
pp_11,60.9,0.0,0.0,60.9,4.68
pp_11,58.0,0.0,0.0,58.0,4.67
pp_11,56.9,0.0,0.0,56.9,4.66
pp_11,61.0,0.0,10.0,71.0,4.66
pp_11,57.9,0.0,0.0,57.9,4.65
pp_11,57.7,0.0,0.0,57.7,4.65
pp_11,72.4,0.0,0.0,72.4,4.64
pp_11,58.7,0.0,0.0,58.7,4.64
pp_11,59.3,0.0,10.0,69.3,4.64
pp_11,61.0,0.0,10.0,71.0,4.64
pp_11,47.0,10.0,0.0,57.0,4.64
pp_11,56.9,0.0,0.0,56.9,4.63
pp_11,70.8,0.0,0.0,70.8,4.63
pp_11,59.5,0.0,0.0,59.5,4.63
pp_11,59.7,0.0,10.0,69.7,4.63
pp_11,61.0,0.0,10.0,71.0,0.0
pp_11,57.2,0.0,0.0,57.2,13.16
pp_11,58.0,0.0,0.0,58.0,16.9
pp_11,60.8,0.0,10.0,70.8,14.65
pp_11,58.2,0.0,0.0,58.2,19.18
pp_11,58.1,0.0,10.0,68.1,14.95
pp_11,73.0,0.0,0.0,73.0,12.49
pp_11,59.3,0.0,10.0,69.3,14.2
pp_11,61.2,0.0,10.0,71.2,15.69
pp_11,61.0,0.0,10.0,71.0,11.76
pp_11,57.6,0.0,0.0,57.6,16.09
pp_11,59.2,0.0,10.0,69.2,12.79
pp_11,61.8,0.0,10.0,71.8,13.46
pp_11,47.3,10.0,0.0,57.3,13.89
pp_11,57.1,0.0,10.0,67.1,11.03
pp_11,60.7,0.0,10.0,70.7,10.2
pp_11,57.2,0.0,0.0,57.2,9.28
pp_11,57.2,0.0,0.0,57.2,8.33
pp_11,60.9,0.0,10.0,70.9,7.04
pp_11,57.8,0.0,0.0,57.8,6.27
pp_11,59.4,0.0,0.0,59.4,5.62
pp_11,64.7,0.0,0.0,64.7,4.75
pp_11,47.6,0.0,10.0,57.6,4.49
pp_11,57.5,0.0,0.0,57.5,4.66
pp_11,60.8,0.0,10.0,70.8,4.42
pp_11,57.0,0.0,0.0,57.0,5.01
pp_11,59.4,0.0,0.0,59.4,5.43
pp_11,71.6,0.0,0.0,71.6,4.33
pp_11,60.6,0.0,0.0,60.6,4.42
pp_11,61.0,0.0,0.0,61.0,4.1
pp_11,70.9,0.0,0.0,70.9,2.88
pp_11,59.1,0.0,0.0,59.1,2.93
pp_11,58.0,0.0,10.0,68.0,2.11
pp_11,61.9,0.0,10.0,71.9,1.89
pp_11,57.3,0.0,10.0,67.3,1.51
pp_11,60.9,0.0,10.0,70.9,5.12
pp_11,60.8,0.0,10.0,70.8,8.25
pp_11,46.9,10.0,0.0,56.9,10.6
pp_11,56.8,0.0,0.0,56.8,12.0
pp_11,60.8,0.0,10.0,70.8,9.51
pp_11,57.9,0.0,10.0,67.9,8.89
pp_11,59.8,0.0,10.0,69.8,10.93
pp_11,64.7,0.0,0.0,64.7,8.22
pp_11,58.7,0.0,0.0,58.7,9.97
pp_11,57.2,0.0,10.0,67.2,7.56
pp_11,61.5,10.0,0.0,71.5,8.43
pp_11,57.5,0.0,0.0,57.5,10.39
pp_11,58.2,0.0,0.0,58.2,10.38
pp_11,60.9,0.0,10.0,70.9,8.32
pp_11,58.5,0.0,0.0,58.5,8.2
pp_11,57.1,0.0,0.0,57.1,6.43
pp_11,73.0,0.0,0.0,73.0,3.45
pp_11,61.1,0.0,10.0,71.1,3.48
pp_11,60.8,0.0,0.0,60.8,5.0
pp_11,60.8,0.0,10.0,70.8,5.58
pp_11,47.8,10.0,0.0,57.8,7.09
pp_11,56.8,0.0,10.0,66.8,6.49
pp_11,61.8,0.0,10.0,71.8,6.27
pp_11,57.2,0.0,0.0,57.2,5.01
pp_11,57.2,0.0,0.0,57.2,3.86
pp_11,61.0,0.0,10.0,71.0,4.12
pp_11,60.6,0.0,10.0,70.6,5.02
pp_11,73.6,0.0,0.0,73.6,5.27
pp_11,65.9,0.0,0.0,65.9,5.23
pp_11,61.4,0.0,10.0,71.4,5.56
pp_11,60.7,0.0,10.0,70.7,4.8
pp_11,60.8,0.0,10.0,70.8,4.47
pp_11,58.7,0.0,0.0,58.7,4.53
pp_11,56.7,0.0,0.0,56.7,4.37
pp_11,60.7,0.0,10.0,70.7,4.5
pp_11,58.6,0.0,0.0,58.6,5.23
pp_11,58.5,0.0,0.0,58.5,6.02
pp_11,60.9,0.0,0.0,60.9,5.87
pp_11,47.0,0.0,10.0,57.0,6.45
pp_11,56.9,0.0,0.0,56.9,6.43
pp_11,72.0,0.0,0.0,72.0,4.91
pp_11,60.6,0.0,0.0,60.6,4.8
pp_11,57.2,0.0,0.0,57.2,4.14
pp_11,60.9,10.0,0.0,70.9,2.38
pp_11,60.5,0.0,0.0,60.5,2.03
pp_11,59.3,0.0,10.0,69.3,0.73
pp_11,60.9,0.0,10.0,70.9,0.41
pp_11,47.1,10.0,0.0,57.1,0.88
pp_11,57.2,0.0,0.0,57.2,2.0
pp_11,60.9,0.0,10.0,70.9,3.7
pp_11,57.2,0.0,0.0,57.2,4.86
pp_11,46.9,10.0,0.0,56.9,5.6
pp_11,60.9,0.0,10.0,70.9,6.96
pp_11,58.6,0.0,10.0,68.6,9.25
pp_11,60.1,0.0,10.0,70.1,11.43
pp_11,61.0,0.0,10.0,71.0,14.26
pp_11,47.3,0.0,10.0,57.3,13.55
pp_11,58.1,0.0,10.0,68.1,10.93
pp_11,71.9,0.0,0.0,71.9,10.19
pp_11,58.9,0.0,0.0,58.9,9.84
pp_11,58.4,0.0,10.0,68.4,6.36
pp_11,61.1,0.0,10.0,71.1,5.44
pp_11,57.2,0.0,0.0,57.2,4.7
pp_11,57.2,0.0,10.0,67.2,2.19
pp_11,61.0,0.0,10.0,71.0,1.67
pp_11,57.2,0.0,0.0,57.2,1.8
pp_11,57.0,0.0,0.0,57.0,1.61
pp_11,70.8,0.0,0.0,70.8,1.4
pp_11,60.4,0.0,0.0,60.4,1.64
pp_11,59.7,0.0,0.0,59.7,1.98
pp_11,72.9,0.0,0.0,72.9,3.17
pp_11,59.6,0.0,0.0,59.6,4.62
pp_11,59.0,0.0,0.0,59.0,6.39
pp_11,61.0,0.0,10.0,71.0,7.54
pp_11,47.0,10.0,0.0,57.0,9.14
pp_11,57.2,0.0,10.0,67.2,8.26
pp_11,60.8,0.0,10.0,70.8,8.03
pp_11,57.2,0.0,0.0,57.2,8.13
pp_11,57.1,0.0,0.0,57.1,7.37
pp_11,71.9,0.0,10.0,81.9,3.12
pp_11,63.9,0.0,10.0,73.9,2.58
pp_11,65.2,10.0,0.0,75.2,2.93
pp_11,74.0,0.0,0.0,74.0,3.3
pp_11,62.2,0.0,10.0,72.2,3.08
pp_11,61.5,0.0,10.0,71.5,3.03
pp_11,61.1,0.0,10.0,71.1,3.34
pp_11,56.9,0.0,0.0,56.9,4.02
pp_11,56.8,0.0,0.0,56.8,4.56
pp_11,60.9,0.0,10.0,70.9,5.02
pp_11,57.2,0.0,0.0,57.2,6.15
pp_11,57.1,0.0,0.0,57.1,6.82
pp_11,61.1,10.0,0.0,71.1,5.96
pp_11,58.2,0.0,0.0,58.2,7.16
pp_11,58.0,0.0,10.0,68.0,6.32
pp_11,60.8,10.0,0.0,70.8,6.47
pp_11,57.5,0.0,0.0,57.5,6.57
pp_11,57.2,0.0,0.0,57.2,5.66
pp_11,60.8,0.0,10.0,70.8,3.95
pp_11,58.7,0.0,0.0,58.7,3.08
pp_11,57.1,0.0,0.0,57.1,2.52
pp_11,62.0,0.0,10.0,72.0,2.79
pp_11,57.0,0.0,0.0,57.0,2.74
pp_11,56.7,0.0,0.0,56.7,2.33
pp_11,61.9,0.0,10.0,71.9,2.08
pp_11,57.4,0.0,0.0,57.4,1.84
pp_11,57.2,0.0,0.0,57.2,1.66
pp_11,71.4,0.0,0.0,71.4,1.9
pp_11,60.3,0.0,10.0,70.3,2.25
pp_11,61.2,0.0,10.0,71.2,1.71
pp_11,64.3,0.0,0.0,64.3,1.78
pp_11,58.2,0.0,0.0,58.2,1.79
pp_11,56.7,0.0,0.0,56.7,1.41
pp_11,62.0,10.0,0.0,72.0,0.99
pp_11,57.0,0.0,0.0,57.0,0.94
pp_11,57.6,0.0,10.0,67.6,0.56
pp_11,72.9,0.0,0.0,72.9,0.64
pp_11,58.3,0.0,0.0,58.3,0.74
pp_11,58.4,0.0,10.0,68.4,1.36
pp_11,60.9,0.0,10.0,70.9,2.39
pp_11,47.3,10.0,0.0,57.3,4.4
pp_11,57.2,0.0,0.0,57.2,7.14
pp_11,61.1,0.0,10.0,71.1,8.85
pp_11,57.8,0.0,10.0,67.8,7.42
pp_11,60.2,0.0,10.0,70.2,6.82
pp_11,61.0,0.0,10.0,71.0,5.85
pp_11,57.4,0.0,0.0,57.4,5.02
pp_11,57.9,0.0,0.0,57.9,4.23
pp_11,73.0,0.0,0.0,73.0,2.49
pp_11,60.6,0.0,10.0,70.6,1.99
pp_11,60.2,0.0,0.0,60.2,1.69
pp_11,60.9,0.0,10.0,70.9,1.54
pp_11,48.3,10.0,0.0,58.3,1.89
pp_11,58.3,0.0,10.0,68.3,1.92
pp_11,61.0,10.0,0.0,71.0,2.07
pp_11,57.6,0.0,0.0,57.6,2.17
pp_11,57.0,0.0,0.0,57.0,2.19
pp_11,61.6,10.0,0.0,71.6,2.05
pp_11,58.3,0.0,0.0,58.3,2.03
pp_11,58.7,0.0,10.0,68.7,1.59
pp_11,73.1,0.0,0.0,73.1,1.52
pp_11,58.5,0.0,10.0,68.5,1.21
pp_11,65.2,0.0,10.0,75.2,0.98
pp_11,73.5,0.0,0.0,73.5,0.9
pp_11,59.5,0.0,0.0,59.5,0.84
pp_11,58.4,0.0,10.0,68.4,0.72
pp_11,60.7,0.0,10.0,70.7,0.73
pp_11,47.3,0.0,10.0,57.3,0.82
pp_11,57.6,0.0,10.0,67.6,0.69
pp_11,60.9,0.0,10.0,70.9,0.7
pp_11,57.0,0.0,0.0,57.0,0.49
pp_11,58.4,0.0,0.0,58.4,0.38
pp_11,61.5,0.0,10.0,71.5,0.25
pp_11,47.3,0.0,10.0,57.3,0.2
pp_11,58.7,0.0,10.0,68.7,0.23
pp_11,60.7,10.0,0.0,70.7,0.19
pp_11,58.1,0.0,0.0,58.1,0.3
pp_11,57.9,0.0,0.0,57.9,0.11
pp_11,71.0,0.0,0.0,71.0,0.06
pp_11,59.4,0.0,0.0,59.4,0.03
pp_11,57.6,0.0,0.0,57.6,0.11
pp_11,71.0,0.0,0.0,71.0,0.5
pp_11,60.6,0.0,0.0,60.6,0.42
pp_11,58.5,0.0,0.0,58.5,0.2
pp_11,60.9,0.0,10.0,70.9,0.22
pp_11,47.1,0.0,10.0,57.1,0.53
pp_11,57.1,0.0,10.0,67.1,0.6
pp_11,73.3,0.0,0.0,73.3,1.38
pp_11,60.9,0.0,0.0,60.9,2.96
pp_11,58.6,0.0,10.0,68.6,3.39
pp_11,61.4,0.0,10.0,71.4,4.88
pp_11,47.1,0.0,10.0,57.1,6.65
pp_11,57.9,0.0,0.0,57.9,6.68
pp_11,60.8,0.0,10.0,70.8,5.43
pp_11,68.4,0.0,0.0,68.4,5.61
pp_11,57.9,0.0,0.0,57.9,4.69
pp_11,61.1,0.0,10.0,71.1,3.24
pp_11,57.6,0.0,0.0,57.6,2.66
pp_11,58.4,0.0,0.0,58.4,2.16
pp_11,72.1,0.0,0.0,72.1,1.64
pp_11,59.4,0.0,0.0,59.4,1.81
pp_11,58.2,0.0,0.0,58.2,1.84
pp_11,61.5,0.0,10.0,71.5,1.83
pp_11,47.3,0.0,10.0,57.3,1.6
pp_11,57.1,0.0,10.0,67.1,1.61
pp_11,60.8,0.0,10.0,70.8,1.55
pp_11,57.5,0.0,0.0,57.5,1.48
pp_11,57.2,0.0,0.0,57.2,1.25
pp_11,61.1,0.0,10.0,71.1,1.11
pp_11,47.2,0.0,10.0,57.2,1.19
pp_11,57.2,0.0,0.0,57.2,1.19
pp_11,72.9,0.0,0.0,72.9,1.24
pp_11,58.7,0.0,0.0,58.7,1.13
pp_11,58.0,0.0,0.0,58.0,1.13
pp_11,61.3,0.0,10.0,71.3,1.11
pp_11,57.2,0.0,0.0,57.2,1.25
pp_11,57.3,0.0,0.0,57.3,1.42
pp_11,61.0,0.0,10.0,71.0,1.32
pp_11,47.2,0.0,10.0,57.2,1.28
pp_11,59.0,0.0,0.0,59.0,1.13
pp_11,71.1,0.0,0.0,71.1,1.0
pp_11,60.0,0.0,0.0,60.0,0.76
pp_11,59.2,0.0,0.0,59.2,1.17
pp_11,60.9,0.0,10.0,70.9,2.3
pp_11,47.6,0.0,10.0,57.6,4.44
pp_11,57.1,0.0,0.0,57.1,6.56
pp_11,72.7,0.0,0.0,72.7,7.3
pp_11,60.7,0.0,0.0,60.7,8.83
pp_11,60.2,0.0,0.0,60.2,8.78
pp_11,61.2,0.0,10.0,71.2,9.01
pp_11,47.4,10.0,0.0,57.4,9.81
pp_11,56.8,0.0,0.0,56.8,11.66
pp_11,61.0,0.0,10.0,71.0,10.98
pp_11,47.5,0.0,10.0,57.5,13.48
pp_11,56.9,0.0,0.0,56.9,15.45
pp_11,71.7,0.0,0.0,71.7,12.22
pp_11,48.7,0.0,10.0,58.7,17.65
pp_11,56.9,0.0,0.0,56.9,17.59
pp_11,62.5,10.0,0.0,72.5,11.72
pp_11,58.6,0.0,0.0,58.6,15.91
pp_11,57.2,0.0,0.0,57.2,14.93
pp_11,60.9,0.0,10.0,70.9,9.19
pp_11,48.4,10.0,0.0,58.4,12.7
pp_11,58.2,0.0,0.0,58.2,11.88
pp_11,61.1,10.0,0.0,71.1,7.09
pp_11,57.7,0.0,0.0,57.7,10.81
pp_11,59.6,0.0,0.0,59.6,9.34
pp_11,61.0,0.0,10.0,71.0,5.6
pp_11,57.3,0.0,0.0,57.3,9.38
pp_11,57.1,0.0,0.0,57.1,8.56
pp_11,60.9,10.0,0.0,70.9,3.78
pp_11,58.4,0.0,0.0,58.4,7.9
pp_11,58.3,0.0,0.0,58.3,7.83
pp_11,61.4,10.0,0.0,71.4,3.86
pp_11,59.3,0.0,0.0,59.3,4.6
pp_11,56.8,0.0,0.0,56.8,3.87
pp_11,61.3,0.0,10.0,71.3,3.99
pp_11,47.2,0.0,10.0,57.2,2.84
pp_11,57.0,0.0,0.0,57.0,2.01
pp_11,71.0,0.0,0.0,71.0,2.75
pp_11,61.8,0.0,10.0,71.8,3.13
pp_11,62.0,0.0,10.0,72.0,3.45
pp_11,72.2,0.0,0.0,72.2,3.49
pp_11,61.3,0.0,0.0,61.3,3.47
pp_11,59.4,0.0,10.0,69.4,2.99
pp_11,61.0,0.0,10.0,71.0,3.02
pp_11,47.9,10.0,0.0,57.9,3.29
pp_11,57.1,0.0,0.0,57.1,3.83
pp_11,73.2,0.0,0.0,73.2,3.73
pp_11,59.2,0.0,0.0,59.2,3.48
pp_11,58.4,0.0,0.0,58.4,3.85
pp_11,71.3,0.0,0.0,71.3,3.2
pp_11,49.1,10.0,0.0,59.1,3.03
pp_11,57.2,0.0,10.0,67.2,2.26
pp_11,71.5,0.0,0.0,71.5,2.1
pp_11,59.3,0.0,0.0,59.3,2.35
pp_11,59.2,0.0,10.0,69.2,2.84
pp_11,60.8,0.0,10.0,70.8,3.3
pp_11,47.7,10.0,0.0,57.7,3.67
pp_11,57.7,0.0,10.0,67.7,3.88
pp_11,61.2,0.0,10.0,71.2,4.23
pp_11,47.2,0.0,10.0,57.2,4.42
pp_11,56.9,0.0,0.0,56.9,4.21
pp_11,72.7,0.0,0.0,72.7,3.3
pp_11,61.6,0.0,10.0,71.6,2.83
pp_11,59.4,0.0,0.0,59.4,2.75
pp_11,61.2,0.0,10.0,71.2,2.68
pp_11,57.6,0.0,0.0,57.6,2.64
pp_11,58.6,0.0,10.0,68.6,3.11
pp_11,61.2,0.0,10.0,71.2,3.47
pp_11,57.7,0.0,10.0,67.7,4.4
pp_11,61.0,0.0,10.0,71.0,5.07
pp_11,71.6,0.0,0.0,71.6,5.28
pp_11,58.4,0.0,0.0,58.4,5.99
pp_11,57.1,0.0,0.0,57.1,6.75
pp_11,61.3,10.0,0.0,71.3,6.56
pp_11,59.1,0.0,10.0,69.1,5.87
pp_11,60.3,0.0,0.0,60.3,5.58
pp_11,61.9,10.0,0.0,71.9,3.43
pp_11,58.0,0.0,0.0,58.0,2.8
pp_11,57.1,0.0,0.0,57.1,2.34
pp_11,72.3,0.0,0.0,72.3,2.63
pp_11,59.1,0.0,0.0,59.1,3.98
pp_11,57.8,0.0,0.0,57.8,4.28
pp_11,71.3,0.0,0.0,71.3,3.43
pp_11,59.6,0.0,0.0,59.6,4.26
pp_11,57.6,0.0,10.0,67.6,3.64
pp_11,61.0,0.0,10.0,71.0,4.04
pp_11,57.8,0.0,0.0,57.8,4.94
pp_11,57.1,0.0,0.0,57.1,4.64
pp_11,73.0,0.0,0.0,73.0,3.94
pp_11,59.5,0.0,0.0,59.5,4.62
pp_11,60.5,0.0,10.0,70.5,5.47
pp_11,71.0,0.0,0.0,71.0,5.72
pp_11,59.1,0.0,0.0,59.1,6.37
pp_11,57.2,0.0,0.0,57.2,6.61
pp_11,72.1,0.0,10.0,82.1,3.85
pp_11,61.5,0.0,10.0,71.5,4.43
pp_11,60.8,0.0,10.0,70.8,4.01
pp_11,61.1,0.0,10.0,71.1,3.79
pp_11,47.8,10.0,0.0,57.8,3.2
pp_11,57.0,0.0,10.0,67.0,2.17
pp_11,71.4,0.0,0.0,71.4,1.82
pp_11,60.1,0.0,0.0,60.1,1.82
pp_11,58.6,0.0,0.0,58.6,2.07
pp_11,71.1,0.0,0.0,71.1,2.34
pp_11,59.0,0.0,0.0,59.0,2.76
pp_11,57.7,0.0,0.0,57.7,3.29
pp_11,61.4,0.0,10.0,71.4,3.82
pp_11,47.9,10.0,0.0,57.9,4.32
pp_11,57.2,0.0,0.0,57.2,4.49
pp_11,60.9,0.0,10.0,70.9,3.9
pp_11,47.5,0.0,10.0,57.5,4.16
pp_11,57.0,0.0,0.0,57.0,4.21
pp_11,71.3,0.0,0.0,71.3,3.78
pp_11,59.8,0.0,0.0,59.8,4.75
pp_11,58.6,0.0,10.0,68.6,3.84
pp_11,61.8,0.0,10.0,71.8,3.73
pp_11,57.6,0.0,0.0,57.6,4.03
pp_11,57.0,0.0,10.0,67.0,3.78
pp_11,72.0,0.0,0.0,72.0,2.49
pp_11,48.6,10.0,0.0,58.6,2.13
pp_11,57.4,0.0,0.0,57.4,1.59
pp_11,71.2,0.0,0.0,71.2,0.74
pp_11,58.4,0.0,0.0,58.4,0.54
pp_11,57.1,0.0,0.0,57.1,0.67
pp_11,71.3,0.0,0.0,71.3,1.19
pp_11,59.7,0.0,0.0,59.7,1.22
pp_11,59.3,0.0,10.0,69.3,1.47
pp_11,70.8,0.0,0.0,70.8,1.44
pp_11,58.4,0.0,10.0,68.4,1.2
pp_11,59.9,0.0,0.0,59.9,0.77
pp_11,61.1,0.0,10.0,71.1,0.79
pp_11,57.2,0.0,0.0,57.2,0.48
pp_11,57.4,0.0,0.0,57.4,0.56
pp_11,60.9,0.0,10.0,70.9,0.63
pp_11,57.2,0.0,0.0,57.2,0.57
pp_11,57.8,0.0,0.0,57.8,0.61
pp_11,71.2,0.0,0.0,71.2,0.63
pp_11,58.5,0.0,0.0,58.5,0.46
pp_11,57.2,0.0,0.0,57.2,0.46
pp_11,72.7,0.0,0.0,72.7,0.66
pp_11,58.6,0.0,0.0,58.6,0.69
pp_11,57.2,0.0,0.0,57.2,0.52
pp_11,61.3,0.0,10.0,71.3,0.57
pp_11,57.2,0.0,0.0,57.2,0.59
pp_11,57.4,0.0,0.0,57.4,0.58
pp_11,60.9,0.0,10.0,70.9,0.72
pp_11,57.1,0.0,10.0,67.1,0.63
pp_11,57.9,0.0,0.0,57.9,0.6
pp_11,71.3,0.0,0.0,71.3,0.55
pp_11,59.0,0.0,10.0,69.0,0.49
pp_11,59.8,0.0,10.0,69.8,0.48
pp_11,64.3,0.0,10.0,74.3,0.52
pp_11,57.1,0.0,0.0,57.1,0.54
pp_11,57.3,0.0,0.0,57.3,0.45
pp_11,61.3,0.0,0.0,61.3,0.21
pp_11,67.0,0.0,0.0,67.0,0.2
pp_11,57.5,0.0,0.0,57.5,0.34
pp_11,61.6,0.0,10.0,71.6,0.61
pp_11,60.2,0.0,0.0,60.2,0.7
pp_11,58.0,0.0,0.0,58.0,0.65
pp_11,61.1,0.0,10.0,71.1,0.6
pp_11,57.4,0.0,0.0,57.4,0.51
pp_11,57.8,0.0,0.0,57.8,0.46
pp_11,61.1,0.0,10.0,71.1,0.44
pp_11,57.4,0.0,0.0,57.4,0.46
pp_11,56.9,0.0,0.0,56.9,0.41
pp_11,61.5,0.0,10.0,71.5,0.44
pp_11,47.4,10.0,0.0,57.4,0.39
pp_11,58.2,0.0,10.0,68.2,0.38
pp_11,70.9,0.0,0.0,70.9,0.36
pp_11,58.1,0.0,0.0,58.1,0.39
pp_11,58.0,0.0,0.0,58.0,0.44
pp_11,60.9,0.0,10.0,70.9,0.39
pp_11,47.1,0.0,10.0,57.1,0.4
pp_11,56.9,0.0,0.0,56.9,0.4
pp_11,60.9,0.0,10.0,70.9,0.29
pp_11,58.1,0.0,0.0,58.1,0.31
pp_11,57.0,0.0,0.0,57.0,0.32
pp_11,73.4,0.0,0.0,73.4,0.39
pp_11,62.2,0.0,0.0,62.2,0.28
pp_11,59.7,0.0,0.0,59.7,0.16
pp_11,61.2,0.0,10.0,71.2,0.16
pp_11,58.3,0.0,0.0,58.3,0.33
pp_11,57.2,0.0,0.0,57.2,1.25
pp_11,61.0,10.0,0.0,71.0,2.21
pp_11,58.5,0.0,0.0,58.5,4.2
pp_11,58.1,0.0,0.0,58.1,5.8
pp_11,61.1,10.0,0.0,71.1,5.88
pp_11,57.6,0.0,0.0,57.6,6.82
pp_11,58.0,0.0,0.0,58.0,6.13
pp_11,61.0,0.0,10.0,71.0,4.2
pp_11,57.2,0.0,0.0,57.2,3.47
pp_11,57.1,0.0,0.0,57.1,2.95
pp_11,61.0,0.0,10.0,71.0,1.89
pp_11,57.7,0.0,0.0,57.7,2.29
pp_11,57.2,0.0,10.0,67.2,2.36
pp_11,61.5,0.0,10.0,71.5,3.25
pp_11,60.5,0.0,10.0,70.5,4.67
pp_11,60.9,0.0,10.0,70.9,6.98
pp_11,61.7,0.0,10.0,71.7,9.48
pp_11,58.1,0.0,0.0,58.1,12.75
pp_11,58.6,0.0,0.0,58.6,14.37
pp_11,61.0,0.0,10.0,71.0,11.49
pp_11,47.8,0.0,10.0,57.8,15.01
pp_11,56.6,0.0,0.0,56.6,14.66
pp_11,62.6,10.0,0.0,72.6,8.67
pp_11,47.7,10.0,0.0,57.7,13.65
pp_11,57.8,0.0,0.0,57.8,11.71
pp_11,61.0,0.0,10.0,71.0,9.4
pp_11,57.5,0.0,0.0,57.5,6.03
pp_11,57.4,0.0,0.0,57.4,5.27
pp_11,60.8,0.0,0.0,60.8,4.71
pp_11,46.9,10.0,0.0,56.9,2.74
pp_11,47.0,10.0,0.0,57.0,2.47
pp_11,71.4,0.0,0.0,71.4,3.49
pp_11,58.8,0.0,0.0,58.8,3.57
pp_11,57.1,0.0,0.0,57.1,4.04
pp_11,61.9,0.0,10.0,71.9,5.33
pp_11,58.4,0.0,0.0,58.4,5.38
pp_11,57.0,0.0,0.0,57.0,5.56
pp_11,61.0,0.0,10.0,71.0,6.14
pp_11,58.6,0.0,0.0,58.6,6.1
pp_11,60.4,0.0,10.0,70.4,6.24
pp_11,60.9,0.0,10.0,70.9,5.95
pp_11,58.0,0.0,0.0,58.0,5.52
pp_11,57.5,0.0,0.0,57.5,5.16
pp_11,61.3,10.0,0.0,71.3,4.67
pp_11,58.3,0.0,0.0,58.3,4.18
pp_11,57.1,0.0,0.0,57.1,3.72
pp_11,70.8,0.0,0.0,70.8,3.19
pp_11,59.1,0.0,0.0,59.1,2.74
pp_11,57.4,0.0,0.0,57.4,2.4
pp_11,73.1,0.0,0.0,73.1,2.04
pp_11,59.8,0.0,0.0,59.8,1.71
pp_11,59.0,0.0,0.0,59.0,1.47
pp_11,72.7,0.0,0.0,72.7,1.38
pp_11,60.6,0.0,0.0,60.6,6.96
pp_11,59.3,0.0,0.0,59.3,13.52
pp_11,61.1,0.0,10.0,71.1,13.08
pp_11,58.9,0.0,0.0,58.9,17.36
pp_11,57.0,0.0,0.0,57.0,17.87
pp_11,60.9,0.0,10.0,70.9,16.14
pp_11,57.8,0.0,0.0,57.8,17.17
pp_11,57.0,0.0,0.0,57.0,16.43
pp_11,60.9,0.0,10.0,70.9,13.8
pp_11,58.1,0.0,0.0,58.1,14.0
pp_11,58.4,0.0,0.0,58.4,12.8
pp_11,61.7,0.0,10.0,71.7,8.25
pp_11,57.3,0.0,0.0,57.3,5.52
pp_11,58.1,0.0,0.0,58.1,6.1
pp_11,72.5,0.0,0.0,72.5,6.42
pp_11,59.3,0.0,10.0,69.3,4.49
pp_11,60.6,0.0,10.0,70.6,7.91
pp_11,61.1,10.0,0.0,71.1,9.87
pp_reset,59.5,0.0,0.0,59.5,13.84
pp_reset,56.8,0.0,10.0,66.8,5.84
pp_reset,61.1,0.0,10.0,71.1,8.93
pp_reset,47.5,10.0,0.0,57.5,14.09
pp_reset,57.8,0.0,0.0,57.8,15.6
pp_reset,71.7,0.0,0.0,71.7,16.25
pp_reset,59.3,0.0,0.0,59.3,19.5
pp_reset,58.3,0.0,0.0,58.3,20.45
pp_reset,62.1,0.0,10.0,72.1,17.04
pp_reset,47.8,10.0,0.0,57.8,16.55
pp_reset,58.2,0.0,0.0,58.2,13.8
pp_reset,61.9,10.0,0.0,71.9,9.46
pp_reset,58.2,0.0,0.0,58.2,8.22
pp_reset,58.1,0.0,0.0,58.1,6.87
pp_reset,72.5,0.0,0.0,72.5,4.69
pp_reset,48.1,10.0,0.0,58.1,4.18
pp_reset,58.0,0.0,0.0,58.0,3.96
pp_reset,61.1,10.0,0.0,71.1,4.27
pp_reset,59.1,0.0,0.0,59.1,4.3
pp_reset,57.3,0.0,0.0,57.3,4.06
pp_reset,61.1,0.0,10.0,71.1,3.7
pp_reset,47.5,10.0,0.0,57.5,3.31
pp_reset,56.8,0.0,0.0,56.8,3.76
pp_reset,61.2,10.0,0.0,71.2,3.92
pp_reset,48.1,0.0,10.0,58.1,4.02
pp_reset,57.2,0.0,0.0,57.2,3.81
pp_reset,73.0,0.0,0.0,73.0,3.45
pp_reset,49.7,10.0,0.0,59.7,2.54
pp_reset,62.9,0.0,10.0,72.9,2.15
pp_reset,72.2,0.0,0.0,72.2,1.52
pp_reset,48.5,10.0,0.0,58.5,1.5
pp_reset,56.9,0.0,0.0,56.9,2.41
pp_reset,71.1,0.0,0.0,71.1,5.4
pp_reset,59.0,0.0,0.0,59.0,8.9
pp_reset,61.7,0.0,10.0,71.7,12.87
pp_reset,73.5,0.0,0.0,73.5,7.77
pp_reset,49.0,0.0,10.0,59.0,6.47
pp_reset,56.8,0.0,0.0,56.8,6.52
pp_reset,70.9,0.0,0.0,70.9,6.56
pp_reset,48.6,0.0,10.0,58.6,6.59
pp_reset,57.1,0.0,0.0,57.1,6.62
pp_reset,56.9,0.0,10.0,66.9,6.64
pp_reset,48.6,0.0,10.0,58.6,6.66
pp_reset,57.2,0.0,10.0,67.2,6.68
pp_reset,59.5,0.0,10.0,69.5,6.69
pp_reset,47.3,0.0,0.0,47.3,6.7
pp_reset,57.1,0.0,0.0,57.1,6.71
pp_reset,57.0,0.0,0.0,57.0,6.72
pp_reset,57.3,0.0,0.0,57.3,6.73
pp_reset,59.2,0.0,10.0,69.2,6.74
pp_reset,60.3,0.0,10.0,70.3,6.74
pp_reset,47.3,0.0,10.0,57.3,6.74
pp_reset,57.6,0.0,0.0,57.6,6.75
pp_reset,59.0,0.0,10.0,69.0,6.75
pp_reset,57.4,0.0,0.0,57.4,6.75
pp_reset,56.9,0.0,0.0,56.9,6.76
pp_reset,58.1,0.0,0.0,58.1,6.76
pp_reset,57.6,0.0,0.0,57.6,6.76
pp_reset,57.3,0.0,0.0,57.3,6.76
pp_reset,57.2,0.0,0.0,57.2,6.76
pp_12,49.3,210.0,0.0,259.3,0.32
pp_12,58.5,0.0,0.0,58.5,5.48
pp_12,57.0,0.0,0.0,57.0,4.8
pp_12,47.3,0.0,10.0,57.3,3.86
pp_12,57.6,0.0,0.0,57.6,3.26
pp_12,57.1,0.0,0.0,57.1,2.76
pp_12,48.5,0.0,10.0,58.5,2.19
pp_12,58.1,0.0,0.0,58.1,1.84
pp_12,58.4,0.0,0.0,58.4,1.53
pp_12,47.3,0.0,10.0,57.3,1.2
pp_12,47.2,10.0,0.0,57.2,0.99
pp_12,58.4,0.0,0.0,58.4,0.81
pp_12,47.6,0.0,10.0,57.6,0.61
pp_12,58.8,0.0,0.0,58.8,0.49
pp_12,58.4,0.0,0.0,58.4,0.39
pp_12,47.5,0.0,10.0,57.5,0.28
pp_12,57.6,0.0,0.0,57.6,0.22
pp_12,58.7,0.0,0.0,58.7,0.18
pp_12,48.0,0.0,0.0,48.0,0.15
pp_12,47.1,10.0,0.0,57.1,0.15
pp_12,57.1,0.0,0.0,57.1,0.16
pp_12,47.2,0.0,10.0,57.2,0.01
pp_12,56.7,0.0,0.0,56.7,9.22
pp_12,57.5,0.0,0.0,57.5,14.34
pp_12,48.2,10.0,0.0,58.2,18.32
pp_12,57.9,0.0,0.0,57.9,19.0
pp_12,58.8,0.0,0.0,58.8,18.14
pp_12,47.3,0.0,0.0,47.3,21.27
pp_12,57.4,0.0,0.0,57.4,17.13
pp_12,58.5,0.0,0.0,58.5,15.68
pp_12,47.6,0.0,0.0,47.6,18.3
pp_12,58.7,0.0,0.0,58.7,14.6
pp_12,57.5,0.0,0.0,57.5,14.92
pp_12,47.2,0.0,10.0,57.2,16.44
pp_12,57.1,0.0,0.0,57.1,17.21
pp_12,57.1,0.0,0.0,57.1,17.58
pp_12,48.3,0.0,10.0,58.3,17.36
pp_12,57.6,0.0,0.0,57.6,17.13
pp_12,58.3,0.0,0.0,58.3,14.25
pp_12,47.2,0.0,10.0,57.2,16.31
pp_12,57.6,0.0,0.0,57.6,17.48
pp_12,58.0,0.0,0.0,58.0,17.47
pp_12,47.5,0.0,0.0,47.5,20.32
pp_12,57.0,0.0,0.0,57.0,16.54
pp_12,57.0,0.0,0.0,57.0,15.41
pp_12,47.3,0.0,10.0,57.3,14.5
pp_12,47.1,10.0,0.0,57.1,13.19
pp_12,57.7,0.0,0.0,57.7,9.6
pp_12,59.1,0.0,0.0,59.1,9.36
pp_12,62.5,0.0,0.0,62.5,10.16
pp_12,59.0,0.0,0.0,59.0,11.1
pp_12,47.4,0.0,0.0,47.4,13.5
pp_12,56.9,0.0,0.0,56.9,15.33
pp_12,57.2,0.0,0.0,57.2,18.03
pp_12,48.0,0.0,10.0,58.0,18.15
pp_12,58.4,0.0,0.0,58.4,18.44
pp_12,59.0,0.0,0.0,59.0,17.53
pp_12,48.6,0.0,10.0,58.6,13.06
pp_12,46.8,10.0,0.0,56.8,10.23
pp_12,57.2,0.0,0.0,57.2,7.45
pp_12,47.7,0.0,10.0,57.7,5.12
pp_12,57.4,0.0,0.0,57.4,4.18
pp_12,58.5,0.0,0.0,58.5,3.72
pp_12,46.9,0.0,0.0,46.9,3.57
pp_12,57.9,0.0,0.0,57.9,4.31
pp_12,59.5,0.0,0.0,59.5,4.53
pp_12,50.9,0.0,0.0,50.9,4.69
pp_12,58.1,0.0,0.0,58.1,4.67
pp_12,59.9,0.0,0.0,59.9,4.12
pp_12,51.6,0.0,10.0,61.6,3.76
pp_12,57.7,0.0,0.0,57.7,3.98
pp_12,57.1,0.0,0.0,57.1,3.81
pp_12,51.3,0.0,10.0,61.3,3.64
pp_12,57.8,0.0,0.0,57.8,3.58
pp_12,57.8,0.0,0.0,57.8,3.52
pp_12,62.8,0.0,0.0,62.8,3.46
pp_12,60.2,0.0,0.0,60.2,3.42
pp_12,58.9,0.0,0.0,58.9,3.39
pp_12,62.7,0.0,0.0,62.7,3.35
pp_12,58.6,0.0,0.0,58.6,3.33
pp_12,57.4,0.0,0.0,57.4,3.31
pp_12,51.3,0.0,10.0,61.3,3.29
pp_12,57.0,0.0,0.0,57.0,3.27
pp_12,57.5,0.0,0.0,57.5,3.26
pp_12,51.1,0.0,0.0,51.1,3.25
pp_12,56.8,0.0,0.0,56.8,3.24
pp_12,56.9,0.0,0.0,56.9,3.23
pp_12,51.6,0.0,10.0,61.6,3.22
pp_12,57.6,0.0,0.0,57.6,3.22
pp_12,57.1,0.0,0.0,57.1,3.21
pp_12,61.4,0.0,0.0,61.4,0.0
pp_12,62.4,0.0,0.0,62.4,1.34
pp_12,59.8,0.0,0.0,59.8,0.92
pp_12,51.6,0.0,0.0,51.6,2.94
pp_12,58.1,0.0,0.0,58.1,5.5
pp_12,59.0,0.0,0.0,59.0,7.19
pp_12,52.4,0.0,0.0,52.4,7.41
pp_12,57.2,0.0,0.0,57.2,11.56
pp_12,57.4,0.0,0.0,57.4,15.5
pp_12,61.6,0.0,0.0,61.6,17.22
pp_12,58.6,0.0,0.0,58.6,18.8
pp_12,57.2,0.0,0.0,57.2,15.99
pp_12,51.3,0.0,10.0,61.3,9.58
pp_12,57.8,0.0,0.0,57.8,7.59
pp_12,58.9,0.0,0.0,58.9,5.53
pp_12,62.7,0.0,0.0,62.7,2.64
pp_12,58.8,0.0,0.0,58.8,3.21
pp_12,57.3,0.0,0.0,57.3,3.88
pp_12,51.2,10.0,0.0,61.2,3.16
pp_12,57.6,0.0,0.0,57.6,4.14
pp_12,58.1,0.0,0.0,58.1,4.32
pp_12,52.1,0.0,10.0,62.1,2.62
pp_12,57.0,0.0,0.0,57.0,2.63
pp_12,57.5,0.0,0.0,57.5,1.68
pp_12,51.2,0.0,0.0,51.2,1.19
pp_12,58.5,0.0,0.0,58.5,2.12
pp_12,60.0,0.0,0.0,60.0,2.63
pp_12,65.1,0.0,10.0,75.1,3.61
pp_12,63.7,0.0,0.0,63.7,3.38
pp_12,55.0,0.0,10.0,65.0,3.66
pp_12,64.3,0.0,0.0,64.3,3.44
pp_12,59.6,0.0,0.0,59.6,3.35
pp_12,59.6,0.0,0.0,59.6,3.1
pp_12,51.3,0.0,0.0,51.3,2.7
pp_12,56.8,0.0,0.0,56.8,2.2
pp_12,59.0,0.0,0.0,59.0,2.06
pp_12,52.5,0.0,10.0,62.5,2.32
pp_12,57.2,0.0,0.0,57.2,2.69
pp_12,57.6,0.0,0.0,57.6,3.26
pp_12,61.6,0.0,0.0,61.6,3.92
pp_12,46.9,10.0,0.0,56.9,4.41
pp_12,57.4,0.0,0.0,57.4,4.68
pp_12,60.9,0.0,10.0,70.9,4.86
pp_12,57.2,0.0,0.0,57.2,10.95
pp_12,57.3,0.0,0.0,57.3,13.42
pp_12,51.5,0.0,0.0,51.5,14.18
pp_12,57.4,0.0,0.0,57.4,12.74
pp_12,58.0,0.0,0.0,58.0,12.04
pp_12,62.8,0.0,0.0,62.8,9.26
pp_12,71.2,10.0,0.0,81.2,6.58
pp_12,94.6,0.0,10.0,104.6,3.27
pp_12,104.8,0.0,10.0,114.8,3.57
pp_12,101.9,10.0,10.0,121.9,3.11
pp_12,97.3,0.0,0.0,97.3,4.84
pp_12,91.2,0.0,0.0,91.2,5.54
pp_12,108.7,0.0,10.0,118.7,5.93
pp_12,74.6,10.0,0.0,84.6,8.61
pp_12,73.6,0.0,0.0,73.6,8.46
pp_12,62.5,10.0,0.0,72.5,7.58
pp_12,56.1,0.0,0.0,56.1,7.33
pp_12,53.3,0.0,0.0,53.3,5.7
pp_12,51.6,0.0,0.0,51.6,4.92
pp_12,58.1,0.0,0.0,58.1,6.47
pp_12,58.4,0.0,0.0,58.4,11.32
pp_12,51.3,0.0,10.0,61.3,3.45
pp_12,57.1,0.0,0.0,57.1,2.62
pp_12,58.2,0.0,0.0,58.2,2.65
pp_12,51.7,0.0,0.0,51.7,2.65
pp_12,46.8,0.0,10.0,56.8,2.67
pp_12,57.9,0.0,0.0,57.9,2.68
pp_12,51.6,10.0,0.0,61.6,2.69
pp_12,58.4,0.0,0.0,58.4,2.7
pp_12,57.4,0.0,0.0,57.4,2.71
pp_12,51.5,0.0,0.0,51.5,2.71
pp_12,57.8,0.0,0.0,57.8,2.72
pp_12,56.9,0.0,0.0,56.9,2.73
pp_12,51.2,0.0,0.0,51.2,2.74
pp_12,58.0,0.0,0.0,58.0,2.74
pp_12,57.3,0.0,0.0,57.3,2.75
pp_12,61.7,0.0,0.0,61.7,2.75
pp_12,57.4,0.0,0.0,57.4,2.75
pp_12,57.2,0.0,0.0,57.2,2.76
pp_12,62.4,0.0,0.0,62.4,2.76
pp_12,60.9,0.0,0.0,60.9,2.76
pp_12,62.6,0.0,0.0,62.6,2.76
pp_12,51.1,0.0,10.0,61.1,2.77
pp_12,57.9,0.0,0.0,57.9,2.77
pp_12,57.2,0.0,0.0,57.2,2.77
pp_12,51.1,0.0,0.0,51.1,2.77
pp_12,57.4,0.0,0.0,57.4,2.77
pp_12,58.5,0.0,0.0,58.5,2.77
pp_12,51.2,0.0,10.0,61.2,2.77
pp_12,57.1,0.0,0.0,57.1,2.77
pp_12,58.7,0.0,0.0,58.7,2.77
pp_12,51.3,0.0,10.0,61.3,0.0
pp_12,57.0,0.0,0.0,57.0,10.29
pp_12,56.9,0.0,0.0,56.9,15.16
pp_12,51.3,0.0,0.0,51.3,18.11
pp_12,57.0,0.0,0.0,57.0,10.97
pp_12,58.3,0.0,0.0,58.3,6.8
pp_12,62.8,0.0,0.0,62.8,4.68
pp_12,60.0,0.0,0.0,60.0,7.85
pp_12,57.4,0.0,0.0,57.4,10.52
pp_12,51.6,0.0,0.0,51.6,12.78
pp_12,47.0,10.0,0.0,57.0,12.53
pp_12,58.1,0.0,0.0,58.1,11.8
pp_12,51.9,0.0,10.0,61.9,9.48
pp_12,57.0,0.0,0.0,57.0,10.52
pp_12,57.9,0.0,0.0,57.9,11.74
pp_12,51.4,0.0,10.0,61.4,12.34
pp_12,58.8,0.0,0.0,58.8,16.23
pp_12,58.0,0.0,0.0,58.0,17.7
pp_12,51.3,0.0,0.0,51.3,18.52
pp_12,58.0,0.0,0.0,58.0,15.66
pp_12,57.6,0.0,0.0,57.6,14.9
pp_12,61.2,0.0,0.0,61.2,12.01
pp_12,61.5,0.0,0.0,61.5,11.74
pp_12,58.4,0.0,0.0,58.4,10.35
pp_12,51.5,0.0,10.0,61.5,6.69
pp_12,57.7,0.0,0.0,57.7,6.39
pp_12,57.5,0.0,0.0,57.5,6.08
pp_12,51.7,0.0,10.0,61.7,4.07
pp_12,57.1,0.0,0.0,57.1,5.02
pp_12,57.8,0.0,0.0,57.8,6.07
pp_12,62.1,0.0,0.0,62.1,7.33
pp_12,59.9,0.0,0.0,59.9,8.83
pp_12,59.1,0.0,0.0,59.1,8.65
pp_12,51.6,0.0,10.0,61.6,7.0
pp_12,57.3,0.0,0.0,57.3,5.7
pp_12,57.6,0.0,0.0,57.6,4.45
pp_12,61.0,0.0,10.0,71.0,3.86
pp_12,57.1,0.0,0.0,57.1,4.05
pp_12,59.6,0.0,0.0,59.6,4.45
pp_12,51.5,0.0,10.0,61.5,4.97
pp_12,57.4,0.0,0.0,57.4,5.07
pp_12,61.1,0.0,0.0,61.1,5.12
pp_12,51.6,0.0,0.0,51.6,5.02
pp_12,57.0,0.0,0.0,57.0,4.56
pp_12,57.1,0.0,0.0,57.1,4.13
pp_12,51.8,0.0,0.0,51.8,3.91
pp_12,57.1,0.0,0.0,57.1,3.42
pp_12,57.7,0.0,0.0,57.7,3.56
pp_12,51.2,0.0,10.0,61.2,3.73
pp_12,58.7,0.0,0.0,58.7,4.9
pp_12,58.2,0.0,0.0,58.2,5.8
pp_12,52.0,0.0,10.0,62.0,6.11
pp_12,57.0,0.0,0.0,57.0,7.49
pp_12,57.3,0.0,0.0,57.3,7.9
pp_12,51.3,0.0,10.0,61.3,7.04
pp_12,58.7,0.0,0.0,58.7,9.0
pp_12,57.6,0.0,0.0,57.6,10.3
pp_12,51.6,10.0,0.0,61.6,10.31
pp_12,57.3,0.0,0.0,57.3,12.77
pp_12,57.8,0.0,0.0,57.8,14.4
pp_12,52.2,0.0,10.0,62.2,13.32
pp_12,57.4,0.0,0.0,57.4,14.97
pp_12,59.0,0.0,0.0,59.0,15.22
pp_12,61.1,0.0,0.0,61.1,15.19
pp_12,58.1,0.0,0.0,58.1,13.05
pp_12,58.9,0.0,10.0,68.9,10.07
pp_12,63.6,0.0,0.0,63.6,9.42
pp_12,59.4,0.0,0.0,59.4,8.42
pp_12,57.6,0.0,0.0,57.6,6.95
pp_12,51.6,0.0,10.0,61.6,4.16
pp_12,59.1,0.0,0.0,59.1,4.96
pp_12,58.5,0.0,0.0,58.5,6.15
pp_12,51.6,0.0,10.0,61.6,7.61
pp_12,57.6,0.0,0.0,57.6,9.19
pp_12,57.9,0.0,0.0,57.9,9.99
pp_12,62.7,0.0,10.0,72.7,9.98
pp_12,60.3,0.0,0.0,60.3,11.14
pp_12,59.6,0.0,0.0,59.6,11.6
pp_12,52.3,0.0,10.0,62.3,11.05
pp_12,58.1,0.0,0.0,58.1,12.7
pp_12,57.4,0.0,0.0,57.4,13.19
pp_12,51.6,0.0,10.0,61.6,11.13
pp_12,57.3,0.0,0.0,57.3,12.05
pp_12,57.4,0.0,0.0,57.4,11.44
pp_12,51.3,0.0,10.0,61.3,7.94
pp_12,57.2,0.0,0.0,57.2,7.95
pp_12,58.1,0.0,0.0,58.1,7.06
pp_12,61.5,0.0,0.0,61.5,4.37
pp_12,59.0,0.0,0.0,59.0,4.65
pp_12,58.9,0.0,0.0,58.9,3.44
pp_12,51.7,0.0,10.0,61.7,1.49
pp_12,57.9,0.0,0.0,57.9,4.03
pp_12,59.1,0.0,0.0,59.1,7.85
pp_12,52.3,10.0,0.0,62.3,11.8
pp_12,57.5,0.0,0.0,57.5,13.84
pp_12,58.1,0.0,0.0,58.1,16.95
pp_12,52.7,10.0,0.0,62.7,21.82
pp_12,59.2,0.0,0.0,59.2,24.66
pp_12,57.9,0.0,0.0,57.9,24.46
pp_12,52.3,0.0,10.0,62.3,21.56
pp_12,56.9,0.0,0.0,56.9,21.66
pp_12,59.3,0.0,0.0,59.3,18.79
pp_12,51.3,0.0,10.0,61.3,16.68
pp_12,57.6,0.0,0.0,57.6,16.46
pp_12,58.0,0.0,0.0,58.0,14.44
pp_12,62.4,0.0,0.0,62.4,11.47
pp_12,60.8,0.0,0.0,60.8,11.4
pp_12,59.7,0.0,0.0,59.7,11.4
pp_12,51.5,0.0,10.0,61.5,10.22
pp_12,57.2,0.0,0.0,57.2,10.7
pp_12,57.8,0.0,0.0,57.8,9.28
pp_12,51.7,0.0,10.0,61.7,7.47
pp_12,47.2,10.0,0.0,57.2,8.62
pp_12,57.5,0.0,0.0,57.5,5.68
pp_12,52.9,10.0,0.0,62.9,6.52
pp_12,59.5,0.0,0.0,59.5,10.86
pp_12,57.9,0.0,0.0,57.9,15.24
pp_12,61.7,0.0,0.0,61.7,16.87
pp_12,59.2,0.0,0.0,59.2,18.89
pp_12,58.0,0.0,0.0,58.0,19.15
pp_12,51.6,0.0,10.0,61.6,16.88
pp_12,57.1,0.0,0.0,57.1,16.91
pp_12,58.2,0.0,0.0,58.2,15.35
pp_12,51.5,0.0,10.0,61.5,13.4
pp_12,57.0,0.0,0.0,57.0,14.18
pp_12,57.8,0.0,0.0,57.8,13.36
pp_12,61.4,0.0,0.0,61.4,12.07
pp_12,57.5,0.0,0.0,57.5,7.26
pp_12,53.2,0.0,10.0,63.2,8.11
pp_12,51.3,0.0,10.0,61.3,9.93
pp_12,57.0,0.0,0.0,57.0,10.36
pp_12,57.5,0.0,0.0,57.5,10.13
pp_12,51.5,0.0,10.0,61.5,9.21
pp_12,57.8,0.0,0.0,57.8,8.43
pp_12,58.4,0.0,0.0,58.4,7.63
pp_12,51.5,0.0,10.0,61.5,6.47
pp_12,58.3,0.0,0.0,58.3,5.96
pp_12,57.4,0.0,0.0,57.4,5.93
pp_12,51.8,0.0,10.0,61.8,5.68
pp_12,57.7,0.0,0.0,57.7,5.93
pp_12,57.2,0.0,0.0,57.2,5.97
pp_12,61.7,0.0,0.0,61.7,4.98
pp_12,60.5,0.0,0.0,60.5,5.0
pp_12,58.9,0.0,0.0,58.9,4.26
pp_12,60.9,0.0,0.0,60.9,3.5
pp_12,57.8,0.0,0.0,57.8,2.85
pp_12,57.8,0.0,0.0,57.8,3.06
pp_12,51.4,0.0,0.0,51.4,2.63
pp_12,56.9,0.0,0.0,56.9,1.37
pp_12,58.0,0.0,0.0,58.0,0.94
pp_12,61.0,10.0,0.0,71.0,0.66
pp_12,59.5,0.0,0.0,59.5,0.92
pp_12,58.3,0.0,0.0,58.3,1.25
pp_12,51.6,0.0,10.0,61.6,1.76
pp_12,57.2,0.0,0.0,57.2,1.86
pp_12,56.9,0.0,0.0,56.9,1.84
pp_12,51.4,0.0,0.0,51.4,1.92
pp_12,58.5,0.0,0.0,58.5,1.44
pp_12,57.9,0.0,0.0,57.9,1.19
pp_12,51.8,0.0,10.0,61.8,1.26
pp_12,47.1,10.0,0.0,57.1,1.15
pp_12,57.5,0.0,0.0,57.5,1.62
pp_12,61.2,10.0,0.0,71.2,1.9
pp_12,58.7,0.0,0.0,58.7,2.38
pp_12,57.1,0.0,0.0,57.1,2.79
pp_12,52.9,0.0,10.0,62.9,2.9
pp_12,56.9,0.0,0.0,56.9,3.0
pp_12,57.0,0.0,0.0,57.0,3.09
pp_12,61.1,0.0,10.0,71.1,3.22
pp_12,57.1,0.0,0.0,57.1,3.32
pp_12,57.3,0.0,0.0,57.3,3.35
pp_12,51.8,0.0,10.0,61.8,3.36
pp_12,58.0,0.0,0.0,58.0,3.38
pp_12,57.1,0.0,0.0,57.1,3.32
pp_12,51.3,0.0,0.0,51.3,3.45
pp_12,56.9,10.0,0.0,66.9,3.57
pp_12,57.6,0.0,0.0,57.6,3.83
pp_12,60.9,0.0,10.0,70.9,4.31
pp_12,57.4,0.0,0.0,57.4,5.43
pp_12,57.7,0.0,0.0,57.7,7.38
pp_12,71.2,0.0,0.0,71.2,10.11
pp_12,60.0,0.0,0.0,60.0,15.69
pp_12,58.1,0.0,0.0,58.1,19.28
pp_12,61.0,0.0,10.0,71.0,17.37
pp_12,47.3,0.0,10.0,57.3,22.36
pp_12,58.0,0.0,0.0,58.0,20.62
pp_12,51.8,0.0,0.0,51.8,21.12
pp_12,57.5,0.0,0.0,57.5,17.65
pp_12,57.4,0.0,0.0,57.4,16.35
pp_12,62.7,0.0,0.0,62.7,14.09
pp_12,59.9,0.0,0.0,59.9,14.99
pp_12,57.7,0.0,0.0,57.7,14.83
pp_12,61.4,0.0,0.0,61.4,12.8
pp_12,57.4,0.0,0.0,57.4,14.25
pp_12,57.5,0.0,0.0,57.5,13.42
pp_12,61.1,0.0,10.0,71.1,8.87
pp_12,58.8,0.0,0.0,58.8,13.16
pp_12,60.3,0.0,0.0,60.3,12.76
pp_12,61.1,0.0,0.0,61.1,12.23
pp_12,57.5,0.0,0.0,57.5,13.56
pp_12,58.7,0.0,0.0,58.7,12.75
pp_12,61.3,0.0,10.0,71.3,8.52
pp_12,56.8,0.0,0.0,56.8,13.32
pp_12,57.6,0.0,0.0,57.6,12.14
pp_12,52.2,0.0,0.0,52.2,12.94
pp_12,57.3,0.0,0.0,57.3,11.01
pp_12,57.3,0.0,0.0,57.3,10.46
pp_12,61.2,0.0,10.0,71.2,6.2
pp_12,58.0,0.0,0.0,58.0,11.33
pp_12,58.5,0.0,0.0,58.5,10.81
pp_12,60.8,0.0,10.0,70.8,7.25
pp_12,47.1,10.0,0.0,57.1,12.9
pp_12,57.2,0.0,0.0,57.2,13.27
pp_12,71.3,0.0,0.0,71.3,10.75
pp_12,60.1,0.0,0.0,60.1,16.09
pp_12,57.6,0.0,0.0,57.6,16.8
pp_12,51.3,0.0,10.0,61.3,15.1
pp_12,58.0,0.0,0.0,58.0,15.13
pp_12,58.9,0.0,0.0,58.9,14.24
pp_12,51.9,0.0,0.0,51.9,15.2
pp_12,57.5,0.0,0.0,57.5,12.29
pp_12,57.5,0.0,0.0,57.5,6.54
pp_12,61.3,0.0,10.0,71.3,5.67
pp_12,57.2,0.0,0.0,57.2,7.27
pp_12,57.2,0.0,0.0,57.2,7.46
pp_12,51.5,0.0,10.0,61.5,7.83
pp_12,57.7,0.0,0.0,57.7,6.87
pp_12,60.2,0.0,0.0,60.2,6.31
pp_12,51.4,0.0,0.0,51.4,5.26
pp_12,57.6,0.0,0.0,57.6,4.47
pp_12,57.7,0.0,0.0,57.7,4.6
pp_12,51.7,0.0,0.0,51.7,4.15
pp_12,57.3,0.0,0.0,57.3,3.95
pp_12,57.4,0.0,0.0,57.4,4.03
pp_12,52.4,0.0,10.0,62.4,3.92
pp_12,57.1,0.0,0.0,57.1,3.53
pp_12,58.2,0.0,0.0,58.2,2.72
pp_12,51.6,0.0,10.0,61.6,2.15
pp_12,58.0,0.0,0.0,58.0,3.32
pp_12,59.2,0.0,0.0,59.2,5.03
pp_12,61.0,0.0,10.0,71.0,5.39
pp_12,58.1,0.0,0.0,58.1,6.55
pp_12,57.1,0.0,0.0,57.1,6.1
pp_12,60.9,0.0,10.0,70.9,4.35
pp_12,47.0,10.0,0.0,57.0,4.11
pp_12,58.2,0.0,0.0,58.2,3.79
pp_12,51.4,0.0,10.0,61.4,3.32
pp_12,56.9,0.0,0.0,56.9,4.22
pp_12,57.4,0.0,0.0,57.4,4.05
pp_12,51.8,0.0,0.0,51.8,3.45
pp_12,58.4,0.0,0.0,58.4,3.25
pp_12,58.1,0.0,0.0,58.1,3.0
pp_12,51.5,0.0,0.0,51.5,2.89
pp_12,57.2,0.0,0.0,57.2,2.97
pp_12,57.4,0.0,0.0,57.4,3.22
pp_12,60.9,0.0,0.0,60.9,3.54
pp_12,47.3,10.0,0.0,57.3,3.93
pp_12,58.6,0.0,0.0,58.6,4.99
pp_12,61.2,0.0,0.0,61.2,5.8
pp_12,58.1,0.0,0.0,58.1,6.8
pp_12,57.5,0.0,0.0,57.5,6.96
pp_12,51.6,0.0,10.0,61.6,5.79
pp_12,57.9,0.0,0.0,57.9,5.37
pp_12,59.5,0.0,0.0,59.5,4.74
pp_12,62.5,0.0,0.0,62.5,3.23
pp_12,60.3,0.0,0.0,60.3,2.46
pp_12,58.1,0.0,0.0,58.1,1.58
pp_12,61.0,0.0,10.0,71.0,0.2
pp_12,57.9,0.0,0.0,57.9,0.13
pp_12,57.6,0.0,0.0,57.6,0.45
pp_12,52.3,0.0,10.0,62.3,1.68
pp_12,58.3,0.0,0.0,58.3,1.22
pp_12,57.9,0.0,0.0,57.9,1.35
pp_12,51.6,0.0,0.0,51.6,1.67
pp_12,57.4,0.0,0.0,57.4,1.9
pp_12,59.7,0.0,0.0,59.7,2.17
pp_12,60.9,0.0,0.0,60.9,2.51
pp_12,47.6,10.0,0.0,57.6,2.95
pp_12,57.4,0.0,0.0,57.4,4.31
pp_12,51.7,0.0,0.0,51.7,7.34
pp_12,47.1,10.0,0.0,57.1,11.49
pp_12,57.2,0.0,0.0,57.2,14.99
pp_12,51.4,0.0,0.0,51.4,18.19
pp_12,57.2,0.0,0.0,57.2,17.34
pp_12,58.0,0.0,0.0,58.0,16.67
pp_12,51.2,0.0,0.0,51.2,18.38
pp_12,57.0,0.0,0.0,57.0,14.57
pp_12,57.8,0.0,0.0,57.8,14.56
pp_12,61.0,0.0,10.0,71.0,11.68
pp_12,47.2,10.0,0.0,57.2,16.71
pp_12,58.1,0.0,0.0,58.1,15.63
pp_12,51.4,0.0,0.0,51.4,16.59
pp_12,57.1,0.0,0.0,57.1,13.64
pp_12,57.2,0.0,0.0,57.2,12.39
pp_12,51.3,0.0,10.0,61.3,10.56
pp_12,47.1,10.0,0.0,57.1,11.25
pp_12,57.2,0.0,0.0,57.2,10.37
pp_12,51.6,0.0,0.0,51.6,11.24
pp_12,57.5,0.0,0.0,57.5,9.03
pp_12,57.4,0.0,0.0,57.4,7.18
pp_12,51.6,10.0,0.0,61.6,2.25
pp_12,58.5,0.0,0.0,58.5,4.55
pp_12,59.4,0.0,0.0,59.4,7.06
pp_12,51.6,10.0,0.0,61.6,9.77
pp_12,57.9,0.0,0.0,57.9,10.9
pp_12,57.8,0.0,0.0,57.8,11.55
pp_12,51.5,0.0,10.0,61.5,11.43
pp_12,57.8,0.0,0.0,57.8,11.77
pp_12,63.2,0.0,10.0,73.2,15.37
pp_12,52.9,0.0,10.0,62.9,23.1
pp_12,57.4,0.0,0.0,57.4,25.74
pp_12,57.9,0.0,0.0,57.9,24.28
pp_12,52.1,0.0,10.0,62.1,21.08
pp_12,66.9,0.0,0.0,66.9,18.39
pp_12,58.1,0.0,0.0,58.1,20.09
pp_12,61.9,0.0,10.0,71.9,15.06
pp_12,56.8,0.0,0.0,56.8,19.5
pp_12,57.9,0.0,0.0,57.9,18.16
pp_12,61.1,0.0,10.0,71.1,13.8
pp_12,57.4,0.0,0.0,57.4,19.25
pp_12,57.6,0.0,0.0,57.6,18.81
pp_12,51.7,0.0,10.0,61.7,16.7
pp_12,59.6,0.0,0.0,59.6,16.85
pp_12,70.8,0.0,0.0,70.8,12.97
pp_12,69.3,0.0,0.0,69.3,10.28
pp_12,62.7,0.0,0.0,62.7,7.19
pp_12,59.7,0.0,0.0,59.7,5.68
pp_12,51.5,0.0,0.0,51.5,5.77
pp_12,57.3,0.0,0.0,57.3,6.48
pp_12,57.1,0.0,0.0,57.1,6.61
pp_12,52.2,0.0,10.0,62.2,6.58
pp_12,57.5,0.0,0.0,57.5,6.26
pp_12,57.0,0.0,0.0,57.0,5.79
pp_12,51.4,0.0,0.0,51.4,5.3
pp_12,58.1,0.0,0.0,58.1,4.67
pp_12,57.3,0.0,0.0,57.3,4.38
pp_12,52.0,0.0,0.0,52.0,3.91
pp_12,47.3,10.0,0.0,57.3,3.86
pp_12,58.6,0.0,0.0,58.6,3.44
pp_12,61.0,0.0,0.0,61.0,3.1
pp_12,57.7,0.0,0.0,57.7,2.82
pp_12,57.6,0.0,0.0,57.6,3.07
pp_12,51.6,0.0,10.0,61.6,2.69
pp_12,57.2,0.0,0.0,57.2,2.96
pp_12,58.3,0.0,0.0,58.3,3.01
pp_12,61.0,0.0,10.0,71.0,2.95
pp_12,58.3,0.0,0.0,58.3,3.36
pp_12,57.9,0.0,0.0,57.9,3.3
pp_12,52.7,0.0,10.0,62.7,2.75
pp_12,57.8,0.0,0.0,57.8,2.36
pp_12,60.2,0.0,0.0,60.2,2.56
pp_12,52.6,0.0,10.0,62.6,1.35
pp_12,56.9,0.0,0.0,56.9,0.95
pp_12,57.7,0.0,0.0,57.7,0.43
pp_12,51.8,0.0,10.0,61.8,0.58
pp_12,47.2,10.0,0.0,57.2,0.56
pp_12,58.3,0.0,0.0,58.3,0.9
pp_12,51.2,0.0,0.0,51.2,0.8
pp_12,57.7,0.0,0.0,57.7,0.9
pp_12,59.0,0.0,0.0,59.0,0.87
pp_12,51.5,0.0,10.0,61.5,0.85
pp_12,56.9,0.0,0.0,56.9,1.27
pp_12,57.8,0.0,0.0,57.8,1.56
pp_12,51.7,0.0,10.0,61.7,1.67
pp_12,47.2,0.0,10.0,57.2,2.32
pp_12,58.1,0.0,0.0,58.1,2.36
pp_12,51.5,0.0,10.0,61.5,1.75
pp_12,57.2,0.0,0.0,57.2,1.5
pp_12,57.5,0.0,0.0,57.5,1.05
pp_12,51.5,0.0,0.0,51.5,0.67
pp_12,58.1,0.0,0.0,58.1,0.07
pp_12,57.4,0.0,10.0,67.4,0.69
pp_12,64.6,0.0,0.0,64.6,1.16
pp_12,60.5,0.0,0.0,60.5,1.51
pp_12,60.3,0.0,0.0,60.3,1.74
pp_12,51.4,0.0,0.0,51.4,2.27
pp_12,47.0,10.0,0.0,57.0,2.29
pp_12,56.8,0.0,0.0,56.8,2.49
pp_12,51.6,0.0,0.0,51.6,2.33
pp_12,47.2,10.0,0.0,57.2,1.95
pp_12,57.0,0.0,0.0,57.0,2.37
pp_12,62.2,0.0,0.0,62.2,2.17
pp_12,58.9,0.0,0.0,58.9,2.55
pp_12,57.5,0.0,0.0,57.5,2.67
pp_12,60.8,0.0,0.0,60.8,2.69
pp_12,57.4,0.0,0.0,57.4,2.43
pp_12,59.2,0.0,0.0,59.2,2.02
pp_12,61.0,0.0,0.0,61.0,1.65
pp_12,47.2,10.0,0.0,57.2,1.11
pp_12,58.1,0.0,0.0,58.1,0.8
pp_12,51.9,0.0,10.0,61.9,0.66
pp_12,58.8,0.0,0.0,58.8,0.72
pp_12,57.5,0.0,0.0,57.5,0.53
pp_12,60.8,0.0,0.0,60.8,0.59
pp_12,47.6,10.0,0.0,57.6,0.69
pp_12,57.9,0.0,0.0,57.9,0.52
pp_12,51.2,0.0,10.0,61.2,0.52
pp_12,47.1,10.0,0.0,57.1,1.08
pp_12,57.6,0.0,0.0,57.6,1.16
pp_12,51.5,0.0,0.0,51.5,1.37
pp_12,57.8,0.0,0.0,57.8,1.83
pp_12,59.2,0.0,0.0,59.2,2.6
pp_12,61.2,0.0,10.0,71.2,3.43
pp_12,56.9,0.0,0.0,56.9,5.1
pp_12,57.3,0.0,0.0,57.3,6.38
pp_12,60.9,0.0,10.0,70.9,6.57
pp_12,57.7,0.0,0.0,57.7,7.69
pp_12,57.6,0.0,0.0,57.6,8.11
pp_12,60.7,0.0,10.0,70.7,7.13
pp_12,57.9,0.0,0.0,57.9,8.21
pp_12,60.7,0.0,10.0,70.7,8.7
pp_12,51.8,0.0,10.0,61.8,11.5
pp_12,66.8,0.0,0.0,66.8,13.73
pp_12,58.0,0.0,0.0,58.0,13.71
pp_12,61.2,0.0,0.0,61.2,11.76
pp_12,46.9,0.0,10.0,56.9,10.81
pp_12,57.5,0.0,0.0,57.5,9.08
pp_12,51.3,0.0,0.0,51.3,7.07
pp_12,58.3,0.0,0.0,58.3,4.98
pp_12,57.3,0.0,0.0,57.3,2.66
pp_12,52.3,10.0,0.0,62.3,0.73
pp_12,57.9,0.0,0.0,57.9,1.9
pp_12,58.7,0.0,0.0,58.7,1.81
pp_12,52.5,0.0,10.0,62.5,2.31
pp_12,47.1,0.0,10.0,57.1,2.07
pp_12,57.3,0.0,0.0,57.3,1.78
pp_12,61.4,0.0,0.0,61.4,1.82
pp_12,59.2,0.0,0.0,59.2,1.67
pp_12,57.4,0.0,0.0,57.4,1.27
pp_12,60.8,0.0,10.0,70.8,1.16
pp_12,60.7,0.0,0.0,60.7,1.26
pp_12,59.3,0.0,0.0,59.3,1.0
pp_12,51.5,0.0,10.0,61.5,1.25
pp_12,56.9,0.0,0.0,56.9,1.34
pp_12,59.1,0.0,0.0,59.1,1.09
pp_12,51.5,0.0,10.0,61.5,1.08
pp_12,47.3,10.0,0.0,57.3,1.11
pp_12,58.0,0.0,0.0,58.0,1.11
pp_12,60.9,0.0,10.0,70.9,1.09
pp_12,46.9,0.0,10.0,56.9,1.14
pp_12,59.1,0.0,0.0,59.1,1.2
pp_12,52.5,0.0,10.0,62.5,1.16
pp_12,57.9,0.0,0.0,57.9,1.19
pp_12,57.5,0.0,0.0,57.5,1.14
pp_12,51.6,0.0,0.0,51.6,1.12
pp_12,46.9,0.0,10.0,56.9,1.07
pp_12,57.6,0.0,0.0,57.6,1.6
pp_12,60.9,0.0,10.0,70.9,1.2
pp_12,57.8,0.0,0.0,57.8,1.41
pp_12,57.5,0.0,0.0,57.5,2.07
pp_12,61.5,0.0,10.0,71.5,3.27
pp_12,61.0,0.0,0.0,61.0,7.15
pp_12,57.3,0.0,0.0,57.3,13.55
pp_12,51.2,0.0,0.0,51.2,19.47
pp_12,57.1,0.0,0.0,57.1,18.94
pp_12,58.0,0.0,0.0,58.0,18.11
pp_12,51.8,0.0,10.0,61.8,16.23
pp_12,57.7,0.0,0.0,57.7,16.69
pp_12,57.9,0.0,0.0,57.9,15.3
pp_12,52.0,0.0,10.0,62.0,12.91
pp_12,56.9,0.0,0.0,56.9,13.53
pp_12,58.1,0.0,0.0,58.1,11.81
pp_12,51.4,0.0,0.0,51.4,12.93
pp_12,46.9,10.0,0.0,56.9,10.32
pp_12,57.6,0.0,0.0,57.6,9.14
pp_12,51.4,0.0,10.0,61.4,7.45
pp_12,57.7,0.0,0.0,57.7,8.65
pp_12,57.7,0.0,0.0,57.7,8.41
pp_12,51.7,0.0,10.0,61.7,7.93
pp_12,57.8,0.0,0.0,57.8,10.69
pp_12,57.5,0.0,0.0,57.5,12.59
pp_12,51.6,10.0,0.0,61.6,15.24
pp_12,59.6,0.0,0.0,59.6,18.34
pp_12,60.7,0.0,0.0,60.7,19.65
pp_12,60.8,0.0,0.0,60.8,19.59
pp_12,57.5,0.0,0.0,57.5,18.91
pp_12,62.4,0.0,10.0,72.4,13.31
pp_12,51.9,0.0,10.0,61.9,14.51
pp_12,47.0,10.0,0.0,57.0,13.92
pp_12,57.2,0.0,0.0,57.2,11.56
pp_12,52.4,0.0,10.0,62.4,8.56
pp_12,47.8,10.0,0.0,57.8,9.19
pp_12,57.1,0.0,0.0,57.1,8.34
pp_12,61.8,0.0,0.0,61.8,6.06
pp_12,60.0,0.0,0.0,60.0,6.55
pp_12,64.4,0.0,0.0,64.4,6.14
pp_12,68.0,0.0,10.0,78.0,5.73
pp_12,61.4,0.0,0.0,61.4,8.34
pp_12,59.5,0.0,0.0,59.5,8.89
pp_12,51.6,0.0,10.0,61.6,8.26
pp_12,57.6,0.0,0.0,57.6,10.71
pp_12,58.5,0.0,0.0,58.5,12.8
pp_12,52.1,10.0,0.0,62.1,15.87
pp_12,57.7,0.0,0.0,57.7,18.92
pp_12,57.5,0.0,0.0,57.5,19.31
pp_12,52.5,0.0,10.0,62.5,18.1
pp_12,57.1,0.0,0.0,57.1,18.87
pp_12,58.6,0.0,0.0,58.6,17.32
pp_12,51.7,0.0,0.0,51.7,17.8
pp_12,57.1,0.0,0.0,57.1,14.98
pp_12,58.0,0.0,0.0,58.0,13.75
pp_12,60.8,0.0,10.0,70.8,10.17
pp_12,57.8,0.0,0.0,57.8,13.96
pp_12,58.1,0.0,0.0,58.1,13.32
pp_12,51.6,0.0,10.0,61.6,11.55
pp_12,57.5,0.0,0.0,57.5,6.65
pp_12,57.2,0.0,0.0,57.2,6.78
pp_12,62.4,0.0,0.0,62.4,6.59
pp_12,60.0,0.0,0.0,60.0,6.49
pp_12,60.2,0.0,0.0,60.2,6.4
pp_12,60.8,0.0,10.0,70.8,6.31
pp_12,47.0,10.0,0.0,57.0,6.25
pp_12,59.3,0.0,0.0,59.3,6.21
pp_12,61.8,0.0,0.0,61.8,6.16
pp_12,59.3,0.0,0.0,59.3,6.13
pp_12,57.1,0.0,0.0,57.1,6.11
pp_12,60.9,0.0,10.0,70.9,6.08
pp_12,57.1,0.0,0.0,57.1,6.06
pp_12,58.3,0.0,0.0,58.3,6.05
pp_12,51.6,0.0,10.0,61.6,6.04
pp_12,57.0,0.0,0.0,57.0,6.03
pp_12,58.1,0.0,0.0,58.1,6.02
pp_reset,51.1,0.0,10.0,61.1,6.01
pp_reset,56.8,0.0,0.0,56.8,6.01
pp_reset,57.7,0.0,0.0,57.7,6.0
pp_reset,60.8,0.0,10.0,70.8,6.0
pp_reset,47.0,0.0,10.0,57.0,6.0
pp_reset,57.5,0.0,0.0,57.5,5.99
pp_reset,52.4,0.0,10.0,62.4,5.99
pp_reset,57.6,0.0,0.0,57.6,5.99
pp_reset,57.0,0.0,0.0,57.0,5.99
pp_reset,51.3,0.0,10.0,61.3,5.99
pp_reset,57.0,0.0,0.0,57.0,5.98
pp_reset,57.7,0.0,0.0,57.7,5.98
pp_reset,60.8,0.0,10.0,70.8,5.98
pp_reset,46.9,10.0,0.0,56.9,5.98
pp_reset,57.7,0.0,0.0,57.7,5.98
pp_reset,60.9,0.0,10.0,70.9,5.98
pp_reset,47.1,0.0,10.0,57.1,5.98
pp_reset,57.6,0.0,0.0,57.6,5.98
pp_reset,51.7,0.0,10.0,61.7,5.98
pp_reset,47.5,10.0,0.0,57.5,5.98
pp_reset,57.1,0.0,0.0,57.1,5.98
pp_reset,51.4,0.0,0.0,51.4,5.98
pp_reset,57.8,0.0,0.0,57.8,5.98
pp_reset,57.8,0.0,0.0,57.8,5.98
pp_reset,60.7,0.0,10.0,70.7,5.98
pp_reset,57.1,0.0,0.0,57.1,5.98
pp_reset,57.4,0.0,0.0,57.4,5.98
pp_reset,51.5,0.0,10.0,61.5,5.98
pp_reset,58.0,0.0,0.0,58.0,5.98
pp_reset,57.9,0.0,0.0,57.9,5.98
pp_reset,51.9,0.0,10.0,61.9,5.98
pp_reset,57.7,0.0,0.0,57.7,5.98
pp_reset,58.0,0.0,0.0,58.0,5.98
pp_reset,60.6,0.0,10.0,70.6,5.98
pp_reset,57.4,0.0,0.0,57.4,5.98
pp_reset,58.0,0.0,0.0,58.0,5.98
pp_reset,60.9,0.0,0.0,60.9,5.98
pp_reset,58.1,0.0,0.0,58.1,5.98
pp_reset,58.1,0.0,0.0,58.1,5.98
pp_reset,60.8,0.0,10.0,70.8,5.98
pp_reset,58.8,0.0,0.0,58.8,5.98
pp_reset,58.8,0.0,0.0,58.8,5.98
pp_reset,51.4,0.0,0.0,51.4,5.98
pp_reset,57.1,0.0,0.0,57.1,5.98
pp_reset,57.4,0.0,0.0,57.4,5.98
pp_reset,60.7,0.0,10.0,70.7,5.98
pp_reset,57.7,0.0,0.0,57.7,5.98
pp_reset,58.4,0.0,0.0,58.4,5.98
pp_reset,51.5,0.0,10.0,61.5,5.98
pp_reset,58.6,0.0,0.0,58.6,5.98
pp_reset,57.9,0.0,0.0,57.9,5.98
pp_reset,51.6,0.0,0.0,51.6,5.98
pp_reset,47.6,10.0,0.0,57.6,5.98
pp_reset,57.7,0.0,0.0,57.7,5.98
pp_reset,61.6,0.0,0.0,61.6,5.98
pp_reset,61.1,0.0,0.0,61.1,5.98
pp_reset,57.8,0.0,0.0,57.8,5.98
pp_reset,51.4,0.0,10.0,61.4,5.98
pp_reset,57.2,0.0,0.0,57.2,5.98
pp_reset,57.2,0.0,0.0,57.2,5.98
pp_13,261.2,0.0,10.0,271.2,4.49
pp_13,57.0,0.0,0.0,57.0,4.3
pp_13,56.9,0.0,0.0,56.9,3.38
pp_13,73.2,0.0,0.0,73.2,2.34
pp_13,58.8,0.0,0.0,58.8,1.69
pp_13,57.1,0.0,0.0,57.1,1.16
pp_13,63.1,0.0,10.0,73.1,0.64
pp_13,46.8,10.0,0.0,56.8,0.49
pp_13,57.3,0.0,0.0,57.3,0.58
pp_13,72.1,0.0,0.0,72.1,0.85
pp_13,57.8,0.0,0.0,57.8,1.06
pp_13,57.5,0.0,0.0,57.5,1.24
pp_13,72.0,0.0,0.0,72.0,1.45
pp_13,58.0,0.0,0.0,58.0,1.59
pp_13,57.7,0.0,0.0,57.7,1.7
pp_13,60.9,0.0,10.0,70.9,1.84
pp_13,57.2,0.0,0.0,57.2,1.92
pp_13,60.0,0.0,0.0,60.0,1.99
pp_13,61.0,10.0,0.0,71.0,2.07
pp_13,57.2,0.0,0.0,57.2,2.12
pp_13,57.7,0.0,0.0,57.7,2.16
pp_13,72.8,0.0,0.0,72.8,2.21
pp_13,59.3,0.0,0.0,59.3,0.0
pp_13,58.5,0.0,0.0,58.5,9.26
pp_13,62.6,0.0,10.0,72.6,12.18
pp_13,57.2,0.0,0.0,57.2,19.98
pp_13,57.0,0.0,0.0,57.0,19.86
pp_13,64.0,0.0,0.0,64.0,16.32
pp_13,60.8,0.0,0.0,60.8,17.02
pp_13,58.4,0.0,0.0,58.4,17.05
pp_13,60.9,0.0,10.0,70.9,11.82
pp_13,57.3,0.0,0.0,57.3,15.5
pp_13,57.1,0.0,0.0,57.1,14.9
pp_13,71.1,0.0,0.0,71.1,9.82
pp_13,57.2,0.0,0.0,57.2,4.2
pp_13,58.8,0.0,0.0,58.8,5.01
pp_13,71.2,0.0,0.0,71.2,8.83
pp_13,57.7,0.0,0.0,57.7,10.15
pp_13,57.4,0.0,0.0,57.4,10.17
pp_13,60.8,0.0,0.0,60.8,9.7
pp_13,58.0,0.0,0.0,58.0,8.4
pp_13,57.4,0.0,0.0,57.4,7.73
pp_13,53.6,10.0,0.0,63.6,6.58
pp_13,46.8,10.0,0.0,56.8,5.97
pp_13,57.3,0.0,0.0,57.3,5.01
pp_13,72.8,0.0,0.0,72.8,3.74
pp_13,47.0,0.0,10.0,57.0,3.13
pp_13,57.5,0.0,0.0,57.5,2.64
pp_13,61.6,0.0,10.0,71.6,2.28
pp_13,56.9,0.0,0.0,56.9,2.02
pp_13,57.0,0.0,0.0,57.0,4.41
pp_13,71.1,0.0,0.0,71.1,9.9
pp_13,58.4,0.0,0.0,58.4,15.46
pp_13,58.9,0.0,0.0,58.9,17.55
pp_13,61.0,0.0,10.0,71.0,14.82
pp_13,57.1,0.0,0.0,57.1,13.83
pp_13,58.0,0.0,0.0,58.0,12.87
pp_13,70.8,0.0,0.0,70.8,9.67
pp_13,57.8,0.0,0.0,57.8,10.41
pp_13,58.3,0.0,0.0,58.3,9.73
pp_13,71.1,0.0,0.0,71.1,7.71
pp_13,58.1,0.0,0.0,58.1,7.68
pp_13,58.0,0.0,0.0,58.0,6.11
pp_13,61.3,10.0,0.0,71.3,2.3
pp_13,47.0,10.0,0.0,57.0,1.25
pp_13,56.8,0.0,0.0,56.8,1.73
pp_13,71.0,0.0,0.0,71.0,3.79
pp_13,60.4,0.0,0.0,60.4,4.44
pp_13,58.3,0.0,0.0,58.3,4.73
pp_13,73.4,0.0,0.0,73.4,4.34
pp_13,59.6,0.0,0.0,59.6,2.47
pp_13,57.6,0.0,0.0,57.6,1.5
pp_13,60.9,0.0,10.0,70.9,4.21
pp_13,56.9,0.0,0.0,56.9,9.93
pp_13,57.8,0.0,0.0,57.8,12.53
pp_13,71.7,0.0,0.0,71.7,10.47
pp_13,60.6,0.0,0.0,60.6,15.35
pp_13,59.6,0.0,0.0,59.6,16.24
pp_13,63.9,0.0,0.0,63.9,13.51
pp_13,57.6,0.0,0.0,57.6,11.28
pp_13,57.7,0.0,0.0,57.7,6.54
pp_13,72.1,0.0,0.0,72.1,0.6
pp_13,58.5,0.0,0.0,58.5,2.64
pp_13,58.3,0.0,0.0,58.3,3.76
pp_13,60.8,0.0,10.0,70.8,5.42
pp_13,58.3,0.0,0.0,58.3,4.9
pp_13,57.3,0.0,0.0,57.3,4.44
pp_13,58.7,0.0,0.0,58.7,3.52
pp_13,57.0,0.0,0.0,57.0,2.87
pp_13,57.7,0.0,0.0,57.7,1.92
pp_13,57.0,0.0,0.0,57.0,1.41
pp_13,58.3,0.0,0.0,58.3,1.78
pp_13,61.3,0.0,10.0,71.3,2.35
pp_13,71.3,0.0,0.0,71.3,2.71
pp_13,57.5,0.0,0.0,57.5,3.29
pp_13,57.2,0.0,0.0,57.2,3.88
pp_13,57.1,0.0,0.0,57.1,4.4
pp_13,56.9,0.0,0.0,56.9,4.98
pp_13,57.6,0.0,0.0,57.6,5.2
pp_13,71.6,0.0,0.0,71.6,5.16
pp_13,58.0,0.0,0.0,58.0,5.57
pp_13,58.1,0.0,0.0,58.1,5.79
pp_13,57.1,0.0,0.0,57.1,5.9
pp_13,57.4,0.0,0.0,57.4,5.42
pp_13,57.2,0.0,0.0,57.2,5.1
pp_13,57.8,0.0,10.0,67.8,3.91
pp_13,58.0,0.0,0.0,58.0,3.7
pp_13,57.3,0.0,0.0,57.3,3.32
pp_13,56.7,0.0,0.0,56.7,3.4
pp_13,57.4,0.0,0.0,57.4,3.67
pp_13,57.1,0.0,0.0,57.1,4.04
pp_13,57.2,0.0,0.0,57.2,4.46
pp_13,57.4,0.0,0.0,57.4,4.0
pp_13,57.7,0.0,0.0,57.7,3.89
pp_13,56.9,0.0,0.0,56.9,3.81
pp_13,57.6,0.0,0.0,57.6,4.63
pp_13,57.9,0.0,0.0,57.9,6.7
pp_13,57.2,0.0,0.0,57.2,9.4
pp_13,58.2,0.0,0.0,58.2,11.59
pp_13,58.6,0.0,0.0,58.6,14.7
pp_13,57.8,0.0,0.0,57.8,17.93
pp_13,57.2,0.0,0.0,57.2,19.23
pp_13,57.5,0.0,0.0,57.5,18.87
pp_13,60.5,0.0,0.0,60.5,17.59
pp_13,57.2,0.0,0.0,57.2,18.13
pp_13,58.2,0.0,0.0,58.2,13.52
pp_13,56.8,0.0,0.0,56.8,8.66
pp_13,57.5,0.0,0.0,57.5,3.85
pp_13,62.3,0.0,0.0,62.3,4.29
pp_13,71.0,0.0,0.0,71.0,6.88
pp_13,59.2,0.0,0.0,59.2,7.64
pp_13,58.7,0.0,0.0,58.7,8.17
pp_13,57.2,0.0,0.0,57.2,11.66
pp_13,57.6,0.0,0.0,57.6,11.04
pp_13,58.8,0.0,0.0,58.8,10.84
pp_13,58.6,0.0,10.0,68.6,13.53
pp_13,59.7,0.0,0.0,59.7,19.97
pp_13,57.9,0.0,0.0,57.9,22.88
pp_13,57.1,0.0,0.0,57.1,20.47
pp_13,59.0,0.0,0.0,59.0,13.24
pp_13,59.0,0.0,0.0,59.0,14.55
pp_13,57.0,0.0,0.0,57.0,17.66
pp_13,58.4,0.0,0.0,58.4,18.09
pp_13,59.3,0.0,0.0,59.3,17.45
pp_13,71.2,0.0,0.0,71.2,13.11
pp_13,61.5,0.0,0.0,61.5,16.39
pp_13,58.4,0.0,0.0,58.4,16.88
pp_13,57.0,0.0,10.0,67.0,3.26
pp_13,57.4,0.0,0.0,57.4,1.76
pp_13,58.3,0.0,0.0,58.3,1.6
pp_13,59.6,10.0,0.0,69.6,1.38
pp_13,57.2,0.0,0.0,57.2,1.32
pp_13,56.9,0.0,10.0,66.9,1.32
pp_13,73.3,0.0,0.0,73.3,1.37
pp_13,56.9,0.0,0.0,56.9,1.43
pp_13,57.2,0.0,0.0,57.2,1.5
pp_13,57.0,0.0,0.0,57.0,1.56
pp_13,47.0,10.0,0.0,57.0,1.65
pp_13,57.5,0.0,0.0,57.5,1.7
pp_13,71.8,0.0,0.0,71.8,1.77
pp_13,58.7,0.0,0.0,58.7,1.81
pp_13,57.7,0.0,0.0,57.7,1.85
pp_13,59.6,0.0,0.0,59.6,1.88
pp_13,58.5,0.0,0.0,58.5,1.92
pp_13,58.7,0.0,0.0,58.7,1.94
pp_13,57.3,0.0,10.0,67.3,1.97
pp_13,57.7,0.0,0.0,57.7,1.99
pp_13,57.3,0.0,0.0,57.3,2.0
pp_13,58.5,0.0,0.0,58.5,0.0
pp_13,61.2,0.0,0.0,61.2,11.21
pp_13,58.0,0.0,0.0,58.0,16.75
pp_13,58.4,0.0,0.0,58.4,17.48
pp_13,62.1,0.0,0.0,62.1,17.91
pp_13,58.1,0.0,0.0,58.1,20.05
pp_13,56.7,0.0,0.0,56.7,20.01
pp_13,61.1,0.0,0.0,61.1,17.51
pp_13,58.7,0.0,0.0,58.7,17.14
pp_13,57.4,0.0,0.0,57.4,16.46
pp_13,60.9,0.0,0.0,60.9,14.19
pp_13,74.6,0.0,0.0,74.6,9.49
pp_13,101.7,0.0,0.0,101.7,3.81
pp_13,110.1,0.0,10.0,120.1,2.39
pp_13,116.3,0.0,0.0,116.3,7.67
pp_13,97.7,0.0,0.0,97.7,15.64
pp_13,98.5,0.0,10.0,108.5,11.11
pp_13,108.8,0.0,10.0,118.8,7.44
pp_13,67.4,10.0,0.0,77.4,1.05
pp_13,74.5,0.0,0.0,74.5,6.47
pp_13,72.2,0.0,0.0,72.2,9.75
pp_13,66.2,0.0,0.0,66.2,10.99
pp_13,64.6,0.0,0.0,64.6,11.18
pp_13,61.8,0.0,0.0,61.8,11.01
pp_13,57.1,0.0,0.0,57.1,10.71
pp_13,57.0,0.0,0.0,57.0,10.02
pp_13,62.5,0.0,0.0,62.5,8.49
pp_13,60.2,0.0,0.0,60.2,8.12
pp_13,61.0,10.0,0.0,71.0,6.82
pp_13,61.0,0.0,0.0,61.0,6.44
pp_13,57.5,0.0,0.0,57.5,6.37
pp_13,57.2,0.0,0.0,57.2,5.96
pp_13,62.2,0.0,0.0,62.2,4.21
pp_13,57.4,0.0,0.0,57.4,3.38
pp_13,56.8,0.0,0.0,56.8,2.33
pp_13,61.0,0.0,0.0,61.0,1.4
pp_13,59.1,0.0,0.0,59.1,1.57
pp_13,57.5,0.0,0.0,57.5,1.88
pp_13,61.0,0.0,0.0,61.0,2.31
pp_13,57.7,0.0,0.0,57.7,2.34
pp_13,57.0,0.0,0.0,57.0,2.18
pp_13,61.9,0.0,0.0,61.9,1.96
pp_13,57.5,0.0,0.0,57.5,1.66
pp_13,58.0,0.0,0.0,58.0,1.47
pp_13,61.1,0.0,0.0,61.1,1.34
pp_13,57.1,0.0,0.0,57.1,1.23
pp_13,57.1,0.0,0.0,57.1,1.33
pp_13,61.8,0.0,0.0,61.8,1.48
pp_13,58.1,0.0,0.0,58.1,1.44
pp_13,57.0,0.0,0.0,57.0,1.22
pp_13,61.3,0.0,0.0,61.3,2.14
pp_13,58.2,0.0,0.0,58.2,6.48
pp_13,57.2,0.0,0.0,57.2,8.23
pp_13,61.1,0.0,0.0,61.1,8.57
pp_13,58.4,0.0,0.0,58.4,10.42
pp_13,57.4,0.0,0.0,57.4,11.39
pp_13,61.8,0.0,0.0,61.8,11.05
pp_13,57.4,0.0,0.0,57.4,11.23
pp_13,58.8,0.0,10.0,68.8,6.79
pp_13,60.8,0.0,0.0,60.8,5.0
pp_13,58.1,0.0,0.0,58.1,3.79
pp_13,59.8,0.0,0.0,59.8,3.28
pp_13,62.5,0.0,0.0,62.5,2.49
pp_13,57.5,0.0,0.0,57.5,2.71
pp_13,57.6,0.0,0.0,57.6,2.34
pp_13,62.2,0.0,0.0,62.2,1.57
pp_13,59.1,0.0,0.0,59.1,1.87
pp_13,58.7,0.0,0.0,58.7,2.54
pp_13,61.0,0.0,0.0,61.0,2.41
pp_13,57.4,0.0,0.0,57.4,3.14
pp_13,58.8,0.0,10.0,68.8,2.89
pp_13,61.4,0.0,0.0,61.4,2.8
pp_13,57.3,0.0,0.0,57.3,2.86
pp_13,56.7,0.0,0.0,56.7,2.35
pp_13,62.4,0.0,0.0,62.4,1.82
pp_13,63.7,0.0,10.0,73.7,1.9
pp_13,73.6,0.0,0.0,73.6,1.99
pp_13,62.6,0.0,0.0,62.6,1.8
pp_13,57.6,0.0,0.0,57.6,1.5
pp_13,58.1,0.0,0.0,58.1,1.64
pp_13,61.0,0.0,0.0,61.0,2.1
pp_13,57.3,0.0,0.0,57.3,3.2
pp_13,58.6,0.0,0.0,58.6,3.83
pp_13,62.1,0.0,0.0,62.1,4.19
pp_13,58.6,0.0,0.0,58.6,4.56
pp_13,57.0,0.0,0.0,57.0,4.08
pp_13,61.7,0.0,0.0,61.7,2.67
pp_13,57.9,0.0,0.0,57.9,1.92
pp_13,57.0,0.0,0.0,57.0,1.15
pp_13,61.1,0.0,0.0,61.1,1.03
pp_13,57.2,0.0,0.0,57.2,1.07
pp_13,56.7,0.0,0.0,56.7,1.27
pp_13,61.0,0.0,0.0,61.0,1.36
pp_13,56.8,0.0,0.0,56.8,1.37
pp_13,69.0,0.0,0.0,69.0,1.35
pp_13,62.1,0.0,0.0,62.1,1.27
pp_13,56.8,0.0,0.0,56.8,1.21
pp_13,56.8,0.0,0.0,56.8,1.15
pp_13,61.1,0.0,0.0,61.1,1.15
pp_13,56.9,0.0,0.0,56.9,1.35
pp_13,56.7,0.0,0.0,56.7,1.56
pp_13,61.6,0.0,0.0,61.6,1.71
pp_13,58.8,0.0,0.0,58.8,2.17
pp_13,56.9,0.0,0.0,56.9,2.45
pp_13,61.2,0.0,0.0,61.2,2.13
pp_13,57.2,0.0,0.0,57.2,2.27
pp_13,57.1,0.0,0.0,57.1,1.71
pp_13,50.8,10.0,0.0,60.8,0.98
pp_13,56.8,0.0,0.0,56.8,1.14
pp_13,57.9,0.0,0.0,57.9,1.47
pp_13,61.2,0.0,0.0,61.2,1.58
pp_13,57.1,0.0,0.0,57.1,1.09
pp_13,57.1,0.0,0.0,57.1,0.92
pp_13,61.3,0.0,0.0,61.3,0.57
pp_13,57.1,0.0,0.0,57.1,0.67
pp_13,56.7,0.0,0.0,56.7,1.24
pp_13,50.9,10.0,0.0,60.9,1.59
pp_13,57.5,0.0,0.0,57.5,1.74
pp_13,57.1,0.0,0.0,57.1,1.5
pp_13,61.2,0.0,0.0,61.2,1.29
pp_13,57.2,0.0,0.0,57.2,1.62
pp_13,57.0,0.0,10.0,67.0,1.32
pp_13,63.0,0.0,0.0,63.0,1.44
pp_13,57.9,0.0,0.0,57.9,1.35
pp_13,56.8,0.0,0.0,56.8,1.43
pp_13,61.3,0.0,0.0,61.3,1.18
pp_13,57.2,0.0,0.0,57.2,1.04
pp_13,57.3,0.0,0.0,57.3,1.34
pp_13,62.1,0.0,0.0,62.1,1.49
pp_13,57.2,0.0,0.0,57.2,1.38
pp_13,56.8,0.0,0.0,56.8,1.85
pp_13,51.0,10.0,0.0,61.0,1.83
pp_13,58.2,0.0,0.0,58.2,1.66
pp_13,58.9,10.0,0.0,68.9,1.78
pp_13,62.9,0.0,0.0,62.9,1.8
pp_13,57.9,0.0,0.0,57.9,1.95
pp_13,57.1,0.0,0.0,57.1,2.25
pp_13,62.5,0.0,0.0,62.5,1.9
pp_13,57.5,0.0,0.0,57.5,1.91
pp_13,57.7,0.0,0.0,57.7,1.58
pp_13,51.6,10.0,0.0,61.6,1.36
pp_13,57.4,0.0,0.0,57.4,1.27
pp_13,58.2,0.0,10.0,68.2,1.21
pp_13,61.1,0.0,0.0,61.1,1.19
pp_13,58.3,0.0,0.0,58.3,1.22
pp_13,57.2,0.0,0.0,57.2,1.26
pp_13,61.7,0.0,0.0,61.7,1.37
pp_13,57.5,0.0,0.0,57.5,1.47
pp_13,56.8,0.0,0.0,56.8,1.47
pp_13,61.2,0.0,0.0,61.2,1.38
pp_13,57.2,0.0,0.0,57.2,1.66
pp_13,56.7,0.0,0.0,56.7,1.76
pp_13,61.3,0.0,0.0,61.3,1.43
pp_13,57.2,0.0,0.0,57.2,1.43
pp_13,56.7,0.0,0.0,56.7,1.56
pp_13,61.1,0.0,0.0,61.1,1.27
pp_13,57.9,0.0,0.0,57.9,1.68
pp_13,56.8,0.0,0.0,56.8,1.81
pp_13,51.0,0.0,10.0,61.0,1.44
pp_13,57.9,0.0,0.0,57.9,1.25
pp_13,57.3,0.0,0.0,57.3,0.91
pp_13,50.9,0.0,10.0,60.9,0.97
pp_13,57.3,0.0,0.0,57.3,1.15
pp_13,57.8,0.0,0.0,57.8,0.99
pp_13,61.4,0.0,0.0,61.4,0.78
pp_13,57.3,0.0,0.0,57.3,1.07
pp_13,58.3,0.0,0.0,58.3,1.39
pp_13,61.2,0.0,0.0,61.2,1.54
pp_13,56.8,0.0,0.0,56.8,2.09
pp_13,58.5,0.0,0.0,58.5,2.48
pp_13,61.5,0.0,0.0,61.5,2.3
pp_13,57.2,0.0,0.0,57.2,2.23
pp_13,59.0,0.0,10.0,69.0,1.9
pp_13,61.4,0.0,0.0,61.4,1.65
pp_13,56.9,0.0,0.0,56.9,1.93
pp_13,56.7,0.0,0.0,56.7,1.69
pp_13,61.3,0.0,0.0,61.3,1.15
pp_13,58.0,0.0,0.0,58.0,1.18
pp_13,56.8,0.0,0.0,56.8,0.94
pp_13,61.1,0.0,0.0,61.1,0.45
pp_13,57.3,0.0,0.0,57.3,0.72
pp_13,56.7,0.0,0.0,56.7,0.98
pp_13,61.5,0.0,0.0,61.5,0.89
pp_13,59.0,0.0,0.0,59.0,0.85
pp_13,59.5,0.0,10.0,69.5,0.6
pp_13,61.1,0.0,0.0,61.1,0.56
pp_13,58.8,0.0,0.0,58.8,0.89
pp_13,56.9,0.0,0.0,56.9,1.2
pp_13,61.2,0.0,0.0,61.2,1.45
pp_13,57.4,0.0,0.0,57.4,1.93
pp_13,58.9,0.0,0.0,58.9,2.67
pp_13,62.0,0.0,0.0,62.0,2.17
pp_13,57.4,0.0,0.0,57.4,2.32
pp_13,57.1,0.0,0.0,57.1,2.22
pp_13,61.3,0.0,0.0,61.3,2.02
pp_13,57.0,0.0,0.0,57.0,1.65
pp_13,56.7,0.0,0.0,56.7,1.84
pp_13,62.2,0.0,0.0,62.2,1.72
pp_13,58.7,0.0,0.0,58.7,1.8
pp_13,57.4,0.0,0.0,57.4,2.11
pp_13,60.9,0.0,0.0,60.9,2.09
pp_13,61.6,0.0,10.0,71.6,2.03
pp_13,71.1,0.0,0.0,71.1,2.08
pp_13,61.8,0.0,0.0,61.8,1.73
pp_13,58.1,0.0,0.0,58.1,1.4
pp_13,56.9,0.0,0.0,56.9,1.53
pp_13,61.6,0.0,0.0,61.6,1.97
pp_13,57.2,0.0,0.0,57.2,3.31
pp_13,58.1,0.0,0.0,58.1,4.23
pp_13,51.1,10.0,0.0,61.1,5.45
pp_13,57.4,0.0,0.0,57.4,7.33
pp_13,57.0,0.0,0.0,57.0,9.46
pp_13,63.4,0.0,0.0,63.4,11.04
pp_13,59.9,0.0,0.0,59.9,13.65
pp_13,71.7,0.0,0.0,71.7,12.98
pp_13,63.8,0.0,0.0,63.8,12.46
pp_13,59.7,0.0,0.0,59.7,12.24
pp_13,57.3,0.0,0.0,57.3,11.44
pp_13,61.4,0.0,0.0,61.4,7.89
pp_13,59.0,0.0,0.0,59.0,8.1
pp_13,60.7,0.0,10.0,70.7,5.26
pp_13,61.7,0.0,0.0,61.7,4.1
pp_13,58.5,0.0,0.0,58.5,4.83
pp_13,56.6,0.0,0.0,56.6,4.06
pp_13,62.2,0.0,0.0,62.2,2.94
pp_13,57.2,0.0,0.0,57.2,4.34
pp_13,56.9,0.0,10.0,66.9,4.83
pp_13,62.4,0.0,0.0,62.4,5.89
pp_13,57.8,0.0,0.0,57.8,7.23
pp_13,57.2,0.0,0.0,57.2,8.1
pp_13,62.1,0.0,0.0,62.1,7.07
pp_13,59.0,0.0,0.0,59.0,8.63
pp_13,57.7,0.0,10.0,67.7,7.83
pp_13,61.8,0.0,0.0,61.8,9.03
pp_13,57.6,0.0,0.0,57.6,10.84
pp_13,57.0,0.0,0.0,57.0,11.32
pp_13,62.3,0.0,0.0,62.3,8.56
pp_13,57.8,0.0,0.0,57.8,8.46
pp_13,56.8,0.0,0.0,56.8,7.24
pp_13,61.1,0.0,0.0,61.1,4.75
pp_13,59.0,0.0,0.0,59.0,4.75
pp_13,57.0,0.0,0.0,57.0,4.69
pp_13,61.2,0.0,0.0,61.2,3.92
pp_13,57.5,0.0,0.0,57.5,4.26
pp_13,56.9,0.0,0.0,56.9,4.58
pp_13,62.1,0.0,0.0,62.1,3.78
pp_13,61.0,0.0,0.0,61.0,4.34
pp_13,69.7,0.0,0.0,69.7,3.07
pp_13,62.3,0.0,0.0,62.3,3.49
pp_13,58.9,0.0,0.0,58.9,4.4
pp_13,56.8,0.0,0.0,56.8,6.98
pp_13,51.8,10.0,0.0,61.8,7.68
pp_13,57.2,0.0,0.0,57.2,8.72
pp_13,56.8,0.0,0.0,56.8,8.46
pp_13,61.1,0.0,0.0,61.1,5.85
pp_13,57.2,0.0,0.0,57.2,5.05
pp_13,56.8,0.0,0.0,56.8,3.46
pp_13,51.4,10.0,0.0,61.4,1.09
pp_13,57.1,0.0,0.0,57.1,0.54
pp_13,56.6,0.0,0.0,56.6,0.99
pp_13,61.3,0.0,0.0,61.3,2.03
pp_13,57.5,0.0,0.0,57.5,2.01
pp_13,58.8,0.0,0.0,58.8,1.97
pp_13,62.0,0.0,0.0,62.0,1.81
pp_13,57.9,0.0,0.0,57.9,0.8
pp_13,57.3,0.0,0.0,57.3,0.88
pp_13,61.6,0.0,0.0,61.6,2.24
pp_13,56.9,0.0,0.0,56.9,4.93
pp_13,57.5,0.0,0.0,57.5,6.81
pp_13,50.8,0.0,10.0,60.8,7.42
pp_13,57.2,0.0,0.0,57.2,9.23
pp_13,56.9,0.0,0.0,56.9,10.02
pp_13,61.5,0.0,0.0,61.5,8.63
pp_13,57.7,0.0,0.0,57.7,8.95
pp_13,58.0,0.0,0.0,58.0,8.7
pp_13,61.7,0.0,0.0,61.7,6.62
pp_13,59.3,0.0,0.0,59.3,7.12
pp_13,57.9,0.0,0.0,57.9,6.6
pp_13,61.2,0.0,0.0,61.2,4.09
pp_13,57.7,0.0,0.0,57.7,4.19
pp_13,56.8,0.0,0.0,56.8,3.83
pp_13,61.0,0.0,0.0,61.0,2.71
pp_13,57.8,0.0,0.0,57.8,4.25
pp_13,57.2,0.0,0.0,57.2,5.48
pp_13,51.1,10.0,0.0,61.1,5.29
pp_13,57.8,0.0,0.0,57.8,7.45
pp_13,56.8,0.0,10.0,66.8,5.71
pp_13,51.6,10.0,0.0,61.6,5.73
pp_13,57.5,0.0,0.0,57.5,5.46
pp_13,56.9,0.0,0.0,56.9,3.98
pp_13,61.1,0.0,0.0,61.1,1.49
pp_13,58.1,0.0,0.0,58.1,3.79
pp_13,57.1,0.0,0.0,57.1,5.46
pp_13,62.2,0.0,0.0,62.2,6.93
pp_13,57.7,0.0,0.0,57.7,7.68
pp_13,57.1,0.0,0.0,57.1,7.88
pp_13,61.3,0.0,0.0,61.3,7.41
pp_13,57.6,0.0,0.0,57.6,7.35
pp_13,59.4,0.0,0.0,59.4,7.67
pp_13,61.7,0.0,0.0,61.7,8.24
pp_13,57.6,0.0,0.0,57.6,10.52
pp_13,59.5,0.0,10.0,69.5,10.74
pp_13,61.5,0.0,0.0,61.5,12.07
pp_13,58.6,0.0,0.0,58.6,13.92
pp_13,60.0,0.0,10.0,70.0,13.35
pp_13,61.3,0.0,0.0,61.3,14.6
pp_13,58.4,0.0,0.0,58.4,16.2
pp_13,59.9,0.0,10.0,69.9,12.75
pp_13,61.4,0.0,0.0,61.4,11.17
pp_13,58.1,0.0,0.0,58.1,10.78
pp_13,56.9,0.0,0.0,56.9,8.96
pp_13,60.8,0.0,0.0,60.8,5.37
pp_13,57.2,0.0,0.0,57.2,5.24
pp_13,57.2,0.0,0.0,57.2,4.96
pp_13,51.2,10.0,0.0,61.2,3.7
pp_13,57.2,0.0,0.0,57.2,5.3
pp_13,58.3,0.0,0.0,58.3,5.81
pp_13,62.8,0.0,0.0,62.8,4.98
pp_13,58.3,0.0,0.0,58.3,5.94
pp_13,57.5,0.0,0.0,57.5,5.57
pp_13,61.3,0.0,0.0,61.3,4.21
pp_13,57.6,0.0,0.0,57.6,3.78
pp_13,57.4,0.0,0.0,57.4,3.6
pp_13,52.1,10.0,0.0,62.1,4.2
pp_13,58.1,0.0,0.0,58.1,5.17
pp_13,57.3,0.0,0.0,57.3,6.55
pp_13,62.3,0.0,0.0,62.3,7.34
pp_13,60.5,0.0,10.0,70.5,7.36
pp_13,61.5,0.0,10.0,71.5,7.56
pp_13,51.2,0.0,10.0,61.2,8.03
pp_13,57.2,0.0,0.0,57.2,8.57
pp_13,57.7,0.0,10.0,67.7,7.46
pp_13,61.2,0.0,0.0,61.2,6.82
pp_13,60.5,0.0,10.0,70.5,5.41
pp_13,71.5,0.0,0.0,71.5,5.34
pp_13,62.7,0.0,0.0,62.7,6.18
pp_13,57.8,0.0,0.0,57.8,8.16
pp_13,56.9,0.0,0.0,56.9,10.09
pp_13,60.8,0.0,0.0,60.8,9.83
pp_13,58.1,0.0,0.0,58.1,11.53
pp_13,59.8,0.0,10.0,69.8,9.59
pp_13,61.8,0.0,0.0,61.8,8.82
pp_13,57.0,0.0,0.0,57.0,7.76
pp_13,57.3,0.0,0.0,57.3,6.28
pp_13,63.6,0.0,0.0,63.6,3.8
pp_13,58.7,0.0,0.0,58.7,4.45
pp_13,57.4,0.0,0.0,57.4,4.86
pp_13,50.9,0.0,10.0,60.9,4.44
pp_13,58.0,0.0,0.0,58.0,5.36
pp_13,58.0,0.0,0.0,58.0,6.1
pp_13,51.0,0.0,10.0,61.0,5.47
pp_13,57.4,0.0,0.0,57.4,5.83
pp_13,57.1,0.0,0.0,57.1,5.66
pp_13,71.2,0.0,0.0,71.2,4.3
pp_13,57.1,0.0,0.0,57.1,3.91
pp_13,56.9,0.0,0.0,56.9,3.27
pp_13,61.5,0.0,0.0,61.5,3.11
pp_13,57.3,0.0,0.0,57.3,3.02
pp_13,57.1,0.0,0.0,57.1,3.09
pp_13,61.3,0.0,0.0,61.3,3.02
pp_13,57.3,0.0,0.0,57.3,2.74
pp_13,57.8,0.0,0.0,57.8,2.66
pp_13,61.1,0.0,0.0,61.1,4.91
pp_13,59.0,0.0,0.0,59.0,7.3
pp_13,58.9,0.0,0.0,58.9,8.61
pp_13,61.6,0.0,0.0,61.6,11.74
pp_13,57.9,0.0,0.0,57.9,7.67
pp_13,57.3,0.0,0.0,57.3,6.34
pp_13,61.5,0.0,0.0,61.5,6.37
pp_13,57.1,0.0,0.0,57.1,6.39
pp_13,56.8,0.0,0.0,56.8,6.41
pp_13,62.4,0.0,0.0,62.4,6.42
pp_13,58.3,0.0,0.0,58.3,6.44
pp_13,59.6,0.0,0.0,59.6,6.45
pp_13,61.4,0.0,0.0,61.4,6.47
pp_13,57.2,0.0,0.0,57.2,6.47
pp_13,56.8,0.0,0.0,56.8,6.47
pp_13,63.0,0.0,0.0,63.0,6.48
pp_13,71.7,0.0,0.0,71.7,6.48
pp_13,73.9,0.0,0.0,73.9,6.48
pp_13,61.9,0.0,0.0,61.9,6.49
pp_13,58.0,0.0,0.0,58.0,6.49
pp_13,57.0,0.0,0.0,57.0,6.5
pp_13,61.1,0.0,0.0,61.1,6.5
pp_13,58.1,0.0,0.0,58.1,6.5
pp_13,67.8,0.0,0.0,67.8,6.51
pp_13,62.7,0.0,0.0,62.7,6.51
pp_13,57.0,0.0,0.0,57.0,6.52
pp_13,56.8,0.0,0.0,56.8,6.52
pp_13,51.8,10.0,0.0,61.8,6.52
pp_13,57.5,0.0,0.0,57.5,6.53
pp_13,59.2,10.0,0.0,69.2,6.53
pp_13,62.2,0.0,0.0,62.2,6.53
pp_13,57.1,0.0,0.0,57.1,6.54
pp_13,57.1,0.0,0.0,57.1,0.0
pp_13,61.3,0.0,0.0,61.3,10.73
pp_13,58.8,0.0,0.0,58.8,16.62
pp_13,57.3,0.0,0.0,57.3,19.44
pp_13,61.7,0.0,0.0,61.7,18.44
pp_13,57.2,0.0,0.0,57.2,19.26
pp_13,58.1,0.0,0.0,58.1,18.18
pp_13,61.9,0.0,0.0,61.9,16.06
pp_13,57.4,0.0,0.0,57.4,16.72
pp_13,58.5,0.0,0.0,58.5,16.23
pp_13,61.4,0.0,0.0,61.4,16.55
pp_13,57.8,0.0,0.0,57.8,18.86
pp_13,56.7,0.0,0.0,56.7,19.41
pp_13,61.1,0.0,0.0,61.1,17.63
pp_13,57.1,0.0,0.0,57.1,17.01
pp_13,57.0,0.0,0.0,57.0,13.68
pp_13,61.0,0.0,0.0,61.0,9.4
pp_13,57.0,0.0,0.0,57.0,9.0
pp_13,57.3,0.0,0.0,57.3,8.55
pp_13,61.1,0.0,0.0,61.1,6.42
pp_13,57.3,0.0,0.0,57.3,6.03
pp_13,57.0,0.0,0.0,57.0,4.69
pp_13,51.8,10.0,0.0,61.8,3.09
pp_13,57.2,0.0,0.0,57.2,3.72
pp_13,57.0,0.0,0.0,57.0,5.15
pp_13,50.9,0.0,10.0,60.9,7.04
pp_13,57.2,0.0,0.0,57.2,7.71
pp_13,57.1,0.0,0.0,57.1,8.02
pp_13,61.0,0.0,0.0,61.0,7.76
pp_13,58.7,0.0,0.0,58.7,8.3
pp_13,57.1,0.0,0.0,57.1,11.59
pp_13,61.0,0.0,0.0,61.0,13.6
pp_13,61.7,0.0,0.0,61.7,16.76
pp_13,59.7,0.0,0.0,59.7,17.99
pp_13,62.2,0.0,0.0,62.2,15.28
pp_13,58.7,0.0,0.0,58.7,15.01
pp_13,59.4,0.0,10.0,69.4,11.21
pp_13,62.6,0.0,0.0,62.6,10.42
pp_13,58.5,0.0,0.0,58.5,10.11
pp_13,57.1,0.0,0.0,57.1,8.03
pp_13,51.0,10.0,0.0,61.0,4.66
pp_13,57.4,0.0,0.0,57.4,4.11
pp_13,56.9,0.0,0.0,56.9,3.21
pp_13,62.3,0.0,0.0,62.3,1.4
pp_13,56.8,0.0,0.0,56.8,1.41
pp_13,61.5,0.0,10.0,71.5,1.18
pp_13,61.2,0.0,0.0,61.2,1.72
pp_13,58.2,0.0,0.0,58.2,1.47
pp_13,57.0,0.0,0.0,57.0,1.7
pp_13,61.2,0.0,0.0,61.2,2.21
pp_13,57.1,0.0,0.0,57.1,2.22
pp_13,56.9,0.0,0.0,56.9,2.5
pp_13,52.2,10.0,0.0,62.2,3.06
pp_13,57.0,0.0,0.0,57.0,3.56
pp_13,56.8,0.0,0.0,56.8,3.79
pp_13,51.1,10.0,0.0,61.1,4.19
pp_13,56.9,0.0,0.0,56.9,4.94
pp_13,57.2,0.0,0.0,57.2,5.72
pp_13,63.3,0.0,0.0,63.3,5.97
pp_13,58.4,0.0,0.0,58.4,7.05
pp_13,57.2,0.0,10.0,67.2,6.28
pp_13,61.9,0.0,0.0,61.9,6.34
pp_13,57.2,0.0,0.0,57.2,6.45
pp_13,57.8,0.0,0.0,57.8,5.52
pp_13,51.1,0.0,10.0,61.1,3.48
pp_13,57.6,0.0,0.0,57.6,2.35
pp_13,57.1,0.0,0.0,57.1,1.59
pp_13,71.2,0.0,0.0,71.2,1.87
pp_13,57.4,0.0,0.0,57.4,2.42
pp_13,57.1,0.0,0.0,57.1,3.0
pp_13,51.2,10.0,0.0,61.2,3.58
pp_13,57.1,0.0,0.0,57.1,3.96
pp_13,56.9,0.0,0.0,56.9,4.37
pp_13,62.1,0.0,0.0,62.1,4.98
pp_13,57.2,0.0,0.0,57.2,6.53
pp_13,56.9,0.0,0.0,56.9,7.82
pp_13,53.0,10.0,0.0,63.0,7.87
pp_13,57.5,0.0,0.0,57.5,8.63
pp_13,58.3,0.0,0.0,58.3,8.93
pp_13,61.9,0.0,0.0,61.9,7.19
pp_13,60.2,0.0,0.0,60.2,7.02
pp_13,59.2,0.0,0.0,59.2,6.06
pp_13,51.1,10.0,0.0,61.1,3.67
pp_13,57.1,0.0,0.0,57.1,3.32
pp_13,56.8,0.0,0.0,56.8,3.53
pp_13,61.1,0.0,0.0,61.1,3.5
pp_13,58.0,0.0,0.0,58.0,4.07
pp_13,58.0,0.0,0.0,58.0,4.18
pp_13,61.5,0.0,0.0,61.5,3.87
pp_13,57.7,0.0,0.0,57.7,3.79
pp_13,57.1,0.0,0.0,57.1,3.1
pp_13,60.9,0.0,0.0,60.9,2.44
pp_13,57.2,0.0,0.0,57.2,2.32
pp_13,58.4,0.0,0.0,58.4,2.12
pp_13,61.1,0.0,0.0,61.1,1.93
pp_13,57.2,0.0,0.0,57.2,1.77
pp_13,57.8,0.0,0.0,57.8,1.62
pp_13,51.4,10.0,0.0,61.4,1.36
pp_13,57.0,0.0,0.0,57.0,1.14
pp_13,57.4,0.0,0.0,57.4,0.99
pp_13,61.8,0.0,0.0,61.8,1.52
pp_13,59.3,0.0,0.0,59.3,1.77
pp_13,57.7,0.0,0.0,57.7,2.05
pp_13,61.0,0.0,0.0,61.0,1.69
pp_13,57.4,0.0,0.0,57.4,1.35
pp_13,71.5,0.0,0.0,71.5,1.14
pp_13,63.9,0.0,0.0,63.9,0.92
pp_13,57.2,0.0,0.0,57.2,0.44
pp_13,69.6,0.0,0.0,69.6,0.75
pp_13,52.4,10.0,0.0,62.4,1.75
pp_13,57.3,0.0,0.0,57.3,3.37
pp_13,56.7,0.0,0.0,56.7,4.97
pp_13,62.9,0.0,0.0,62.9,5.92
pp_13,57.3,0.0,0.0,57.3,7.78
pp_13,57.1,0.0,0.0,57.1,8.19
pp_13,51.0,0.0,10.0,61.0,6.16
pp_13,57.5,0.0,0.0,57.5,5.5
pp_13,58.0,0.0,0.0,58.0,4.43
pp_13,61.2,0.0,0.0,61.2,2.35
pp_13,57.0,0.0,0.0,57.0,1.87
pp_13,56.8,0.0,0.0,56.8,1.72
pp_13,61.9,0.0,0.0,61.9,0.95
pp_13,57.1,0.0,0.0,57.1,1.05
pp_13,57.1,0.0,0.0,57.1,0.47
pp_13,61.9,0.0,0.0,61.9,0.84
pp_13,58.7,0.0,0.0,58.7,1.31
pp_13,58.9,0.0,0.0,58.9,1.81
pp_13,61.6,0.0,0.0,61.6,2.4
pp_13,62.6,0.0,10.0,72.6,2.63
pp_13,72.0,0.0,0.0,72.0,2.55
pp_13,62.4,0.0,0.0,62.4,2.44
pp_13,58.2,0.0,0.0,58.2,2.23
pp_13,57.2,0.0,0.0,57.2,2.04
pp_13,51.3,10.0,0.0,61.3,1.78
pp_13,57.3,0.0,0.0,57.3,1.52
pp_13,56.8,0.0,0.0,56.8,1.32
pp_13,61.3,0.0,0.0,61.3,1.55
pp_13,57.6,0.0,0.0,57.6,1.76
pp_13,58.0,0.0,0.0,58.0,2.08
pp_13,51.8,0.0,10.0,61.8,2.63
pp_13,57.2,0.0,0.0,57.2,3.38
pp_13,56.9,0.0,0.0,56.9,3.9
pp_13,52.3,10.0,0.0,62.3,4.12
pp_13,57.2,0.0,0.0,57.2,4.05
pp_13,57.8,0.0,0.0,57.8,4.24
pp_13,51.3,10.0,0.0,61.3,3.44
pp_13,57.0,0.0,0.0,57.0,3.57
pp_13,57.1,0.0,0.0,57.1,3.28
pp_13,61.3,0.0,0.0,61.3,2.04
pp_13,58.5,0.0,0.0,58.5,1.79
pp_13,58.8,0.0,0.0,58.8,1.18
pp_13,71.2,0.0,0.0,71.2,0.39
pp_13,57.2,0.0,0.0,57.2,0.36
pp_13,57.0,0.0,0.0,57.0,0.51
pp_13,61.3,0.0,0.0,61.3,0.95
pp_13,57.2,0.0,0.0,57.2,1.05
pp_13,57.7,0.0,0.0,57.7,1.04
pp_13,62.7,0.0,0.0,62.7,1.12
pp_13,57.6,0.0,0.0,57.6,0.84
pp_13,57.3,0.0,0.0,57.3,0.69
pp_13,51.3,10.0,0.0,61.3,1.12
pp_13,57.1,0.0,0.0,57.1,0.5
pp_13,57.0,0.0,0.0,57.0,0.29
pp_13,62.1,0.0,0.0,62.1,0.26
pp_13,57.3,0.0,0.0,57.3,0.19
pp_13,58.3,0.0,0.0,58.3,0.15
pp_13,51.0,0.0,10.0,61.0,0.5
pp_13,57.1,0.0,0.0,57.1,0.49
pp_13,57.1,0.0,0.0,57.1,0.55
pp_13,62.2,0.0,0.0,62.2,0.74
pp_13,58.8,0.0,0.0,58.8,0.44
pp_13,57.0,0.0,0.0,57.0,0.29
pp_13,51.3,10.0,0.0,61.3,0.86
pp_13,47.3,10.0,0.0,57.3,1.65
pp_13,57.0,0.0,0.0,57.0,2.03
pp_13,61.6,0.0,0.0,61.6,1.7
pp_13,57.1,0.0,0.0,57.1,1.84
pp_13,56.9,0.0,0.0,56.9,1.81
pp_13,62.5,0.0,0.0,62.5,1.26
pp_13,61.0,0.0,0.0,61.0,1.39
pp_13,61.4,0.0,10.0,71.4,2.57
pp_13,61.9,0.0,0.0,61.9,3.92
pp_13,58.3,0.0,0.0,58.3,5.61
pp_13,58.6,0.0,0.0,58.6,6.89
pp_13,61.2,0.0,0.0,61.2,7.31
pp_13,57.8,0.0,0.0,57.8,8.9
pp_13,56.9,0.0,0.0,56.9,8.48
pp_13,61.1,0.0,0.0,61.1,6.57
pp_13,58.6,0.0,0.0,58.6,6.55
pp_13,57.2,0.0,0.0,57.2,7.19
pp_13,51.0,0.0,10.0,61.0,5.32
pp_13,57.5,0.0,0.0,57.5,4.64
pp_13,57.3,10.0,0.0,67.3,3.53
pp_13,61.9,0.0,0.0,61.9,3.16
pp_13,57.5,0.0,0.0,57.5,3.17
pp_13,57.1,0.0,0.0,57.1,2.84
pp_13,61.5,0.0,0.0,61.5,2.26
pp_13,57.1,0.0,0.0,57.1,2.64
pp_13,56.9,0.0,0.0,56.9,3.07
pp_13,51.0,0.0,10.0,61.0,3.32
pp_13,57.5,0.0,0.0,57.5,3.56
pp_13,58.3,0.0,0.0,58.3,4.04
pp_13,51.1,0.0,10.0,61.1,4.14
pp_13,56.9,0.0,0.0,56.9,4.83
pp_13,56.8,0.0,0.0,56.8,4.95
pp_13,61.3,0.0,0.0,61.3,4.39
pp_13,60.3,0.0,0.0,60.3,9.69
pp_13,59.8,0.0,10.0,69.8,14.8
pp_13,61.3,0.0,0.0,61.3,20.29
pp_13,57.2,0.0,0.0,57.2,21.78
pp_13,57.0,0.0,0.0,57.0,21.04
pp_13,51.5,0.0,10.0,61.5,18.02
pp_13,57.4,0.0,0.0,57.4,18.04
pp_13,57.5,0.0,0.0,57.5,16.91
pp_13,51.4,10.0,0.0,61.4,14.75
pp_13,57.6,0.0,0.0,57.6,15.21
pp_13,58.7,0.0,0.0,58.7,14.49
pp_13,62.2,0.0,0.0,62.2,13.64
pp_13,57.5,0.0,0.0,57.5,15.04
pp_13,58.0,0.0,0.0,58.0,14.72
pp_13,51.6,10.0,0.0,61.6,11.71
pp_13,57.2,0.0,0.0,57.2,9.85
pp_13,57.2,0.0,0.0,57.2,9.61
pp_13,61.8,0.0,0.0,61.8,9.86
pp_13,57.9,0.0,0.0,57.9,9.94
pp_13,58.0,0.0,10.0,68.0,9.52
pp_13,61.4,0.0,0.0,61.4,9.45
pp_13,57.5,0.0,0.0,57.5,9.05
pp_13,57.5,0.0,0.0,57.5,8.24
pp_13,62.1,0.0,0.0,62.1,6.61
pp_13,57.3,0.0,0.0,57.3,6.08
pp_13,72.1,0.0,0.0,72.1,4.97
pp_13,65.3,0.0,0.0,65.3,4.38
pp_13,59.2,0.0,0.0,59.2,3.89
pp_13,56.9,0.0,0.0,56.9,3.31
pp_13,51.0,0.0,10.0,61.0,3.16
pp_13,56.9,0.0,0.0,56.9,3.21
pp_13,57.9,0.0,0.0,57.9,3.01
pp_13,62.4,0.0,0.0,62.4,2.85
pp_13,57.1,0.0,0.0,57.1,2.44
pp_reset,57.7,0.0,0.0,57.7,2.02
pp_reset,62.1,0.0,0.0,62.1,1.99
pp_reset,57.2,0.0,0.0,57.2,1.76
pp_reset,56.8,0.0,0.0,56.8,1.55
pp_reset,62.3,0.0,0.0,62.3,1.74
pp_reset,58.0,0.0,0.0,58.0,1.53
pp_reset,58.6,0.0,0.0,58.6,1.42
pp_reset,62.1,0.0,0.0,62.1,1.35
pp_reset,59.0,0.0,0.0,59.0,1.14
pp_reset,59.1,0.0,10.0,69.1,1.0
pp_reset,62.4,0.0,0.0,62.4,0.72
pp_reset,58.3,0.0,0.0,58.3,0.58
pp_reset,58.4,0.0,0.0,58.4,0.56
pp_reset,61.3,0.0,0.0,61.3,0.45
pp_reset,57.7,0.0,0.0,57.7,0.62
pp_reset,57.0,0.0,0.0,57.0,0.86
pp_reset,51.7,10.0,0.0,61.7,0.83
pp_reset,57.1,0.0,0.0,57.1,1.06
pp_reset,57.0,0.0,10.0,67.0,1.14
pp_reset,62.5,0.0,0.0,62.5,1.36
pp_reset,57.4,0.0,0.0,57.4,1.58
pp_reset,57.5,0.0,0.0,57.5,1.57
pp_reset,51.5,0.0,10.0,61.5,1.34
pp_reset,57.5,0.0,0.0,57.5,1.71
pp_reset,58.9,0.0,0.0,58.9,1.73
pp_reset,51.6,10.0,0.0,61.6,1.44
pp_reset,58.4,0.0,0.0,58.4,1.88
pp_reset,58.0,0.0,0.0,58.0,2.12
pp_reset,61.8,0.0,0.0,61.8,1.7
pp_reset,57.3,0.0,0.0,57.3,1.93
pp_reset,57.0,0.0,0.0,57.0,1.82
pp_reset,62.3,0.0,0.0,62.3,1.05
pp_reset,60.4,0.0,0.0,60.4,0.89
pp_reset,61.2,0.0,10.0,71.2,0.44
pp_reset,61.4,0.0,0.0,61.4,0.42
pp_reset,57.3,0.0,0.0,57.3,0.57
pp_reset,57.2,0.0,0.0,57.2,0.6
pp_reset,51.1,0.0,10.0,61.1,0.56
pp_reset,57.2,0.0,0.0,57.2,0.37
pp_reset,58.3,0.0,0.0,58.3,0.48
pp_reset,51.5,10.0,0.0,61.5,0.81
pp_reset,57.6,0.0,0.0,57.6,1.96
pp_reset,57.1,0.0,0.0,57.1,3.45
pp_reset,61.1,0.0,0.0,61.1,4.68
pp_reset,58.1,0.0,0.0,58.1,7.02
pp_reset,57.2,0.0,0.0,57.2,8.14
pp_reset,61.5,0.0,0.0,61.5,6.68
pp_reset,57.4,0.0,0.0,57.4,6.53
pp_reset,57.3,0.0,0.0,57.3,6.42
pp_reset,61.6,0.0,0.0,61.6,6.2
pp_reset,57.0,0.0,0.0,57.0,8.27
pp_reset,57.1,0.0,0.0,57.1,9.3
pp_reset,61.3,0.0,0.0,61.3,8.31
pp_reset,57.0,0.0,0.0,57.0,8.63
pp_reset,56.9,0.0,0.0,56.9,7.91
pp_reset,61.0,0.0,0.0,61.0,4.56
pp_reset,57.3,0.0,0.0,57.3,2.99
pp_reset,57.0,0.0,0.0,57.0,1.34
pp_reset,51.2,10.0,0.0,61.2,2.17
pp_reset,58.5,0.0,0.0,58.5,3.26
pp_reset,69.7,0.0,0.0,69.7,4.66
pp_14,272.9,0.0,0.0,272.9,1.51
pp_14,60.7,0.0,0.0,60.7,0.04
pp_14,58.5,0.0,0.0,58.5,4.87
pp_14,71.6,0.0,0.0,71.6,4.64
pp_14,58.4,0.0,0.0,58.4,4.37
pp_14,57.9,0.0,0.0,57.9,3.89
pp_14,71.6,0.0,0.0,71.6,2.97
pp_14,61.8,0.0,10.0,71.8,2.33
pp_14,62.3,10.0,0.0,72.3,1.96
pp_14,52.5,10.0,0.0,62.5,1.71
pp_14,56.8,0.0,0.0,56.8,1.6
pp_14,57.2,0.0,0.0,57.2,1.48
pp_14,63.7,0.0,0.0,63.7,1.28
pp_14,57.5,0.0,0.0,57.5,1.46
pp_14,57.1,0.0,0.0,57.1,1.72
pp_14,62.9,0.0,0.0,62.9,1.64
pp_14,57.3,0.0,0.0,57.3,2.02
pp_14,57.4,0.0,0.0,57.4,2.28
pp_14,71.5,0.0,0.0,71.5,2.26
pp_14,58.5,0.0,0.0,58.5,2.78
pp_14,58.3,0.0,0.0,58.3,3.1
pp_14,63.1,0.0,0.0,63.1,4.59
pp_14,60.5,0.0,0.0,60.5,8.79
pp_14,70.7,0.0,0.0,70.7,12.39
pp_14,72.1,0.0,0.0,72.1,6.23
pp_14,57.8,0.0,0.0,57.8,4.78
pp_14,57.2,0.0,0.0,57.2,4.88
pp_14,62.7,0.0,0.0,62.7,4.98
pp_14,57.6,0.0,0.0,57.6,5.04
pp_14,59.0,0.0,0.0,59.0,5.09
pp_14,71.7,0.0,0.0,71.7,5.15
pp_14,57.2,0.0,0.0,57.2,5.19
pp_14,57.1,0.0,0.0,57.1,5.22
pp_14,71.9,0.0,0.0,71.9,5.26
pp_14,57.0,0.0,0.0,57.0,5.28
pp_14,56.9,0.0,0.0,56.9,0.0
pp_14,71.5,0.0,0.0,71.5,7.64
pp_14,58.5,0.0,0.0,58.5,18.77
pp_14,57.6,0.0,0.0,57.6,21.85
pp_14,63.3,0.0,0.0,63.3,19.61
pp_14,57.2,0.0,0.0,57.2,20.58
pp_14,57.4,0.0,0.0,57.4,18.78
pp_14,61.9,10.0,0.0,71.9,12.66
pp_14,57.4,0.0,0.0,57.4,11.29
pp_14,57.3,0.0,10.0,67.3,4.78
pp_14,72.2,0.0,0.0,72.2,3.0
pp_14,58.8,0.0,0.0,58.8,3.46
pp_14,58.8,0.0,0.0,58.8,3.61
pp_14,71.6,0.0,0.0,71.6,3.6
pp_14,57.5,0.0,0.0,57.5,4.81
pp_14,57.4,0.0,0.0,57.4,7.13
pp_14,71.4,0.0,0.0,71.4,9.19
pp_14,59.5,0.0,0.0,59.5,12.27
pp_14,57.5,0.0,0.0,57.5,13.22
pp_14,72.0,0.0,0.0,72.0,11.95
pp_14,57.4,0.0,0.0,57.4,11.68
pp_14,57.2,0.0,0.0,57.2,11.81
pp_14,72.3,0.0,0.0,72.3,10.68
pp_14,57.7,0.0,0.0,57.7,11.16
pp_14,57.1,0.0,0.0,57.1,9.83
pp_14,61.9,10.0,0.0,71.9,6.18
pp_14,58.1,0.0,0.0,58.1,3.83
pp_14,57.4,0.0,0.0,57.4,3.69
pp_14,61.9,10.0,0.0,71.9,5.79
pp_14,57.4,0.0,0.0,57.4,13.54
pp_14,57.1,0.0,0.0,57.1,17.44
pp_14,71.9,0.0,0.0,71.9,15.25
pp_14,58.5,0.0,0.0,58.5,20.11
pp_14,57.0,0.0,0.0,57.0,19.46
pp_14,71.6,0.0,0.0,71.6,12.8
pp_14,58.4,0.0,0.0,58.4,16.43
pp_14,57.3,0.0,0.0,57.3,15.79
pp_14,71.9,0.0,0.0,71.9,10.1
pp_14,57.3,0.0,0.0,57.3,14.79
pp_14,57.1,0.0,0.0,57.1,5.4
pp_14,61.8,10.0,0.0,71.8,3.61
pp_14,57.4,0.0,0.0,57.4,3.53
pp_14,59.1,0.0,10.0,69.1,3.47
pp_14,62.9,0.0,0.0,62.9,3.45
pp_14,61.1,0.0,10.0,71.1,3.43
pp_14,71.9,0.0,0.0,71.9,3.43
pp_14,72.5,0.0,0.0,72.5,3.43
pp_14,69.3,0.0,0.0,69.3,3.44
pp_14,79.1,0.0,10.0,89.1,3.45
pp_14,91.0,0.0,0.0,91.0,3.46
pp_14,87.0,0.0,0.0,87.0,3.47
pp_14,87.4,0.0,0.0,87.4,3.47
pp_14,57.7,0.0,0.0,57.7,3.48
pp_14,57.2,0.0,0.0,57.2,3.49
pp_14,72.5,0.0,0.0,72.5,3.49
pp_14,57.3,0.0,0.0,57.3,3.5
pp_14,57.2,0.0,0.0,57.2,3.5
pp_14,59.6,0.0,10.0,69.6,3.51
pp_14,57.4,0.0,0.0,57.4,3.51
pp_14,57.7,0.0,0.0,57.7,0.0
pp_14,56.9,0.0,0.0,56.9,9.27
pp_14,58.0,0.0,0.0,58.0,16.72
pp_14,57.9,0.0,0.0,57.9,19.47
pp_14,57.1,0.0,0.0,57.1,20.32
pp_14,58.0,0.0,0.0,58.0,19.28
pp_14,57.3,0.0,0.0,57.3,18.02
pp_14,57.2,0.0,0.0,57.2,16.74
pp_14,57.1,0.0,0.0,57.1,15.84
pp_14,57.1,0.0,0.0,57.1,15.35
pp_14,56.7,0.0,0.0,56.7,14.98
pp_14,57.7,0.0,0.0,57.7,14.67
pp_14,57.0,0.0,0.0,57.0,14.61
pp_14,68.0,0.0,0.0,68.0,11.6
pp_14,59.9,0.0,0.0,59.9,14.65
pp_14,56.9,0.0,0.0,56.9,15.76
pp_14,56.8,0.0,0.0,56.8,15.19
pp_14,57.2,0.0,0.0,57.2,14.14
pp_14,58.3,0.0,0.0,58.3,13.44
pp_14,58.0,0.0,10.0,68.0,10.65
pp_14,57.2,0.0,0.0,57.2,13.52
pp_14,58.2,0.0,0.0,58.2,13.13
pp_14,57.4,0.0,10.0,67.4,10.53
pp_14,57.2,0.0,0.0,57.2,13.86
pp_14,58.7,0.0,10.0,68.7,11.63
pp_14,60.2,10.0,0.0,70.2,13.67
pp_14,58.5,0.0,0.0,58.5,17.02
pp_14,57.1,0.0,0.0,57.1,15.86
pp_14,69.2,0.0,0.0,69.2,14.46
pp_14,57.6,0.0,0.0,57.6,14.77
pp_14,56.9,0.0,0.0,56.9,13.89
pp_14,72.3,0.0,10.0,82.3,11.93
pp_14,69.2,10.0,0.0,79.2,9.87
pp_14,97.4,10.0,0.0,107.4,7.34
pp_14,115.7,0.0,0.0,115.7,6.29
pp_14,111.7,0.0,10.0,121.7,5.36
pp_14,79.4,0.0,10.0,89.4,5.54
pp_14,77.0,0.0,10.0,87.0,4.23
pp_14,105.9,0.0,0.0,105.9,3.65
pp_14,97.0,0.0,0.0,97.0,3.62
pp_14,58.1,0.0,0.0,58.1,3.58
pp_14,57.1,0.0,0.0,57.1,3.31
pp_14,57.5,0.0,0.0,57.5,2.94
pp_14,58.5,0.0,0.0,58.5,2.74
pp_14,59.0,0.0,10.0,69.0,2.79
pp_14,57.3,0.0,0.0,57.3,2.85
pp_14,57.5,0.0,0.0,57.5,2.74
pp_14,57.1,0.0,0.0,57.1,2.61
pp_14,57.3,0.0,0.0,57.3,2.71
pp_14,57.1,0.0,0.0,57.1,3.19
pp_14,58.0,0.0,10.0,68.0,3.63
pp_14,57.3,0.0,0.0,57.3,5.3
pp_14,57.4,0.0,0.0,57.4,7.71
pp_14,57.0,0.0,0.0,57.0,10.52
pp_14,58.5,0.0,0.0,58.5,11.41
pp_14,57.2,0.0,0.0,57.2,12.69
pp_14,56.9,0.0,0.0,56.9,12.6
pp_14,57.1,0.0,0.0,57.1,11.16
pp_14,56.9,0.0,0.0,56.9,9.74
pp_14,57.7,0.0,10.0,67.7,6.53
pp_14,57.0,0.0,0.0,57.0,5.02
pp_14,58.4,0.0,0.0,58.4,3.56
pp_14,67.7,0.0,0.0,67.7,1.51
pp_14,58.1,0.0,0.0,58.1,1.93
pp_14,57.0,0.0,0.0,57.0,2.04
pp_14,57.6,0.0,10.0,67.6,2.17
pp_14,57.9,0.0,0.0,57.9,2.96
pp_14,57.4,0.0,0.0,57.4,3.71
pp_14,70.1,0.0,0.0,70.1,3.41
pp_14,57.3,0.0,0.0,57.3,4.42
pp_14,57.1,0.0,0.0,57.1,4.6
pp_14,56.9,0.0,0.0,56.9,4.78
pp_14,57.3,0.0,0.0,57.3,4.27
pp_14,58.4,0.0,10.0,68.4,4.06
pp_14,59.1,10.0,0.0,69.1,4.2
pp_14,57.2,0.0,0.0,57.2,4.06
pp_14,57.1,0.0,0.0,57.1,3.75
pp_14,56.9,0.0,10.0,66.9,3.44
pp_14,61.2,0.0,0.0,61.2,2.41
pp_14,57.3,0.0,0.0,57.3,2.08
pp_14,57.1,0.0,0.0,57.1,1.77
pp_14,61.3,0.0,0.0,61.3,1.69
pp_14,57.0,0.0,0.0,57.0,1.82
pp_14,57.1,0.0,10.0,67.1,2.06
pp_14,62.2,0.0,0.0,62.2,2.07
pp_14,57.2,0.0,0.0,57.2,2.05
pp_14,57.1,0.0,0.0,57.1,2.12
pp_14,61.2,0.0,0.0,61.2,2.12
pp_14,57.6,0.0,0.0,57.6,2.29
pp_14,57.0,0.0,0.0,57.0,3.17
pp_14,61.4,0.0,0.0,61.4,4.33
pp_14,60.6,0.0,10.0,70.6,5.38
pp_14,71.4,0.0,0.0,71.4,6.22
pp_14,63.1,0.0,0.0,63.1,6.39
pp_14,57.3,0.0,0.0,57.3,6.57
pp_14,56.9,0.0,10.0,66.9,4.74
pp_14,61.3,0.0,0.0,61.3,3.86
pp_14,57.1,0.0,0.0,57.1,3.61
pp_14,56.7,10.0,0.0,66.7,3.01
pp_14,61.3,0.0,0.0,61.3,3.89
pp_14,57.8,0.0,0.0,57.8,5.23
pp_14,57.2,0.0,0.0,57.2,6.09
pp_14,61.2,0.0,0.0,61.2,6.51
pp_14,57.1,0.0,0.0,57.1,7.41
pp_14,57.2,0.0,10.0,67.2,5.69
pp_14,61.1,0.0,0.0,61.1,5.47
pp_14,58.2,0.0,0.0,58.2,6.75
pp_14,56.8,0.0,0.0,56.8,8.28
pp_14,61.4,0.0,0.0,61.4,7.69
pp_14,58.6,0.0,0.0,58.6,7.55
pp_14,58.6,0.0,10.0,68.6,5.8
pp_14,61.1,0.0,0.0,61.1,4.15
pp_14,58.0,0.0,0.0,58.0,3.11
pp_14,68.6,0.0,0.0,68.6,3.33
pp_14,62.5,0.0,0.0,62.5,3.57
pp_14,58.1,0.0,0.0,58.1,3.7
pp_14,57.1,0.0,0.0,57.1,3.76
pp_14,61.0,0.0,0.0,61.0,3.38
pp_14,56.9,0.0,0.0,56.9,3.32
pp_14,57.3,0.0,10.0,67.3,2.79
pp_14,61.5,0.0,0.0,61.5,2.79
pp_14,57.1,0.0,0.0,57.1,2.93
pp_14,57.4,0.0,0.0,57.4,2.82
pp_14,61.3,0.0,0.0,61.3,2.17
pp_14,56.8,0.0,0.0,56.8,2.13
pp_14,57.3,0.0,0.0,57.3,2.24
pp_14,61.1,0.0,0.0,61.1,2.22
pp_14,58.0,0.0,0.0,58.0,2.67
pp_14,57.7,0.0,10.0,67.7,2.17
pp_14,61.5,0.0,0.0,61.5,2.5
pp_14,59.5,0.0,10.0,69.5,2.59
pp_14,70.8,0.0,0.0,70.8,2.71
pp_14,61.8,0.0,0.0,61.8,2.34
pp_14,56.8,0.0,0.0,56.8,2.3
pp_14,57.0,0.0,10.0,67.0,2.04
pp_14,61.2,0.0,0.0,61.2,1.57
pp_14,57.1,0.0,0.0,57.1,1.16
pp_14,56.7,0.0,0.0,56.7,0.89
pp_14,62.0,0.0,0.0,62.0,0.88
pp_14,57.0,0.0,0.0,57.0,1.3
pp_14,56.7,0.0,0.0,56.7,1.35
pp_14,61.6,0.0,0.0,61.6,0.77
pp_14,58.5,0.0,0.0,58.5,0.97
pp_14,57.7,0.0,10.0,67.7,0.55
pp_14,61.2,0.0,0.0,61.2,0.32
pp_14,58.2,0.0,0.0,58.2,0.56
pp_14,56.9,0.0,0.0,56.9,0.57
pp_14,62.4,0.0,0.0,62.4,0.52
pp_14,58.4,0.0,0.0,58.4,0.72
pp_14,58.0,0.0,10.0,68.0,0.65
pp_14,61.4,0.0,0.0,61.4,0.75
pp_14,56.6,0.0,0.0,56.6,0.92
pp_14,56.9,0.0,0.0,56.9,0.93
pp_14,61.7,0.0,0.0,61.7,0.77
pp_14,59.2,0.0,10.0,69.2,0.87
pp_14,71.8,0.0,0.0,71.8,1.0
pp_14,62.0,0.0,0.0,62.0,0.87
pp_14,56.7,0.0,0.0,56.7,1.14
pp_14,57.6,0.0,0.0,57.6,1.18
pp_14,62.2,0.0,0.0,62.2,1.09
pp_14,58.4,0.0,10.0,68.4,1.39
pp_14,62.9,0.0,0.0,62.9,1.49
pp_14,62.0,0.0,0.0,62.0,0.94
pp_14,57.3,0.0,0.0,57.3,0.8
pp_14,58.0,0.0,10.0,68.0,0.36
pp_14,62.4,0.0,0.0,62.4,0.62
pp_14,58.6,0.0,0.0,58.6,1.08
pp_14,56.7,0.0,0.0,56.7,1.27
pp_14,61.2,0.0,0.0,61.2,0.27
pp_14,56.7,0.0,0.0,56.7,0.39
pp_14,57.3,0.0,0.0,57.3,0.65
pp_14,60.9,0.0,0.0,60.9,0.84
pp_14,57.0,0.0,0.0,57.0,1.05
pp_14,57.9,0.0,0.0,57.9,1.39
pp_14,61.9,0.0,0.0,61.9,1.71
pp_14,58.1,0.0,0.0,58.1,1.81
pp_14,56.9,0.0,0.0,56.9,2.04
pp_14,62.9,0.0,0.0,62.9,1.91
pp_14,58.3,0.0,0.0,58.3,2.1
pp_14,68.6,0.0,0.0,68.6,2.01
pp_14,62.2,0.0,0.0,62.2,2.03
pp_14,57.0,0.0,0.0,57.0,2.39
pp_14,56.9,0.0,10.0,66.9,2.95
pp_14,61.2,0.0,0.0,61.2,3.13
pp_14,57.7,0.0,0.0,57.7,5.41
pp_14,57.0,0.0,0.0,57.0,7.94
pp_14,61.6,0.0,0.0,61.6,9.97
pp_14,58.7,0.0,0.0,58.7,15.14
pp_14,56.8,0.0,0.0,56.8,19.01
pp_14,61.3,0.0,0.0,61.3,18.38
pp_14,57.3,0.0,0.0,57.3,19.11
pp_14,56.8,0.0,0.0,56.8,18.34
pp_14,61.1,0.0,0.0,61.1,15.69
pp_14,56.9,0.0,0.0,56.9,16.02
pp_14,59.1,0.0,10.0,69.1,11.17
pp_14,61.4,0.0,0.0,61.4,13.68
pp_14,57.7,0.0,10.0,67.7,11.58
pp_14,60.6,10.0,0.0,70.6,10.24
pp_14,61.5,0.0,0.0,61.5,13.21
pp_14,56.8,0.0,0.0,56.8,13.75
pp_14,68.4,0.0,0.0,68.4,8.61
pp_14,61.1,0.0,0.0,61.1,9.73
pp_14,57.2,0.0,10.0,67.2,8.32
pp_14,59.4,0.0,10.0,69.4,6.26
pp_14,61.1,0.0,0.0,61.1,5.49
pp_14,56.7,0.0,0.0,56.7,4.16
pp_14,56.8,0.0,0.0,56.8,2.6
pp_14,61.0,0.0,0.0,61.0,1.59
pp_14,57.4,0.0,0.0,57.4,1.24
pp_14,57.2,0.0,0.0,57.2,1.6
pp_14,61.2,0.0,0.0,61.2,2.97
pp_14,70.6,0.0,0.0,70.6,2.97
pp_14,52.8,10.0,0.0,62.8,2.78
pp_14,61.1,0.0,0.0,61.1,2.18
pp_14,57.4,0.0,0.0,57.4,1.66
pp_14,58.3,0.0,10.0,68.3,1.89
pp_14,61.4,0.0,0.0,61.4,1.71
pp_14,57.7,0.0,0.0,57.7,1.52
pp_14,61.0,10.0,0.0,71.0,2.05
pp_14,61.1,0.0,0.0,61.1,1.83
pp_14,57.1,0.0,0.0,57.1,1.56
pp_14,56.8,0.0,0.0,56.8,1.14
pp_14,62.4,0.0,0.0,62.4,0.96
pp_14,57.5,0.0,0.0,57.5,1.09
pp_14,59.8,0.0,10.0,69.8,1.21
pp_14,61.3,0.0,0.0,61.3,1.45
pp_14,57.2,0.0,0.0,57.2,2.02
pp_14,57.1,0.0,0.0,57.1,2.02
pp_14,61.8,0.0,0.0,61.8,2.22
pp_14,58.3,0.0,10.0,68.3,2.37
pp_14,70.7,0.0,0.0,70.7,3.08
pp_14,60.8,0.0,0.0,60.8,3.48
pp_14,56.8,0.0,0.0,56.8,4.09
pp_14,57.0,0.0,10.0,67.0,3.17
pp_14,62.2,0.0,0.0,62.2,3.24
pp_14,57.3,0.0,0.0,57.3,3.96
pp_14,57.0,0.0,10.0,67.0,2.82
pp_14,61.6,0.0,0.0,61.6,2.99
pp_14,56.9,0.0,0.0,56.9,2.86
pp_14,57.0,0.0,0.0,57.0,2.48
pp_14,61.4,0.0,0.0,61.4,1.63
pp_14,58.5,0.0,0.0,58.5,1.43
pp_14,58.2,0.0,10.0,68.2,1.13
pp_14,61.0,0.0,0.0,61.0,1.11
pp_14,56.8,0.0,0.0,56.8,1.03
pp_14,58.3,0.0,10.0,68.3,0.8
pp_14,61.3,0.0,0.0,61.3,1.08
pp_14,57.3,0.0,0.0,57.3,1.74
pp_14,57.1,0.0,0.0,57.1,2.06
pp_14,61.7,0.0,0.0,61.7,1.97
pp_14,57.0,0.0,0.0,57.0,2.3
pp_14,57.0,0.0,0.0,57.0,2.27
pp_14,61.9,0.0,0.0,61.9,1.78
pp_14,57.3,0.0,0.0,57.3,1.65
pp_14,57.7,0.0,0.0,57.7,1.46
pp_14,61.9,0.0,0.0,61.9,0.92
pp_14,57.4,0.0,0.0,57.4,0.93
pp_14,58.1,0.0,0.0,58.1,0.86
pp_14,62.8,0.0,0.0,62.8,0.83
pp_14,58.9,0.0,0.0,58.9,1.09
pp_14,57.2,10.0,0.0,67.2,1.1
pp_14,61.2,0.0,0.0,61.2,1.2
pp_14,57.0,0.0,0.0,57.0,1.16
pp_14,57.5,0.0,10.0,67.5,0.92
pp_14,61.2,0.0,0.0,61.2,0.69
pp_14,57.8,0.0,0.0,57.8,0.46
pp_14,69.2,0.0,0.0,69.2,0.33
pp_14,62.7,0.0,0.0,62.7,0.48
pp_14,61.6,0.0,10.0,71.6,0.7
pp_14,60.4,10.0,0.0,70.4,0.91
pp_14,61.1,0.0,0.0,61.1,1.14
pp_14,57.1,0.0,0.0,57.1,1.31
pp_14,57.0,0.0,0.0,57.0,1.2
pp_14,61.2,0.0,0.0,61.2,0.93
pp_14,57.3,0.0,0.0,57.3,0.96
pp_14,57.4,0.0,0.0,57.4,0.72
pp_14,61.5,0.0,0.0,61.5,0.43
pp_14,58.4,0.0,0.0,58.4,1.0
pp_14,57.6,0.0,0.0,57.6,1.41
pp_14,62.0,0.0,0.0,62.0,2.03
pp_14,58.7,0.0,0.0,58.7,3.21
pp_14,57.1,0.0,10.0,67.1,4.36
pp_14,61.3,0.0,0.0,61.3,12.68
pp_14,57.0,0.0,10.0,67.0,16.51
pp_14,71.4,0.0,0.0,71.4,17.05
pp_14,61.8,0.0,0.0,61.8,20.79
pp_14,57.1,0.0,0.0,57.1,20.77
pp_14,57.8,0.0,10.0,67.8,16.71
pp_14,61.4,0.0,0.0,61.4,17.03
pp_14,56.9,0.0,0.0,56.9,16.94
pp_14,56.7,0.0,0.0,56.7,15.36
pp_14,60.9,0.0,0.0,60.9,12.61
pp_14,58.0,0.0,0.0,58.0,12.57
pp_14,56.6,0.0,0.0,56.6,12.38
pp_14,61.2,0.0,0.0,61.2,8.82
pp_14,58.4,0.0,0.0,58.4,10.25
pp_14,57.2,0.0,10.0,67.2,6.34
pp_14,61.1,0.0,0.0,61.1,9.36
pp_14,58.2,0.0,0.0,58.2,12.05
pp_14,58.0,0.0,10.0,68.0,12.02
pp_14,61.3,0.0,0.0,61.3,16.18
pp_14,58.4,0.0,0.0,58.4,18.78
pp_14,57.7,0.0,0.0,57.7,19.6
pp_14,62.6,0.0,0.0,62.6,18.12
pp_14,57.5,0.0,0.0,57.5,18.81
pp_14,56.9,0.0,0.0,56.9,19.11
pp_14,71.7,0.0,10.0,81.7,12.49
pp_14,75.9,0.0,0.0,75.9,14.7
pp_14,74.8,0.0,0.0,74.8,15.37
pp_14,75.5,0.0,0.0,75.5,13.15
pp_14,68.6,0.0,0.0,68.6,15.49
pp_14,68.0,0.0,0.0,68.0,14.64
pp_14,67.3,0.0,10.0,77.3,11.34
pp_14,63.2,10.0,0.0,73.2,11.78
pp_14,72.8,0.0,0.0,72.8,13.32
pp_14,61.6,0.0,0.0,61.6,16.01
pp_14,57.2,0.0,0.0,57.2,16.28
pp_14,57.1,0.0,0.0,57.1,15.05
pp_14,61.6,0.0,0.0,61.6,13.94
pp_14,59.1,0.0,10.0,69.1,12.51
pp_14,71.6,0.0,0.0,71.6,10.97
pp_14,62.5,0.0,0.0,62.5,13.78
pp_14,58.4,0.0,0.0,58.4,13.59
pp_14,69.7,0.0,0.0,69.7,9.63
pp_14,61.1,0.0,0.0,61.1,10.84
pp_14,57.8,0.0,0.0,57.8,11.12
pp_14,57.7,0.0,10.0,67.7,7.1
pp_14,61.3,0.0,0.0,61.3,8.34
pp_14,56.8,0.0,0.0,56.8,4.38
pp_14,57.0,0.0,0.0,57.0,6.37
pp_14,61.1,0.0,0.0,61.1,6.0
pp_14,57.0,0.0,0.0,57.0,5.76
pp_14,56.9,0.0,0.0,56.9,5.57
pp_14,61.0,0.0,0.0,61.0,5.35
pp_14,57.0,0.0,0.0,57.0,5.21
pp_14,57.3,0.0,0.0,57.3,5.09
pp_14,60.9,0.0,0.0,60.9,4.97
pp_14,57.0,0.0,0.0,57.0,4.89
pp_14,57.2,0.0,0.0,57.2,4.82
pp_14,61.3,0.0,0.0,61.3,4.74
pp_14,56.8,0.0,0.0,56.8,4.7
pp_14,57.8,0.0,0.0,57.8,4.66
pp_14,61.3,0.0,0.0,61.3,4.61
pp_14,57.9,0.0,0.0,57.9,4.58
pp_14,56.9,0.0,0.0,56.9,4.56
pp_14,61.2,0.0,0.0,61.2,4.53
pp_14,56.9,0.0,0.0,56.9,4.52
pp_14,57.3,0.0,0.0,57.3,4.5
pp_14,61.1,0.0,0.0,61.1,4.49
pp_14,57.4,0.0,0.0,57.4,4.48
pp_14,60.5,0.0,10.0,70.5,4.46
pp_14,60.7,0.0,0.0,60.7,4.46
pp_14,57.0,0.0,0.0,57.0,4.45
pp_14,57.0,0.0,0.0,57.0,4.45
pp_14,62.1,0.0,0.0,62.1,4.44
pp_reset,59.1,0.0,0.0,59.1,4.44
pp_reset,57.0,0.0,0.0,57.0,4.43
pp_reset,61.1,0.0,0.0,61.1,4.43
pp_reset,57.3,0.0,0.0,57.3,4.43
pp_reset,58.0,0.0,10.0,68.0,4.43
pp_reset,61.3,0.0,0.0,61.3,4.42
pp_reset,58.0,0.0,0.0,58.0,4.42
pp_reset,56.9,0.0,10.0,66.9,4.42
pp_reset,62.3,0.0,0.0,62.3,4.42
pp_reset,58.1,0.0,0.0,58.1,4.42
pp_reset,56.6,0.0,0.0,56.6,4.42
pp_reset,61.5,0.0,0.0,61.5,4.42
pp_reset,57.5,0.0,0.0,57.5,4.42
pp_reset,56.8,0.0,10.0,66.8,4.42
pp_reset,62.0,0.0,0.0,62.0,4.42
pp_reset,56.7,0.0,0.0,56.7,4.42
pp_reset,57.7,0.0,0.0,57.7,4.42
pp_reset,61.4,0.0,0.0,61.4,4.42
pp_reset,57.8,0.0,0.0,57.8,4.42
pp_reset,57.5,0.0,10.0,67.5,4.42
pp_reset,61.2,0.0,0.0,61.2,4.42
pp_reset,57.1,0.0,0.0,57.1,4.42
pp_reset,57.1,0.0,0.0,57.1,4.42
pp_reset,63.1,0.0,0.0,63.1,4.42
pp_reset,56.7,0.0,0.0,56.7,4.42
pp_reset,57.1,0.0,0.0,57.1,4.42
pp_reset,62.7,0.0,0.0,62.7,4.42
pp_reset,58.8,0.0,0.0,58.8,4.42
pp_reset,58.4,0.0,10.0,68.4,4.42
pp_reset,61.8,0.0,0.0,61.8,4.42
pp_reset,56.9,0.0,0.0,56.9,4.42
pp_reset,57.1,0.0,0.0,57.1,4.42
pp_reset,61.2,0.0,0.0,61.2,4.42
pp_reset,57.0,0.0,0.0,57.0,4.42
pp_reset,57.2,0.0,0.0,57.2,4.42
pp_reset,61.8,0.0,0.0,61.8,4.42
pp_reset,57.7,0.0,0.0,57.7,4.42
pp_reset,56.8,0.0,0.0,56.8,4.42
pp_reset,61.3,0.0,0.0,61.3,4.42
pp_reset,58.0,0.0,10.0,68.0,4.42
pp_reset,60.2,0.0,10.0,70.2,4.42
pp_reset,61.2,0.0,0.0,61.2,4.42
pp_reset,57.1,0.0,0.0,57.1,4.42
pp_reset,57.2,0.0,10.0,67.2,4.42
pp_reset,61.6,0.0,0.0,61.6,4.42
pp_reset,58.2,0.0,0.0,58.2,4.42
pp_reset,56.7,0.0,0.0,56.7,4.42
pp_reset,61.3,0.0,0.0,61.3,4.42
pp_reset,56.7,0.0,0.0,56.7,4.42
pp_reset,57.1,0.0,0.0,57.1,4.42
pp_reset,62.1,0.0,0.0,62.1,4.42
pp_reset,58.9,0.0,10.0,68.9,4.42
pp_reset,60.1,0.0,10.0,70.1,4.42
pp_reset,61.1,0.0,0.0,61.1,4.42
pp_reset,59.2,0.0,0.0,59.2,4.42
pp_reset,68.1,0.0,0.0,68.1,4.42
pp_reset,61.8,0.0,0.0,61.8,4.42
pp_reset,56.8,0.0,0.0,56.8,4.42
pp_reset,58.3,0.0,0.0,58.3,4.42
pp_reset,62.1,0.0,0.0,62.1,4.42
pp_15,258.4,0.0,0.0,258.4,0.23
pp_15,60.0,0.0,10.0,70.0,6.95
pp_15,50.9,0.0,10.0,60.9,5.93
pp_15,57.1,0.0,0.0,57.1,5.07
pp_15,57.5,0.0,0.0,57.5,4.32
pp_15,61.4,0.0,0.0,61.4,3.49
pp_15,57.5,0.0,0.0,57.5,2.97
pp_15,57.2,0.0,0.0,57.2,2.52
pp_15,51.2,0.0,10.0,61.2,2.02
pp_15,57.1,0.0,0.0,57.1,1.71
pp_15,57.1,0.0,0.0,57.1,1.44
pp_15,61.4,0.0,0.0,61.4,1.14
pp_15,56.9,0.0,0.0,56.9,0.95
pp_15,57.1,0.0,0.0,57.1,0.79
pp_15,61.2,0.0,0.0,61.2,0.61
pp_15,58.0,0.0,0.0,58.0,0.5
pp_15,57.1,0.0,0.0,57.1,0.4
pp_15,51.5,0.0,10.0,61.5,0.3
pp_15,58.2,0.0,0.0,58.2,0.24
pp_15,56.7,0.0,0.0,56.7,0.0
pp_15,61.2,0.0,0.0,61.2,10.57
pp_15,57.2,0.0,0.0,57.2,16.84
pp_15,56.8,0.0,10.0,66.8,16.94
pp_15,51.4,10.0,0.0,61.4,18.57
pp_15,56.8,0.0,0.0,56.8,19.67
pp_15,58.6,0.0,0.0,58.6,17.81
pp_15,61.9,0.0,0.0,61.9,16.31
pp_15,57.2,0.0,0.0,57.2,16.38
pp_15,57.9,0.0,10.0,67.9,12.57
pp_15,61.4,0.0,0.0,61.4,14.55
pp_15,57.1,0.0,0.0,57.1,16.48
pp_15,57.6,0.0,0.0,57.6,16.36
pp_15,52.2,10.0,0.0,62.2,16.11
pp_15,57.0,0.0,0.0,57.0,16.77
pp_15,57.0,0.0,0.0,57.0,16.9
pp_15,61.3,0.0,0.0,61.3,14.45
pp_15,57.3,0.0,0.0,57.3,15.25
pp_15,58.7,0.0,0.0,58.7,11.68
pp_15,51.3,0.0,10.0,61.3,7.1
pp_15,57.3,0.0,0.0,57.3,12.04
pp_15,58.7,0.0,10.0,68.7,14.22
pp_15,61.6,0.0,0.0,61.6,18.38
pp_15,57.6,0.0,0.0,57.6,20.38
pp_15,56.9,0.0,10.0,66.9,16.68
pp_15,61.6,0.0,0.0,61.6,16.63
pp_15,58.6,0.0,0.0,58.6,17.34
pp_15,58.4,0.0,10.0,68.4,13.62
pp_15,61.3,0.0,0.0,61.3,13.02
pp_15,57.0,0.0,0.0,57.0,12.9
pp_15,57.4,0.0,0.0,57.4,11.62
pp_15,51.1,0.0,10.0,61.1,10.98
pp_15,57.4,0.0,0.0,57.4,14.85
pp_15,57.0,0.0,10.0,67.0,15.28
pp_15,51.5,10.0,0.0,61.5,16.9
pp_15,57.1,0.0,0.0,57.1,16.47
pp_15,57.3,0.0,0.0,57.3,13.69
pp_15,62.1,0.0,0.0,62.1,8.13
pp_15,69.5,0.0,0.0,69.5,5.02
pp_15,52.9,10.0,0.0,62.9,3.9
pp_15,61.6,0.0,0.0,61.6,3.56
pp_15,57.3,0.0,0.0,57.3,2.86
pp_15,58.2,0.0,0.0,58.2,2.21
pp_15,61.3,0.0,0.0,61.3,1.99
pp_15,58.5,0.0,10.0,68.5,2.46
pp_15,59.3,0.0,10.0,69.3,3.01
pp_15,61.4,0.0,0.0,61.4,3.46
pp_15,57.8,0.0,0.0,57.8,4.14
pp_15,57.9,0.0,10.0,67.9,3.75
pp_15,61.3,0.0,0.0,61.3,3.89
pp_15,57.8,0.0,0.0,57.8,4.56
pp_15,57.2,0.0,0.0,57.2,4.84
pp_15,51.2,0.0,10.0,61.2,3.52
pp_15,58.5,0.0,0.0,58.5,3.95
pp_15,57.0,0.0,0.0,57.0,3.16
pp_15,51.4,10.0,0.0,61.4,2.07
pp_15,57.4,0.0,0.0,57.4,2.03
pp_15,57.0,0.0,0.0,57.0,2.22
pp_15,61.2,0.0,0.0,61.2,3.11
pp_15,53.4,10.0,0.0,63.4,3.74
pp_15,62.8,0.0,0.0,62.8,3.64
pp_15,62.8,0.0,10.0,72.8,4.02
pp_15,53.7,10.0,0.0,63.7,4.41
pp_15,63.2,0.0,0.0,63.2,4.48
pp_15,62.9,0.0,0.0,62.9,4.73
pp_15,58.9,0.0,0.0,58.9,5.52
pp_15,57.4,0.0,0.0,57.4,6.34
pp_15,61.1,0.0,0.0,61.1,6.06
pp_15,47.1,10.0,0.0,57.1,7.18
pp_15,57.0,0.0,0.0,57.0,7.34
pp_15,61.2,0.0,0.0,61.2,7.16
pp_15,58.0,0.0,0.0,58.0,8.04
pp_15,57.2,0.0,10.0,67.2,7.07
pp_15,51.2,0.0,0.0,51.2,6.62
pp_15,56.9,0.0,0.0,56.9,6.17
pp_15,58.1,0.0,0.0,58.1,3.79
pp_15,51.4,0.0,10.0,61.4,1.07
pp_15,47.0,10.0,0.0,57.0,1.69
pp_15,57.2,0.0,0.0,57.2,2.86
pp_15,61.6,0.0,0.0,61.6,2.77
pp_15,57.8,0.0,0.0,57.8,2.3
pp_15,58.5,0.0,10.0,68.5,1.57
pp_15,52.2,0.0,10.0,62.2,0.67
pp_15,58.3,0.0,0.0,58.3,1.11
pp_15,57.0,0.0,0.0,57.0,1.53
pp_15,61.6,0.0,0.0,61.6,1.44
pp_15,57.7,0.0,0.0,57.7,1.38
pp_15,56.9,0.0,0.0,56.9,1.33
pp_15,61.3,0.0,0.0,61.3,1.27
pp_15,58.1,0.0,0.0,58.1,1.23
pp_15,56.9,0.0,10.0,66.9,1.19
pp_15,52.0,10.0,0.0,62.0,1.17
pp_15,57.1,0.0,0.0,57.1,1.15
pp_15,58.3,0.0,10.0,68.3,1.12
pp_15,61.6,0.0,0.0,61.6,1.11
pp_15,58.0,0.0,0.0,58.0,1.09
pp_15,56.5,0.0,0.0,56.5,1.08
pp_15,61.0,0.0,0.0,61.0,1.07
pp_15,60.4,0.0,0.0,60.4,1.06
pp_15,58.4,0.0,10.0,68.4,1.06
pp_15,51.5,10.0,0.0,61.5,1.05
pp_15,57.5,0.0,0.0,57.5,1.05
pp_15,57.1,0.0,0.0,57.1,1.04
pp_15,51.2,0.0,10.0,61.2,1.04
pp_15,58.1,0.0,0.0,58.1,1.03
pp_15,59.8,0.0,10.0,69.8,1.03
pp_15,62.3,0.0,0.0,62.3,1.03
pp_15,57.5,0.0,0.0,57.5,1.03
pp_15,57.1,0.0,10.0,67.1,0.0
pp_15,51.5,0.0,10.0,61.5,5.82
pp_15,57.3,0.0,0.0,57.3,8.55
pp_15,57.2,0.0,0.0,57.2,8.64
pp_15,61.0,0.0,0.0,61.0,5.67
pp_15,57.2,0.0,0.0,57.2,7.67
pp_15,58.5,0.0,10.0,68.5,11.01
pp_15,61.3,0.0,0.0,61.3,15.05
pp_15,57.3,0.0,0.0,57.3,17.22
pp_15,57.0,0.0,0.0,57.0,16.15
pp_15,61.4,0.0,0.0,61.4,10.49
pp_15,58.2,0.0,0.0,58.2,9.5
pp_15,57.5,0.0,0.0,57.5,6.65
pp_15,61.3,0.0,0.0,61.3,2.57
pp_15,59.1,0.0,0.0,59.1,2.4
pp_15,57.4,0.0,10.0,67.4,3.37
pp_15,61.5,0.0,0.0,61.5,3.76
pp_15,59.1,0.0,0.0,59.1,3.89
pp_15,56.9,0.0,10.0,66.9,4.04
pp_15,51.2,10.0,0.0,61.2,4.08
pp_15,57.4,0.0,0.0,57.4,3.86
pp_15,57.0,0.0,0.0,57.0,3.37
pp_15,51.3,10.0,0.0,61.3,2.73
pp_15,57.8,0.0,0.0,57.8,2.56
pp_15,57.0,0.0,0.0,57.0,2.95
pp_15,61.1,0.0,0.0,61.1,2.65
pp_15,58.8,0.0,0.0,58.8,4.04
pp_15,58.1,0.0,10.0,68.1,3.87
pp_15,51.2,0.0,10.0,61.2,4.75
pp_15,57.1,0.0,0.0,57.1,5.52
pp_15,57.6,0.0,0.0,57.6,5.77
pp_15,61.4,0.0,0.0,61.4,4.27
pp_15,59.6,0.0,10.0,69.6,3.27
pp_15,59.4,0.0,10.0,69.4,2.63
pp_15,62.1,0.0,0.0,62.1,2.74
pp_15,57.2,0.0,0.0,57.2,4.14
pp_15,57.0,0.0,0.0,57.0,5.3
pp_15,64.9,0.0,10.0,74.9,2.96
pp_15,64.9,0.0,0.0,64.9,5.02
pp_15,52.3,10.0,0.0,62.3,5.71
pp_15,62.2,0.0,0.0,62.2,5.43
pp_15,58.5,0.0,0.0,58.5,4.92
pp_15,57.0,0.0,0.0,57.0,4.88
pp_15,61.8,0.0,0.0,61.8,5.14
pp_15,56.9,0.0,0.0,56.9,7.94
pp_15,56.8,0.0,10.0,66.8,8.44
pp_15,61.5,0.0,0.0,61.5,8.54
pp_15,56.9,0.0,0.0,56.9,9.54
pp_15,57.1,0.0,10.0,67.1,8.05
pp_15,61.7,0.0,0.0,61.7,7.4
pp_15,57.4,0.0,0.0,57.4,8.21
pp_15,57.2,0.0,0.0,57.2,8.62
pp_15,51.3,0.0,10.0,61.3,6.26
pp_15,57.1,0.0,0.0,57.1,6.84
pp_15,56.7,0.0,0.0,56.7,6.0
pp_15,51.7,0.0,10.0,61.7,2.6
pp_15,57.4,0.0,0.0,57.4,1.66
pp_15,56.8,0.0,0.0,56.8,1.79
pp_15,63.0,0.0,0.0,63.0,4.98
pp_15,71.4,0.0,0.0,71.4,8.42
pp_15,80.7,0.0,10.0,90.7,10.11
pp_15,87.7,0.0,0.0,87.7,10.92
pp_15,79.6,0.0,0.0,79.6,14.5
pp_15,77.9,0.0,0.0,77.9,18.66
pp_15,74.3,0.0,0.0,74.3,21.32
pp_15,69.2,0.0,0.0,69.2,23.85
pp_15,68.8,0.0,10.0,78.8,18.78
pp_15,59.6,0.0,10.0,69.6,17.87
pp_15,63.9,0.0,0.0,63.9,15.32
pp_15,63.2,0.0,0.0,63.2,12.77
pp_15,74.2,0.0,0.0,74.2,6.66
pp_15,83.5,0.0,0.0,83.5,2.84
pp_15,72.9,0.0,0.0,72.9,1.36
pp_15,60.0,0.0,10.0,70.0,1.17
pp_15,64.3,0.0,0.0,64.3,2.42
pp_15,54.2,0.0,10.0,64.2,3.62
pp_15,61.6,0.0,0.0,61.6,4.66
pp_15,60.9,0.0,10.0,70.9,5.88
pp_15,51.6,0.0,10.0,61.6,6.06
pp_15,51.3,0.0,10.0,61.3,6.53
pp_15,57.2,0.0,0.0,57.2,6.36
pp_15,57.2,0.0,0.0,57.2,6.21
pp_15,61.9,0.0,0.0,61.9,5.94
pp_15,57.9,0.0,0.0,57.9,5.97
pp_15,57.1,0.0,0.0,57.1,5.71
pp_15,62.1,0.0,0.0,62.1,4.93
pp_15,57.6,0.0,0.0,57.6,4.53
pp_15,56.9,0.0,0.0,56.9,4.0
pp_15,51.8,10.0,0.0,61.8,2.01
pp_15,58.0,0.0,0.0,58.0,2.17
pp_15,57.1,0.0,10.0,67.1,2.54
pp_15,51.2,0.0,10.0,61.2,3.95
pp_15,57.2,0.0,0.0,57.2,5.5
pp_15,56.9,0.0,10.0,66.9,4.78
pp_15,61.3,0.0,0.0,61.3,4.95
pp_15,57.2,0.0,0.0,57.2,5.33
pp_15,58.3,0.0,10.0,68.3,3.24
pp_15,51.4,10.0,0.0,61.4,2.34
pp_15,57.2,0.0,0.0,57.2,1.52
pp_15,56.6,0.0,0.0,56.6,0.42
pp_15,61.5,0.0,0.0,61.5,1.27
pp_15,60.2,0.0,0.0,60.2,1.78
pp_15,57.1,0.0,0.0,57.1,2.44
pp_15,51.2,10.0,0.0,61.2,3.04
pp_15,58.5,0.0,10.0,68.5,3.28
pp_15,70.0,0.0,0.0,70.0,3.37
pp_15,62.8,0.0,0.0,62.8,3.38
pp_15,57.8,0.0,0.0,57.8,3.56
pp_15,57.3,0.0,0.0,57.3,3.68
pp_15,61.1,0.0,10.0,71.1,3.09
pp_15,54.1,0.0,10.0,64.1,3.68
pp_15,52.5,0.0,10.0,62.5,3.93
pp_15,61.3,0.0,0.0,61.3,4.33
pp_15,57.8,0.0,10.0,67.8,3.76
pp_15,59.8,0.0,10.0,69.8,4.08
pp_15,51.3,0.0,10.0,61.3,4.26
pp_15,67.4,0.0,0.0,67.4,3.62
pp_15,52.6,0.0,10.0,62.6,4.4
pp_15,61.2,0.0,0.0,61.2,4.03
pp_15,59.0,0.0,0.0,59.0,4.24
pp_15,57.0,0.0,0.0,57.0,4.35
pp_15,50.9,0.0,10.0,60.9,2.94
pp_15,57.0,0.0,0.0,57.0,3.17
pp_15,57.0,0.0,0.0,57.0,3.02
pp_15,62.0,0.0,0.0,62.0,2.5
pp_15,58.4,0.0,0.0,58.4,2.97
pp_15,56.8,0.0,0.0,56.8,3.04
pp_15,51.3,10.0,0.0,61.3,1.71
pp_15,57.0,0.0,0.0,57.0,1.54
pp_15,57.0,0.0,0.0,57.0,1.0
pp_15,61.5,0.0,0.0,61.5,0.9
pp_15,57.0,0.0,0.0,57.0,0.8
pp_15,57.3,0.0,10.0,67.3,1.09
pp_15,51.4,10.0,0.0,61.4,1.3
pp_15,56.7,0.0,0.0,56.7,1.38
pp_15,57.1,0.0,0.0,57.1,1.47
pp_15,50.8,0.0,10.0,60.8,1.39
pp_15,58.1,0.0,0.0,58.1,1.22
pp_15,56.7,0.0,0.0,56.7,1.17
pp_15,61.7,0.0,0.0,61.7,1.46
pp_15,57.7,0.0,0.0,57.7,1.53
pp_15,60.0,0.0,10.0,70.0,1.49
pp_15,51.1,10.0,0.0,61.1,1.5
pp_15,56.8,0.0,0.0,56.8,1.42
pp_15,56.7,0.0,0.0,56.7,1.3
pp_15,61.6,0.0,0.0,61.6,1.29
pp_15,58.3,0.0,0.0,58.3,1.84
pp_15,56.8,0.0,0.0,56.8,3.27
pp_15,62.3,0.0,0.0,62.3,5.07
pp_15,59.3,0.0,0.0,59.3,8.22
pp_15,58.5,0.0,10.0,68.5,10.31
pp_15,61.2,0.0,0.0,61.2,12.86
pp_15,60.1,0.0,0.0,60.1,16.32
pp_15,57.8,0.0,10.0,67.8,15.86
pp_15,61.3,0.0,0.0,61.3,18.67
pp_15,57.7,0.0,0.0,57.7,18.78
pp_15,58.4,0.0,10.0,68.4,13.54
pp_15,51.3,10.0,0.0,61.3,15.27
pp_15,57.2,0.0,0.0,57.2,16.12
pp_15,56.9,0.0,0.0,56.9,14.95
pp_15,51.3,10.0,0.0,61.3,10.88
pp_15,57.0,0.0,0.0,57.0,11.18
pp_15,57.1,0.0,0.0,57.1,11.03
pp_15,61.9,0.0,0.0,61.9,7.39
pp_15,57.3,0.0,0.0,57.3,8.59
pp_15,57.4,0.0,0.0,57.4,9.05
pp_15,62.1,0.0,0.0,62.1,6.94
pp_15,58.2,0.0,0.0,58.2,7.38
pp_15,57.1,0.0,0.0,57.1,7.88
pp_15,50.7,0.0,10.0,60.7,5.48
pp_15,57.4,0.0,0.0,57.4,6.2
pp_15,57.1,0.0,0.0,57.1,7.12
pp_15,61.1,0.0,0.0,61.1,5.93
pp_15,58.0,0.0,0.0,58.0,8.44
pp_15,57.1,0.0,0.0,57.1,8.19
pp_15,62.3,0.0,0.0,62.3,7.54
pp_15,59.3,10.0,0.0,69.3,5.45
pp_15,63.9,0.0,0.0,63.9,6.74
pp_15,62.8,0.0,0.0,62.8,7.46
pp_15,58.6,0.0,0.0,58.6,8.38
pp_15,57.1,0.0,10.0,67.1,5.28
pp_15,52.0,10.0,0.0,62.0,4.87
pp_15,57.0,0.0,0.0,57.0,3.94
pp_15,57.0,0.0,10.0,67.0,2.23
pp_15,62.2,0.0,0.0,62.2,1.88
pp_15,57.6,0.0,0.0,57.6,2.24
pp_15,56.8,0.0,0.0,56.8,2.37
pp_15,51.5,0.0,10.0,61.5,3.61
pp_15,58.2,0.0,0.0,58.2,4.03
pp_15,57.2,0.0,0.0,57.2,5.16
pp_15,61.3,0.0,0.0,61.3,6.58
pp_15,57.3,0.0,0.0,57.3,7.05
pp_15,57.2,0.0,0.0,57.2,7.75
pp_15,61.3,0.0,0.0,61.3,8.73
pp_15,58.9,0.0,0.0,58.9,10.66
pp_15,57.4,0.0,0.0,57.4,13.03
pp_15,51.6,10.0,0.0,61.6,13.28
pp_15,47.4,10.0,0.0,57.4,15.93
pp_15,56.7,0.0,0.0,56.7,15.53
pp_15,51.3,10.0,0.0,61.3,13.24
pp_15,57.4,0.0,0.0,57.4,12.35
pp_15,57.5,0.0,0.0,57.5,11.6
pp_15,61.7,0.0,0.0,61.7,9.06
pp_15,58.3,0.0,10.0,68.3,9.04
pp_15,59.8,0.0,0.0,59.8,10.5
pp_15,61.4,0.0,0.0,61.4,7.67
pp_15,57.4,0.0,0.0,57.4,6.31
pp_15,57.5,0.0,0.0,57.5,4.7
pp_15,61.3,0.0,0.0,61.3,2.57
pp_15,57.5,0.0,0.0,57.5,2.76
pp_15,57.3,0.0,0.0,57.3,2.61
pp_15,62.4,0.0,0.0,62.4,2.82
pp_15,60.4,0.0,0.0,60.4,2.28
pp_15,58.3,0.0,0.0,58.3,2.26
pp_15,51.5,10.0,0.0,61.5,2.94
pp_15,58.1,0.0,0.0,58.1,2.71
pp_15,57.3,0.0,0.0,57.3,2.56
pp_15,51.2,0.0,10.0,61.2,2.36
pp_15,57.0,0.0,0.0,57.0,2.2
pp_15,57.2,0.0,0.0,57.2,2.38
pp_15,61.4,0.0,0.0,61.4,2.92
pp_15,57.6,0.0,0.0,57.6,4.02
pp_15,56.7,0.0,0.0,56.7,4.94
pp_15,51.6,10.0,0.0,61.6,4.45
pp_15,56.8,0.0,0.0,56.8,4.85
pp_15,57.0,0.0,0.0,57.0,4.16
pp_15,62.6,0.0,0.0,62.6,2.55
pp_15,57.4,0.0,0.0,57.4,1.65
pp_15,57.1,0.0,0.0,57.1,1.22
pp_15,61.1,0.0,0.0,61.1,1.33
pp_15,58.6,0.0,10.0,68.6,0.97
pp_15,59.6,0.0,0.0,59.6,0.44
pp_15,51.9,10.0,0.0,61.9,0.63
pp_15,57.2,0.0,0.0,57.2,0.36
pp_15,57.4,0.0,0.0,57.4,1.31
pp_15,61.4,0.0,0.0,61.4,2.69
pp_15,69.7,0.0,0.0,69.7,3.8
pp_15,52.6,0.0,10.0,62.6,5.3
pp_15,62.4,0.0,0.0,62.4,7.36
pp_15,57.9,0.0,0.0,57.9,10.1
pp_15,57.2,0.0,0.0,57.2,11.46
pp_15,51.5,0.0,10.0,61.5,10.53
pp_15,57.1,0.0,0.0,57.1,10.58
pp_15,57.3,0.0,0.0,57.3,9.71
pp_15,60.9,0.0,0.0,60.9,6.69
pp_15,59.2,0.0,0.0,59.2,5.94
pp_15,57.0,0.0,0.0,57.0,5.02
pp_15,61.5,0.0,0.0,61.5,2.29
pp_15,58.6,0.0,10.0,68.6,1.82
pp_15,60.1,0.0,10.0,70.1,1.08
pp_15,61.2,0.0,0.0,61.2,0.85
pp_15,57.9,0.0,0.0,57.9,0.84
pp_15,57.4,0.0,10.0,67.4,1.36
pp_15,51.1,0.0,10.0,61.1,1.44
pp_15,57.5,0.0,0.0,57.5,1.34
pp_15,56.9,0.0,0.0,56.9,1.47
pp_15,61.2,0.0,0.0,61.2,1.62
pp_15,58.9,0.0,0.0,58.9,1.62
pp_15,58.5,0.0,0.0,58.5,1.64
pp_15,61.5,0.0,0.0,61.5,1.76
pp_15,58.7,0.0,0.0,58.7,1.95
pp_15,57.0,0.0,0.0,57.0,2.07
pp_15,61.4,0.0,0.0,61.4,2.14
pp_15,58.0,0.0,0.0,58.0,2.2
pp_15,56.8,0.0,0.0,56.8,2.19
pp_15,61.4,0.0,0.0,61.4,2.12
pp_15,57.1,0.0,0.0,57.1,2.56
pp_15,57.0,0.0,0.0,57.0,2.73
pp_15,61.8,0.0,0.0,61.8,2.64
pp_15,58.2,0.0,0.0,58.2,3.06
pp_15,57.2,0.0,0.0,57.2,3.41
pp_15,51.0,10.0,0.0,61.0,3.22
pp_15,57.3,0.0,0.0,57.3,4.13
pp_15,57.1,0.0,0.0,57.1,4.45
pp_15,61.4,0.0,0.0,61.4,3.84
pp_15,57.3,0.0,0.0,57.3,6.31
pp_15,57.2,0.0,0.0,57.2,9.09
pp_15,51.2,0.0,10.0,61.2,9.8
pp_15,56.9,0.0,0.0,56.9,12.21
pp_15,57.4,0.0,0.0,57.4,13.75
pp_15,61.4,0.0,0.0,61.4,13.21
pp_15,57.4,0.0,0.0,57.4,15.87
pp_15,57.1,0.0,0.0,57.1,16.09
pp_15,61.5,0.0,0.0,61.5,13.96
pp_15,57.2,0.0,0.0,57.2,14.91
pp_15,57.5,0.0,0.0,57.5,13.89
pp_15,61.9,0.0,0.0,61.9,11.73
pp_15,57.3,0.0,0.0,57.3,12.77
pp_15,57.3,0.0,0.0,57.3,11.82
pp_15,61.4,0.0,0.0,61.4,9.45
pp_15,57.4,0.0,10.0,67.4,8.03
pp_15,52.5,0.0,10.0,62.5,8.28
pp_15,61.5,0.0,0.0,61.5,7.96
pp_15,57.5,0.0,0.0,57.5,9.04
pp_15,57.4,0.0,0.0,57.4,9.59
pp_15,62.2,0.0,0.0,62.2,8.37
pp_15,57.4,0.0,0.0,57.4,10.11
pp_15,57.5,0.0,0.0,57.5,10.22
pp_15,61.3,0.0,0.0,61.3,9.03
pp_15,57.6,0.0,0.0,57.6,11.22
pp_15,58.2,0.0,10.0,68.2,7.85
pp_15,62.2,0.0,0.0,62.2,10.15
pp_15,58.6,0.0,0.0,58.6,13.43
pp_15,57.0,0.0,0.0,57.0,14.61
pp_15,75.3,0.0,0.0,75.3,12.77
pp_15,99.0,0.0,0.0,99.0,11.28
pp_15,126.9,0.0,10.0,136.9,9.12
pp_15,137.4,0.0,10.0,147.4,8.11
pp_15,105.7,0.0,10.0,115.7,7.59
pp_15,93.7,0.0,0.0,93.7,6.91
pp_15,93.6,0.0,0.0,93.6,5.61
pp_15,94.0,0.0,0.0,94.0,5.36
pp_15,57.2,0.0,0.0,57.2,4.96
pp_15,51.6,10.0,0.0,61.6,4.34
pp_15,57.2,0.0,0.0,57.2,4.1
pp_15,57.2,0.0,0.0,57.2,4.01
pp_15,52.3,10.0,0.0,62.3,4.12
pp_15,57.6,0.0,0.0,57.6,5.04
pp_15,56.6,0.0,0.0,56.6,6.6
pp_15,61.8,0.0,0.0,61.8,8.63
pp_15,57.0,0.0,0.0,57.0,14.25
pp_15,57.2,0.0,0.0,57.2,17.14
pp_15,51.6,0.0,10.0,61.6,16.82
pp_15,57.8,0.0,10.0,67.8,14.6
pp_15,51.1,0.0,10.0,61.1,16.08
pp_15,50.4,10.0,0.0,60.4,14.93
pp_15,56.9,0.0,0.0,56.9,14.64
pp_15,56.8,0.0,0.0,56.8,13.79
pp_15,67.8,0.0,0.0,67.8,8.76
pp_15,56.9,0.0,0.0,56.9,12.58
pp_15,57.0,0.0,0.0,57.0,11.72
pp_15,58.0,0.0,10.0,68.0,7.98
pp_15,57.0,0.0,0.0,57.0,11.33
pp_15,56.8,0.0,0.0,56.8,11.2
pp_15,59.4,0.0,0.0,59.4,11.54
pp_15,58.4,0.0,10.0,68.4,11.55
pp_15,60.5,0.0,10.0,70.5,10.82
pp_15,58.4,0.0,0.0,58.4,10.76
pp_15,57.3,0.0,0.0,57.3,10.09
pp_15,56.9,0.0,0.0,56.9,9.79
pp_15,57.7,0.0,10.0,67.7,9.29
pp_15,57.3,0.0,0.0,57.3,8.51
pp_15,57.9,0.0,10.0,67.9,7.61
pp_15,59.6,0.0,0.0,59.6,6.74
pp_15,57.4,0.0,0.0,57.4,5.46
pp_15,57.1,0.0,0.0,57.1,4.49
pp_15,57.9,0.0,0.0,57.9,3.71
pp_15,57.2,0.0,10.0,67.2,3.17
pp_15,51.0,0.0,10.0,61.0,2.34
pp_15,62.1,0.0,0.0,62.1,2.04
pp_15,58.3,0.0,10.0,68.3,1.95
pp_15,59.2,10.0,0.0,69.2,1.76
pp_15,62.2,0.0,0.0,62.2,1.67
pp_15,57.4,0.0,0.0,57.4,1.75
pp_15,57.5,0.0,0.0,57.5,1.76
pp_15,57.0,0.0,0.0,57.0,1.65
pp_15,57.2,0.0,0.0,57.2,1.52
pp_15,57.0,0.0,0.0,57.0,1.43
pp_15,57.0,0.0,10.0,67.0,1.49
pp_15,57.2,0.0,0.0,57.2,1.13
pp_15,57.2,0.0,0.0,57.2,1.0
pp_15,56.9,0.0,0.0,56.9,0.93
pp_15,53.2,0.0,10.0,63.2,1.18
pp_15,51.5,0.0,10.0,61.5,1.16
pp_15,58.8,0.0,10.0,68.8,1.28
pp_15,57.0,0.0,0.0,57.0,1.68
pp_15,56.9,0.0,0.0,56.9,2.13
pp_15,57.0,0.0,0.0,57.0,2.73
pp_15,57.8,0.0,0.0,57.8,3.18
pp_15,57.0,0.0,0.0,57.0,3.93
pp_15,57.3,0.0,10.0,67.3,4.09
pp_15,57.6,0.0,0.0,57.6,4.23
pp_15,57.0,0.0,0.0,57.0,4.15
pp_15,56.7,0.0,10.0,66.7,3.25
pp_15,56.9,0.0,0.0,56.9,3.16
pp_15,56.7,0.0,0.0,56.7,2.74
pp_15,57.0,0.0,0.0,57.0,1.65
pp_15,57.4,0.0,0.0,57.4,1.43
pp_15,58.1,0.0,10.0,68.1,1.62
pp_15,58.1,0.0,10.0,68.1,1.96
pp_15,57.0,0.0,0.0,57.0,2.21
pp_15,56.8,0.0,10.0,66.8,2.2
pp_15,61.2,0.0,0.0,61.2,2.08
pp_15,58.1,0.0,0.0,58.1,1.92
pp_15,59.0,0.0,0.0,59.0,1.75
pp_15,57.9,0.0,10.0,67.9,1.51
pp_15,57.1,0.0,0.0,57.1,1.35
pp_15,56.7,0.0,0.0,56.7,1.22
pp_15,58.5,0.0,10.0,68.5,1.1
pp_15,57.2,0.0,0.0,57.2,0.96
pp_15,56.7,0.0,0.0,56.7,0.84
pp_15,57.8,0.0,10.0,67.8,0.59
pp_15,57.6,0.0,0.0,57.6,0.62
pp_15,56.9,0.0,10.0,66.9,0.54
pp_15,49.5,0.0,10.0,59.5,0.5
pp_15,57.5,0.0,10.0,67.5,0.53
pp_15,60.3,0.0,10.0,70.3,0.97
pp_15,61.7,0.0,0.0,61.7,1.53
pp_15,58.5,0.0,0.0,58.5,2.26
pp_15,57.2,0.0,0.0,57.2,2.79
pp_15,57.2,0.0,10.0,67.2,2.57
pp_15,57.1,0.0,0.0,57.1,2.91
pp_15,57.0,0.0,0.0,57.0,3.15
pp_15,58.2,10.0,0.0,68.2,2.52
pp_15,58.1,0.0,0.0,58.1,2.64
pp_15,59.3,0.0,10.0,69.3,1.99
pp_15,68.4,0.0,0.0,68.4,1.41
pp_15,61.4,0.0,0.0,61.4,0.99
pp_15,56.9,0.0,0.0,56.9,0.58
pp_15,57.0,0.0,0.0,57.0,0.37
pp_15,61.0,0.0,0.0,61.0,0.87
pp_15,56.7,0.0,0.0,56.7,1.26
pp_15,57.1,0.0,10.0,67.1,1.41
pp_15,61.7,0.0,0.0,61.7,1.52
pp_15,57.8,0.0,0.0,57.8,1.48
pp_15,57.8,0.0,10.0,67.8,1.32
pp_15,61.5,0.0,0.0,61.5,1.25
pp_15,57.4,0.0,0.0,57.4,1.12
pp_15,56.7,0.0,0.0,56.7,0.9
pp_15,61.7,0.0,0.0,61.7,0.61
pp_15,57.3,0.0,0.0,57.3,0.42
pp_15,56.6,0.0,0.0,56.6,0.27
pp_15,60.8,0.0,0.0,60.8,0.45
pp_15,57.6,0.0,0.0,57.6,0.65
pp_15,58.2,0.0,10.0,68.2,1.3
pp_15,62.0,0.0,0.0,62.0,2.27
pp_15,57.2,0.0,0.0,57.2,4.14
pp_15,56.7,0.0,0.0,56.7,6.02
pp_15,61.1,0.0,0.0,61.1,6.69
pp_15,56.6,0.0,0.0,56.6,8.77
pp_15,56.8,0.0,10.0,66.8,8.31
pp_15,61.3,0.0,0.0,61.3,9.43
pp_15,56.7,0.0,0.0,56.7,11.76
pp_15,57.9,0.0,10.0,67.9,10.76
pp_15,61.4,0.0,0.0,61.4,11.89
pp_15,57.3,0.0,0.0,57.3,15.21
pp_15,56.8,0.0,0.0,56.8,15.59
pp_15,61.0,0.0,0.0,61.0,11.97
pp_15,56.9,0.0,10.0,66.9,9.72
pp_15,66.8,0.0,0.0,66.8,9.27
pp_15,62.3,0.0,0.0,62.3,6.98
pp_15,56.9,0.0,0.0,56.9,6.41
pp_15,56.8,0.0,0.0,56.8,5.37
pp_15,62.2,0.0,0.0,62.2,5.02
pp_15,57.0,0.0,0.0,57.0,6.17
pp_15,57.0,0.0,0.0,57.0,7.2
pp_15,62.2,0.0,0.0,62.2,7.97
pp_15,57.4,0.0,10.0,67.4,8.24
pp_15,60.9,0.0,0.0,60.9,8.09
pp_15,61.4,0.0,0.0,61.4,7.75
pp_15,56.8,0.0,0.0,56.8,7.11
pp_15,57.4,0.0,10.0,67.4,6.35
pp_15,61.2,0.0,0.0,61.2,5.5
pp_15,58.3,0.0,0.0,58.3,4.97
pp_15,56.8,0.0,10.0,66.8,4.32
pp_15,61.4,0.0,0.0,61.4,3.86
pp_15,57.3,0.0,0.0,57.3,3.35
pp_15,56.8,0.0,10.0,66.8,3.07
pp_15,61.3,0.0,0.0,61.3,2.6
pp_15,57.1,0.0,10.0,67.1,2.4
pp_15,49.8,0.0,10.0,59.8,1.87
pp_15,61.4,0.0,0.0,61.4,1.62
pp_15,59.9,0.0,10.0,69.9,1.45
pp_15,51.1,10.0,0.0,61.1,1.43
pp_15,60.9,0.0,0.0,60.9,1.28
pp_15,57.3,0.0,0.0,57.3,0.98
pp_15,56.9,0.0,10.0,66.9,0.95
pp_15,62.3,0.0,0.0,62.3,1.0
pp_15,58.5,0.0,0.0,58.5,1.02
pp_15,56.8,0.0,0.0,56.8,0.94
pp_15,62.3,0.0,0.0,62.3,0.63
pp_15,57.8,0.0,10.0,67.8,0.42
pp_15,49.0,0.0,10.0,59.0,0.5
pp_15,61.9,0.0,0.0,61.9,0.64
pp_15,56.8,0.0,10.0,66.8,0.5
pp_15,60.6,0.0,0.0,60.6,0.6
pp_15,62.4,0.0,0.0,62.4,0.6
pp_15,57.0,0.0,0.0,57.0,0.5
pp_15,67.9,0.0,0.0,67.9,0.26
pp_15,62.4,0.0,0.0,62.4,0.23
pp_15,57.0,0.0,0.0,57.0,0.19
pp_15,56.8,0.0,0.0,56.8,0.12
pp_15,61.8,0.0,0.0,61.8,0.13
pp_15,56.9,0.0,0.0,56.9,0.05
pp_15,58.3,0.0,0.0,58.3,0.04
pp_15,60.7,0.0,0.0,60.7,0.06
pp_15,56.8,0.0,0.0,56.8,0.11
pp_15,56.9,0.0,0.0,56.9,0.22
pp_15,61.5,0.0,0.0,61.5,0.26
pp_15,57.2,0.0,0.0,57.2,0.48
pp_15,56.8,0.0,10.0,66.8,0.89
pp_15,61.2,0.0,0.0,61.2,1.71
pp_15,58.5,0.0,0.0,58.5,2.97
pp_15,56.8,0.0,10.0,66.8,4.24
pp_15,62.0,0.0,0.0,62.0,6.37
pp_15,56.9,0.0,0.0,56.9,8.71
pp_15,57.5,0.0,10.0,67.5,7.94
pp_15,61.0,0.0,0.0,61.0,8.2
pp_15,57.9,0.0,0.0,57.9,8.84
pp_15,56.8,0.0,0.0,56.8,7.39
pp_15,61.5,0.0,0.0,61.5,4.2
pp_15,57.0,0.0,0.0,57.0,3.65
pp_15,57.0,0.0,10.0,67.0,2.2
pp_15,62.4,0.0,0.0,62.4,1.83
pp_15,58.7,0.0,10.0,68.7,2.51
pp_15,50.0,0.0,10.0,60.0,3.02
pp_15,61.8,0.0,0.0,61.8,3.07
pp_15,58.9,0.0,10.0,68.9,2.96
pp_15,56.9,0.0,0.0,56.9,2.94
pp_15,61.5,0.0,0.0,61.5,2.53
pp_15,56.7,0.0,0.0,56.7,2.19
pp_15,57.8,0.0,10.0,67.8,1.68
pp_15,61.7,0.0,0.0,61.7,1.24
pp_15,56.8,0.0,0.0,56.8,0.74
pp_15,57.0,0.0,10.0,67.0,0.35
pp_15,60.8,0.0,0.0,60.8,0.53
pp_15,57.3,0.0,0.0,57.3,1.39
pp_15,56.7,0.0,0.0,56.7,2.19
pp_15,61.1,0.0,0.0,61.1,2.02
pp_15,58.3,0.0,10.0,68.3,1.18
pp_15,59.7,0.0,0.0,59.7,0.89
pp_15,61.1,0.0,0.0,61.1,1.18
pp_15,56.9,0.0,0.0,56.9,1.61
pp_15,57.9,0.0,10.0,67.9,1.82
pp_15,61.5,0.0,0.0,61.5,1.89
pp_15,58.8,0.0,10.0,68.8,1.92
pp_15,57.7,0.0,10.0,67.7,1.94
pp_15,61.1,0.0,0.0,61.1,1.93
pp_15,57.2,0.0,0.0,57.2,2.05
pp_15,57.7,0.0,10.0,67.7,1.87
pp_15,62.8,0.0,0.0,62.8,1.91
pp_15,70.0,0.0,0.0,70.0,1.94
pp_15,63.9,0.0,0.0,63.9,1.92
pp_15,61.6,0.0,0.0,61.6,1.79
pp_15,57.4,0.0,0.0,57.4,1.91
pp_15,57.6,0.0,10.0,67.6,1.64
pp_15,61.1,0.0,0.0,61.1,2.1
pp_reset,57.0,0.0,0.0,57.0,2.72
pp_reset,56.8,0.0,10.0,66.8,2.88
pp_reset,61.1,0.0,0.0,61.1,3.94
pp_reset,56.9,0.0,0.0,56.9,6.04
pp_reset,56.7,0.0,10.0,66.7,8.03
pp_reset,61.9,0.0,0.0,61.9,11.88
pp_reset,59.4,0.0,10.0,69.4,13.84
pp_reset,50.6,0.0,10.0,60.6,18.22
pp_reset,61.8,0.0,10.0,71.8,13.02
pp_reset,59.8,0.0,10.0,69.8,13.36
pp_reset,62.9,10.0,0.0,72.9,11.61
pp_reset,68.0,0.0,0.0,68.0,12.31
pp_reset,52.5,0.0,10.0,62.5,12.58
pp_reset,50.9,10.0,0.0,60.9,11.24
pp_reset,61.8,0.0,0.0,61.8,9.91
pp_reset,57.2,0.0,0.0,57.2,11.28
pp_reset,56.6,0.0,10.0,66.6,9.3
pp_reset,60.9,0.0,0.0,60.9,10.25
pp_reset,57.3,0.0,0.0,57.3,11.44
pp_reset,57.9,0.0,10.0,67.9,8.18
pp_reset,61.5,0.0,0.0,61.5,7.95
pp_reset,56.7,0.0,0.0,56.7,7.65
pp_reset,57.0,10.0,0.0,67.0,3.59
pp_reset,61.7,0.0,0.0,61.7,5.26
pp_reset,57.1,0.0,0.0,57.1,6.11
pp_reset,56.6,0.0,0.0,56.6,6.39
pp_reset,61.3,0.0,0.0,61.3,7.41
pp_reset,56.7,0.0,0.0,56.7,8.23
pp_reset,56.6,0.0,10.0,66.6,9.57
pp_reset,61.0,0.0,0.0,61.0,10.44
pp_reset,57.4,0.0,0.0,57.4,10.84
pp_reset,57.9,0.0,10.0,67.9,10.09
pp_reset,61.5,0.0,0.0,61.5,9.37
pp_reset,57.3,0.0,0.0,57.3,8.57
pp_reset,56.7,0.0,10.0,66.7,7.03
pp_reset,61.4,0.0,0.0,61.4,6.53
pp_reset,56.7,0.0,0.0,56.7,6.39
pp_reset,56.7,0.0,0.0,56.7,6.24
pp_reset,61.2,0.0,0.0,61.2,5.32
pp_reset,56.9,0.0,10.0,66.9,5.05
pp_reset,58.0,0.0,0.0,58.0,5.73
pp_reset,61.8,0.0,0.0,61.8,4.77
pp_reset,56.7,0.0,0.0,56.7,4.62
pp_reset,56.8,0.0,10.0,66.8,3.28
pp_reset,61.2,0.0,0.0,61.2,2.7
pp_reset,56.6,0.0,10.0,66.6,1.88
pp_reset,49.3,0.0,10.0,59.3,1.18
pp_reset,61.9,0.0,0.0,61.9,0.69
pp_reset,56.8,0.0,0.0,56.8,0.39
pp_reset,56.8,0.0,10.0,66.8,0.63
pp_reset,61.2,0.0,0.0,61.2,1.04
pp_reset,56.8,0.0,0.0,56.8,1.3
pp_reset,57.0,0.0,10.0,67.0,1.6
pp_reset,61.4,0.0,0.0,61.4,1.8
pp_reset,56.5,0.0,0.0,56.5,2.03
pp_reset,57.4,0.0,10.0,67.4,1.71
pp_reset,61.0,0.0,0.0,61.0,1.6
pp_reset,56.7,0.0,0.0,56.7,1.58
pp_reset,56.6,0.0,0.0,56.6,1.47
pp_reset,61.3,0.0,0.0,61.3,1.26
pp_16,257.1,0.0,10.0,267.1,1.52
pp_16,60.3,0.0,0.0,60.3,0.06
pp_16,61.0,0.0,0.0,61.0,5.18
pp_16,56.9,0.0,0.0,56.9,4.22
pp_16,56.6,0.0,10.0,66.6,3.43
pp_16,61.0,0.0,0.0,61.0,2.88
pp_16,56.5,0.0,0.0,56.5,2.4
pp_16,67.2,0.0,0.0,67.2,2.17
pp_16,61.0,0.0,0.0,61.0,2.01
pp_16,57.9,0.0,10.0,67.9,1.76
pp_16,59.2,0.0,0.0,59.2,1.62
pp_16,61.4,0.0,0.0,61.4,1.53
pp_16,67.2,0.0,0.0,67.2,1.31
pp_16,62.0,0.0,0.0,62.0,1.15
pp_16,61.9,0.0,0.0,61.9,1.04
pp_16,67.1,0.0,0.0,67.1,1.35
pp_16,60.6,0.0,0.0,60.6,1.78
pp_16,62.3,0.0,0.0,62.3,2.33
pp_16,56.8,0.0,0.0,56.8,4.02
pp_16,56.6,0.0,10.0,66.6,6.11
pp_16,60.9,0.0,0.0,60.9,8.81
pp_16,56.6,0.0,0.0,56.6,10.65
pp_16,56.6,0.0,0.0,56.6,8.91
pp_16,61.6,0.0,0.0,61.6,3.39
pp_16,56.7,0.0,0.0,56.7,6.89
pp_16,67.6,0.0,0.0,67.6,11.53
pp_16,63.4,0.0,0.0,63.4,17.38
pp_16,57.6,0.0,10.0,67.6,19.4
pp_16,57.5,0.0,10.0,67.5,18.03
pp_16,61.1,0.0,0.0,61.1,19.19
pp_16,57.2,0.0,10.0,67.2,18.05
pp_16,49.0,0.0,10.0,59.0,20.77
pp_16,62.7,0.0,0.0,62.7,19.41
pp_16,58.7,0.0,10.0,68.7,18.19
pp_16,59.9,0.0,0.0,59.9,14.96
pp_16,62.1,0.0,0.0,62.1,6.14
pp_16,58.5,0.0,10.0,68.5,3.12
pp_16,58.1,0.0,10.0,68.1,3.64
pp_16,61.1,0.0,0.0,61.1,3.41
pp_16,58.5,0.0,10.0,68.5,3.1
pp_16,57.7,10.0,0.0,67.7,2.91
pp_16,62.4,0.0,0.0,62.4,2.76
pp_16,56.7,0.0,0.0,56.7,2.65
pp_16,56.7,0.0,0.0,56.7,2.55
pp_16,62.2,0.0,0.0,62.2,2.45
pp_16,56.6,0.0,0.0,56.6,2.39
pp_16,58.1,0.0,10.0,68.1,2.33
pp_16,60.9,0.0,0.0,60.9,2.3
pp_16,56.8,0.0,10.0,66.8,2.26
pp_16,58.8,10.0,0.0,68.8,2.24
pp_16,61.5,0.0,0.0,61.5,0.0
pp_16,56.6,0.0,0.0,56.6,10.3
pp_16,66.6,0.0,0.0,66.6,14.06
pp_16,61.1,0.0,0.0,61.1,17.95
pp_16,56.9,0.0,0.0,56.9,19.91
pp_16,56.7,0.0,0.0,56.7,19.17
pp_16,62.2,0.0,0.0,62.2,16.12
pp_16,58.7,0.0,10.0,68.7,13.6
pp_16,58.4,10.0,0.0,68.4,12.85
pp_16,61.0,0.0,0.0,61.0,14.2
pp_16,56.9,0.0,0.0,56.9,15.64
pp_16,57.4,0.0,10.0,67.4,9.88
pp_16,62.3,0.0,0.0,62.3,10.46
pp_16,58.7,10.0,0.0,68.7,8.01
pp_16,60.1,0.0,0.0,60.1,10.19
pp_16,61.2,0.0,0.0,61.2,6.76
pp_16,56.6,0.0,0.0,56.6,4.38
pp_16,66.7,0.0,0.0,66.7,3.62
pp_16,60.8,0.0,0.0,60.8,5.69
pp_16,57.1,0.0,0.0,57.1,7.29
pp_16,66.8,0.0,0.0,66.8,8.93
pp_16,60.9,0.0,0.0,60.9,9.94
pp_16,56.6,0.0,0.0,56.6,11.37
pp_16,58.4,0.0,10.0,68.4,12.44
pp_16,60.9,0.0,0.0,60.9,12.92
pp_16,58.1,0.0,10.0,68.1,12.14
pp_16,57.4,0.0,10.0,67.4,11.04
pp_16,62.2,0.0,0.0,62.2,10.21
pp_16,56.9,0.0,0.0,56.9,9.04
pp_16,56.9,0.0,10.0,66.9,6.01
pp_16,62.1,0.0,0.0,62.1,4.83
pp_16,56.9,0.0,0.0,56.9,3.95
pp_16,56.7,0.0,10.0,66.7,2.29
pp_16,61.0,0.0,0.0,61.0,1.26
pp_16,56.7,0.0,0.0,56.7,0.39
pp_16,56.7,0.0,10.0,66.7,1.82
pp_16,62.0,0.0,0.0,62.0,3.57
pp_16,56.6,0.0,0.0,56.6,6.37
pp_16,56.6,0.0,0.0,56.6,8.61
pp_16,61.0,0.0,0.0,61.0,8.5
pp_16,56.6,0.0,0.0,56.6,10.08
pp_16,56.6,0.0,10.0,66.6,9.44
pp_16,60.9,0.0,0.0,60.9,8.36
pp_16,56.9,0.0,0.0,56.9,7.36
pp_16,56.8,0.0,10.0,66.8,5.09
pp_16,61.3,0.0,0.0,61.3,5.0
pp_16,56.7,0.0,10.0,66.7,4.92
pp_16,58.4,0.0,10.0,68.4,4.73
pp_16,61.6,0.0,0.0,61.6,4.28
pp_16,57.8,0.0,10.0,67.8,4.18
pp_16,67.7,0.0,0.0,67.7,4.74
pp_16,61.8,0.0,0.0,61.8,4.35
pp_16,56.7,0.0,0.0,56.7,4.78
pp_16,56.8,0.0,10.0,66.8,5.29
pp_16,61.5,0.0,0.0,61.5,5.52
pp_16,56.6,0.0,0.0,56.6,5.79
pp_16,56.7,0.0,0.0,56.7,5.98
pp_16,61.1,0.0,0.0,61.1,5.73
pp_16,57.0,0.0,10.0,67.0,6.58
pp_16,58.4,10.0,0.0,68.4,8.05
pp_16,61.9,0.0,0.0,61.9,10.8
pp_16,56.8,0.0,0.0,56.8,14.12
pp_16,56.7,10.0,0.0,66.7,14.07
pp_16,62.0,0.0,0.0,62.0,16.52
pp_16,58.8,0.0,0.0,58.8,17.66
pp_16,57.5,0.0,10.0,67.5,14.42
pp_16,61.4,0.0,0.0,61.4,15.62
pp_16,56.8,0.0,0.0,56.8,15.74
pp_16,56.6,0.0,0.0,56.6,7.36
pp_16,61.1,0.0,0.0,61.1,3.3
pp_16,68.8,0.0,0.0,68.8,6.06
pp_16,63.8,0.0,0.0,63.8,7.07
pp_16,60.8,0.0,0.0,60.8,7.24
pp_16,56.7,0.0,0.0,56.7,7.02
pp_16,56.7,0.0,0.0,56.7,6.79
pp_16,61.1,0.0,0.0,61.1,6.34
pp_16,56.7,0.0,0.0,56.7,6.96
pp_16,56.7,0.0,10.0,66.7,7.7
pp_16,61.2,0.0,0.0,61.2,9.22
pp_16,58.1,0.0,10.0,68.1,10.13
pp_16,60.8,0.0,0.0,60.8,11.3
pp_16,62.8,0.0,0.0,62.8,12.29
pp_16,57.8,0.0,10.0,67.8,11.01
pp_16,68.7,0.0,0.0,68.7,11.46
pp_16,61.6,0.0,0.0,61.6,14.5
pp_16,57.0,0.0,10.0,67.0,16.14
pp_16,57.4,0.0,0.0,57.4,19.2
pp_16,61.0,0.0,0.0,61.0,16.79
pp_16,56.7,0.0,0.0,56.7,14.42
pp_16,56.6,0.0,10.0,66.6,10.04
pp_16,61.2,0.0,0.0,61.2,8.56
pp_16,57.4,0.0,10.0,67.4,4.34
pp_16,60.1,0.0,0.0,60.1,3.45
pp_16,61.4,0.0,0.0,61.4,3.16
pp_16,57.6,0.0,10.0,67.6,3.77
pp_16,57.6,0.0,10.0,67.6,4.14
pp_16,60.9,0.0,0.0,60.9,4.55
pp_16,56.6,0.0,0.0,56.6,3.9
pp_16,48.9,0.0,10.0,58.9,3.01
pp_16,61.2,0.0,0.0,61.2,2.57
pp_16,56.7,0.0,0.0,56.7,2.53
pp_16,56.6,0.0,0.0,56.6,2.83
pp_16,62.1,0.0,0.0,62.1,5.32
pp_16,56.7,0.0,0.0,56.7,7.5
pp_16,67.6,0.0,0.0,67.6,5.86
pp_16,61.3,0.0,0.0,61.3,4.8
pp_16,57.3,0.0,0.0,57.3,4.82
pp_16,57.3,0.0,10.0,67.3,4.57
pp_16,61.1,0.0,0.0,61.1,4.14
pp_16,57.2,0.0,10.0,67.2,3.48
pp_16,49.4,10.0,0.0,59.4,2.55
pp_16,60.7,0.0,0.0,60.7,2.05
pp_16,56.8,0.0,0.0,56.8,2.22
pp_16,56.8,0.0,10.0,66.8,1.76
pp_16,60.8,0.0,0.0,60.8,1.4
pp_16,57.8,0.0,0.0,57.8,2.24
pp_16,57.4,10.0,0.0,67.4,2.25
pp_16,61.5,0.0,10.0,71.5,2.01
pp_16,71.8,0.0,0.0,71.8,1.52
pp_16,61.8,0.0,0.0,61.8,2.05
pp_16,60.9,0.0,0.0,60.9,2.46
pp_16,56.5,0.0,0.0,56.5,4.02
pp_16,66.6,0.0,0.0,66.6,4.73
pp_16,61.1,0.0,0.0,61.1,6.33
pp_16,57.2,0.0,0.0,57.2,8.36
pp_16,56.7,0.0,10.0,66.7,6.75
pp_16,60.8,0.0,0.0,60.8,7.17
pp_16,56.8,0.0,10.0,66.8,6.86
pp_16,68.6,0.0,0.0,68.6,6.02
pp_16,61.9,0.0,0.0,61.9,5.3
pp_16,57.1,0.0,0.0,57.1,4.7
pp_16,56.6,0.0,10.0,66.6,2.15
pp_16,62.2,0.0,0.0,62.2,1.48
pp_16,58.0,0.0,10.0,68.0,1.37
pp_16,59.4,0.0,0.0,59.4,1.61
pp_16,61.5,0.0,0.0,61.5,1.89
pp_16,57.7,0.0,0.0,57.7,2.52
pp_16,56.8,0.0,10.0,66.8,3.24
pp_16,60.9,0.0,0.0,60.9,3.81
pp_16,69.4,0.0,0.0,69.4,4.07
pp_16,62.0,0.0,0.0,62.0,4.35
pp_16,60.8,0.0,0.0,60.8,4.45
pp_16,57.0,0.0,0.0,57.0,4.66
pp_16,56.7,0.0,10.0,66.7,3.65
pp_16,61.0,0.0,10.0,71.0,3.6
pp_16,71.6,0.0,0.0,71.6,4.36
pp_16,61.1,0.0,0.0,61.1,4.69
pp_16,61.1,0.0,0.0,61.1,4.97
pp_16,56.7,0.0,10.0,66.7,4.44
pp_16,56.6,0.0,10.0,66.6,4.04
pp_16,61.3,0.0,0.0,61.3,3.49
pp_16,56.7,0.0,0.0,56.7,3.03
pp_16,57.1,0.0,10.0,67.1,2.0
pp_16,61.0,0.0,10.0,71.0,1.24
pp_16,72.9,0.0,0.0,72.9,1.58
pp_16,60.9,0.0,0.0,60.9,1.58
pp_16,60.8,0.0,0.0,60.8,1.44
pp_16,56.7,0.0,0.0,56.7,1.51
pp_16,67.2,0.0,0.0,67.2,1.69
pp_16,60.9,0.0,0.0,60.9,1.67
pp_16,56.7,0.0,0.0,56.7,1.73
pp_16,66.8,0.0,0.0,66.8,1.89
pp_16,60.6,0.0,0.0,60.6,2.16
pp_16,59.0,0.0,10.0,69.0,2.16
pp_16,57.9,0.0,0.0,57.9,1.93
pp_16,61.1,0.0,0.0,61.1,1.97
pp_16,58.9,0.0,10.0,68.9,2.87
pp_16,58.3,10.0,0.0,68.3,3.43
pp_16,60.8,0.0,0.0,60.8,3.84
pp_16,56.7,10.0,0.0,66.7,3.78
pp_16,60.4,0.0,0.0,60.4,3.29
pp_16,62.2,0.0,0.0,62.2,2.98
pp_16,71.9,0.0,0.0,71.9,2.03
pp_16,61.7,0.0,0.0,61.7,1.71
pp_16,62.2,0.0,0.0,62.2,1.47
pp_16,56.8,0.0,0.0,56.8,1.12
pp_16,56.7,0.0,0.0,56.7,1.28
pp_16,71.9,0.0,0.0,71.9,0.95
pp_16,65.1,0.0,0.0,65.1,1.21
pp_16,63.9,0.0,0.0,63.9,1.94
pp_16,62.6,0.0,0.0,62.6,1.67
pp_16,57.5,0.0,0.0,57.5,1.98
pp_16,59.2,0.0,0.0,59.2,2.38
pp_16,61.1,0.0,0.0,61.1,3.06
pp_16,56.9,0.0,0.0,56.9,5.05
pp_16,58.8,0.0,0.0,58.8,5.02
pp_16,61.0,0.0,0.0,61.0,5.41
pp_16,56.8,0.0,0.0,56.8,5.83
pp_16,56.5,0.0,0.0,56.5,5.83
pp_16,60.9,0.0,0.0,60.9,3.39
pp_16,57.9,0.0,10.0,67.9,2.08
pp_16,68.0,0.0,0.0,68.0,1.34
pp_16,62.5,0.0,0.0,62.5,1.54
pp_16,57.0,0.0,0.0,57.0,2.49
pp_16,56.8,0.0,10.0,66.8,1.39
pp_16,61.0,0.0,0.0,61.0,1.5
pp_16,56.6,0.0,0.0,56.6,1.65
pp_16,56.9,0.0,10.0,66.9,2.25
pp_16,62.5,0.0,0.0,62.5,1.76
pp_16,57.5,0.0,0.0,57.5,1.65
pp_16,57.2,0.0,10.0,67.2,1.45
pp_16,61.0,0.0,0.0,61.0,1.51
pp_16,56.7,0.0,0.0,56.7,1.05
pp_16,56.9,0.0,10.0,66.9,0.91
pp_16,61.5,0.0,0.0,61.5,1.0
pp_16,56.7,0.0,0.0,56.7,0.95
pp_16,56.8,0.0,10.0,66.8,0.92
pp_16,61.0,0.0,0.0,61.0,1.0
pp_16,67.6,0.0,0.0,67.6,0.55
pp_16,62.0,0.0,0.0,62.0,0.43
pp_16,64.2,0.0,0.0,64.2,0.44
pp_16,57.3,0.0,0.0,57.3,0.87
pp_16,56.7,0.0,0.0,56.7,0.46
pp_16,61.2,0.0,0.0,61.2,0.59
pp_16,57.1,0.0,0.0,57.1,0.39
pp_16,56.8,0.0,0.0,56.8,0.64
pp_16,61.2,0.0,0.0,61.2,0.2
pp_16,56.6,0.0,0.0,56.6,0.35
pp_16,56.7,0.0,0.0,56.7,0.71
pp_16,60.7,0.0,0.0,60.7,0.56
pp_16,56.7,0.0,0.0,56.7,1.27
pp_16,57.7,0.0,10.0,67.7,0.79
pp_16,60.7,0.0,0.0,60.7,0.96
pp_16,56.6,0.0,0.0,56.6,1.55
pp_16,56.7,0.0,0.0,56.7,1.17
pp_16,61.1,0.0,0.0,61.1,1.09
pp_16,56.9,0.0,0.0,56.9,1.41
pp_16,56.8,0.0,10.0,66.8,1.02
pp_16,61.1,0.0,0.0,61.1,0.94
pp_16,57.0,0.0,0.0,57.0,0.58
pp_16,56.8,0.0,0.0,56.8,0.41
pp_16,61.1,0.0,0.0,61.1,0.57
pp_16,56.7,0.0,0.0,56.7,0.85
pp_16,56.9,0.0,10.0,66.9,0.44
pp_16,60.9,0.0,0.0,60.9,1.04
pp_16,56.8,0.0,0.0,56.8,0.7
pp_16,57.5,0.0,10.0,67.5,1.39
pp_16,61.9,0.0,0.0,61.9,1.48
pp_16,56.6,0.0,0.0,56.6,3.09
pp_16,56.8,0.0,10.0,66.8,2.3
pp_16,62.5,0.0,10.0,72.5,2.01
pp_16,62.4,10.0,0.0,72.4,4.1
pp_16,59.6,0.0,0.0,59.6,2.15
pp_16,61.2,0.0,0.0,61.2,3.54
pp_16,70.0,0.0,0.0,70.0,5.08
pp_16,61.7,0.0,0.0,61.7,5.46
pp_16,61.1,0.0,0.0,61.1,7.21
pp_16,56.9,0.0,0.0,56.9,10.98
pp_16,56.8,0.0,10.0,66.8,10.66
pp_16,61.4,0.0,0.0,61.4,9.82
pp_16,56.7,0.0,10.0,66.7,6.17
pp_16,58.9,10.0,0.0,68.9,3.64
pp_16,61.5,0.0,0.0,61.5,2.55
pp_16,58.9,0.0,10.0,68.9,3.68
pp_16,49.3,10.0,0.0,59.3,4.66
pp_16,60.9,0.0,0.0,60.9,4.78
pp_16,56.9,0.0,10.0,66.9,4.22
pp_16,60.0,0.0,0.0,60.0,3.72
pp_16,62.1,0.0,0.0,62.1,3.23
pp_16,57.9,0.0,10.0,67.9,2.62
pp_16,68.5,0.0,0.0,68.5,2.35
pp_16,62.5,0.0,0.0,62.5,2.2
pp_16,56.7,0.0,0.0,56.7,2.45
pp_16,56.9,0.0,0.0,56.9,2.71
pp_16,60.8,0.0,0.0,60.8,2.56
pp_16,58.7,0.0,10.0,68.7,2.73
pp_16,58.5,10.0,0.0,68.5,3.78
pp_16,62.9,0.0,0.0,62.9,5.56
pp_16,60.8,10.0,0.0,70.8,7.04
pp_16,59.9,0.0,0.0,59.9,9.21
pp_16,61.3,0.0,0.0,61.3,10.25
pp_16,57.0,0.0,0.0,57.0,11.36
pp_16,56.6,0.0,0.0,56.6,10.01
pp_16,62.3,0.0,0.0,62.3,6.3
pp_16,59.1,0.0,10.0,69.1,4.98
pp_16,57.9,0.0,10.0,67.9,5.67
pp_16,60.9,0.0,0.0,60.9,4.08
pp_16,58.7,0.0,10.0,68.7,4.7
pp_16,58.9,0.0,10.0,68.9,4.31
pp_16,61.0,0.0,0.0,61.0,3.61
pp_16,56.6,0.0,10.0,66.6,3.45
pp_16,67.8,0.0,0.0,67.8,2.87
pp_16,61.2,0.0,0.0,61.2,3.42
pp_16,56.9,0.0,0.0,56.9,2.6
pp_16,56.7,10.0,0.0,66.7,1.99
pp_16,61.0,0.0,0.0,61.0,1.83
pp_16,56.9,0.0,0.0,56.9,1.9
pp_16,56.9,0.0,10.0,66.9,1.79
pp_16,61.6,0.0,0.0,61.6,1.74
pp_16,56.6,0.0,0.0,56.6,1.4
pp_16,56.7,0.0,0.0,56.7,1.86
pp_16,61.1,0.0,0.0,61.1,1.73
pp_16,57.3,0.0,10.0,67.3,0.9
pp_16,57.4,10.0,0.0,67.4,1.1
pp_16,61.4,0.0,0.0,61.4,1.41
pp_16,56.7,0.0,0.0,56.7,1.41
pp_16,56.7,0.0,10.0,66.7,0.92
pp_16,61.0,0.0,0.0,61.0,1.09
pp_16,56.7,0.0,0.0,56.7,1.84
pp_16,56.6,0.0,10.0,66.6,1.87
pp_16,61.3,0.0,0.0,61.3,0.41
pp_16,56.8,0.0,0.0,56.8,2.48
pp_16,57.7,0.0,10.0,67.7,2.43
pp_16,62.8,0.0,0.0,62.8,0.99
pp_16,57.5,0.0,10.0,67.5,1.38
pp_16,59.1,0.0,0.0,59.1,1.18
pp_16,60.8,0.0,0.0,60.8,0.96
pp_16,56.8,0.0,0.0,56.8,2.1
pp_16,67.4,0.0,0.0,67.4,1.78
pp_16,61.0,0.0,0.0,61.0,1.99
pp_16,57.1,0.0,0.0,57.1,1.57
pp_16,56.8,0.0,10.0,66.8,1.49
pp_16,60.9,0.0,0.0,60.9,2.78
pp_16,57.4,0.0,0.0,57.4,3.17
pp_16,56.7,0.0,10.0,66.7,1.97
pp_16,61.1,0.0,0.0,61.1,1.91
pp_16,57.4,0.0,0.0,57.4,3.54
pp_16,56.7,0.0,10.0,66.7,5.26
pp_16,61.0,0.0,0.0,61.0,6.99
pp_16,56.8,0.0,0.0,56.8,9.65
pp_16,56.5,0.0,0.0,56.5,11.28
pp_16,61.0,0.0,0.0,61.0,10.74
pp_16,56.7,0.0,0.0,56.7,13.27
pp_16,56.7,0.0,10.0,66.7,12.94
pp_16,61.7,0.0,0.0,61.7,13.37
pp_16,57.6,0.0,10.0,67.6,13.19
pp_16,60.1,0.0,0.0,60.1,15.85
pp_16,61.2,0.0,0.0,61.2,14.79
pp_16,59.8,0.0,10.0,69.8,12.56
pp_16,49.4,10.0,0.0,59.4,15.23
pp_16,61.1,0.0,0.0,61.1,12.5
pp_16,56.7,0.0,0.0,56.7,12.19
pp_16,66.8,0.0,0.0,66.8,7.67
pp_16,61.2,0.0,0.0,61.2,12.63
pp_16,57.6,0.0,10.0,67.6,14.23
pp_16,57.6,0.0,10.0,67.6,14.32
pp_16,61.3,0.0,0.0,61.3,13.09
pp_16,57.6,0.0,0.0,57.6,14.79
pp_16,56.5,0.0,10.0,66.5,13.97
pp_16,62.0,0.0,0.0,62.0,11.29
pp_16,58.9,0.0,10.0,68.9,9.42
pp_16,57.9,0.0,10.0,67.9,8.35
pp_16,60.9,0.0,0.0,60.9,6.9
pp_16,59.7,0.0,10.0,69.7,2.48
pp_16,59.5,0.0,0.0,59.5,1.82
pp_16,60.9,0.0,0.0,60.9,3.07
pp_16,56.7,0.0,0.0,56.7,5.35
pp_16,57.3,0.0,10.0,67.3,4.48
pp_16,61.4,0.0,0.0,61.4,6.75
pp_16,56.8,0.0,0.0,56.8,6.95
pp_16,56.7,0.0,10.0,66.7,4.71
pp_16,63.0,0.0,0.0,63.0,4.03
pp_16,58.8,0.0,10.0,68.8,3.14
pp_16,58.7,10.0,0.0,68.7,2.81
pp_16,62.0,0.0,0.0,62.0,2.54
pp_16,56.9,0.0,0.0,56.9,3.78
pp_16,67.6,0.0,0.0,67.6,2.88
pp_16,60.8,0.0,0.0,60.8,4.44
pp_16,56.8,0.0,0.0,56.8,6.04
pp_16,56.8,0.0,0.0,56.8,8.67
pp_16,62.9,0.0,10.0,72.9,4.68
pp_16,71.9,0.0,0.0,71.9,2.42
pp_16,62.4,0.0,0.0,62.4,1.42
pp_16,61.7,0.0,0.0,61.7,1.22
pp_16,56.9,0.0,0.0,56.9,2.64
pp_16,56.6,0.0,0.0,56.6,3.84
pp_16,60.8,0.0,0.0,60.8,4.63
pp_16,58.3,0.0,0.0,58.3,4.82
pp_16,57.2,10.0,0.0,67.2,4.89
pp_16,62.9,0.0,0.0,62.9,4.71
pp_16,56.9,0.0,0.0,56.9,5.02
pp_16,56.7,0.0,0.0,56.7,4.68
pp_16,62.1,0.0,0.0,62.1,3.57
pp_16,57.5,0.0,10.0,67.5,2.76
pp_16,57.3,0.0,10.0,67.3,1.83
pp_16,62.4,0.0,0.0,62.4,0.83
pp_16,56.7,0.0,0.0,56.7,1.01
pp_16,57.0,0.0,10.0,67.0,0.54
pp_16,61.5,0.0,0.0,61.5,1.16
pp_16,68.6,0.0,0.0,68.6,0.79
pp_16,63.0,0.0,0.0,63.0,0.9
pp_16,64.1,0.0,0.0,64.1,0.83
pp_16,58.1,0.0,0.0,58.1,0.89
pp_16,67.4,0.0,0.0,67.4,1.0
pp_16,61.1,0.0,0.0,61.1,1.15
pp_16,56.6,0.0,10.0,66.6,1.41
pp_16,57.9,10.0,0.0,67.9,1.69
pp_16,61.0,0.0,0.0,61.0,1.87
pp_16,58.0,0.0,0.0,58.0,3.26
pp_16,56.7,0.0,0.0,56.7,5.11
pp_16,60.7,0.0,0.0,60.7,5.11
pp_16,56.9,0.0,0.0,56.9,6.24
pp_16,56.7,0.0,0.0,56.7,8.24
pp_16,60.6,0.0,0.0,60.6,7.16
pp_16,57.2,0.0,10.0,67.2,5.22
pp_16,59.4,0.0,0.0,59.4,4.49
pp_16,60.6,0.0,0.0,60.6,5.13
pp_16,57.3,0.0,0.0,57.3,5.62
pp_16,56.8,0.0,10.0,66.8,6.04
pp_16,61.1,0.0,0.0,61.1,6.05
pp_16,56.8,0.0,0.0,56.8,7.44
pp_16,58.5,0.0,10.0,68.5,6.46
pp_16,60.9,0.0,0.0,60.9,7.45
pp_16,56.9,0.0,0.0,56.9,8.54
pp_16,56.8,0.0,10.0,66.8,5.18
pp_16,61.1,0.0,10.0,71.1,0.94
pp_16,61.2,0.0,10.0,71.2,2.94
pp_16,59.5,0.0,0.0,59.5,4.41
pp_16,61.3,0.0,0.0,61.3,6.11
pp_16,56.8,0.0,0.0,56.8,5.65
pp_16,56.7,0.0,10.0,66.7,6.89
pp_16,61.4,0.0,0.0,61.4,6.91
pp_16,56.6,0.0,0.0,56.6,6.53
pp_16,56.8,0.0,10.0,66.8,5.95
pp_16,60.7,0.0,0.0,60.7,5.49
pp_16,57.0,0.0,10.0,67.0,4.18
pp_16,67.7,0.0,0.0,67.7,3.98
pp_16,62.2,0.0,10.0,72.2,3.1
pp_16,70.3,0.0,0.0,70.3,2.99
pp_16,62.8,0.0,0.0,62.8,3.37
pp_16,62.5,0.0,0.0,62.5,3.58
pp_16,59.2,0.0,10.0,69.2,1.75
pp_16,59.8,0.0,0.0,59.8,1.77
pp_16,61.3,0.0,0.0,61.3,2.02
pp_16,57.1,0.0,10.0,67.1,2.28
pp_16,58.1,10.0,0.0,68.1,2.38
pp_16,61.3,0.0,0.0,61.3,1.39
pp_16,56.9,0.0,0.0,56.9,1.5
pp_16,57.2,0.0,10.0,67.2,2.19
pp_16,61.2,0.0,0.0,61.2,1.83
pp_16,56.8,0.0,0.0,56.8,1.95
pp_16,57.0,10.0,0.0,67.0,2.28
pp_16,60.9,0.0,0.0,60.9,2.43
pp_16,56.8,0.0,0.0,56.8,1.56
pp_16,56.7,0.0,10.0,66.7,2.47
pp_16,61.5,0.0,0.0,61.5,2.96
pp_16,59.6,10.0,0.0,69.6,4.18
pp_16,60.7,0.0,0.0,60.7,5.32
pp_16,61.6,0.0,0.0,61.6,5.83
pp_16,57.4,0.0,0.0,57.4,6.4
pp_16,57.3,0.0,10.0,67.3,2.96
pp_16,61.5,0.0,0.0,61.5,1.29
pp_16,56.6,0.0,10.0,66.6,2.67
pp_16,56.6,10.0,0.0,66.6,5.7
pp_16,94.1,0.0,0.0,94.1,7.84
pp_16,101.8,0.0,0.0,101.8,7.53
pp_16,97.1,0.0,0.0,97.1,13.96
pp_16,60.5,0.0,0.0,60.5,24.33
pp_16,77.0,0.0,0.0,77.0,15.99
pp_16,82.3,0.0,10.0,92.3,7.45
pp_16,100.9,0.0,0.0,100.9,6.64
pp_16,95.2,0.0,0.0,95.2,3.28
pp_16,57.0,0.0,0.0,57.0,10.12
pp_16,56.7,0.0,0.0,56.7,5.57
pp_16,61.1,0.0,0.0,61.1,3.46
pp_16,57.4,0.0,0.0,57.4,1.31
pp_16,56.9,0.0,10.0,66.9,2.8
pp_16,60.9,0.0,0.0,60.9,5.5
pp_16,56.9,0.0,0.0,56.9,8.18
pp_16,56.9,0.0,10.0,66.9,12.93
pp_16,61.2,0.0,0.0,61.2,19.25
pp_16,56.8,0.0,0.0,56.8,22.56
pp_16,68.7,0.0,0.0,68.7,18.42
pp_16,61.1,0.0,0.0,61.1,20.7
pp_16,57.0,0.0,0.0,57.0,20.71
pp_16,56.9,0.0,0.0,56.9,18.81
pp_16,61.2,0.0,0.0,61.2,15.33
pp_16,56.9,0.0,0.0,56.9,15.55
pp_16,56.8,0.0,10.0,66.8,12.26
pp_16,61.3,0.0,0.0,61.3,13.04
pp_16,56.8,0.0,10.0,66.8,10.66
pp_16,57.6,0.0,10.0,67.6,9.7
pp_16,61.6,0.0,0.0,61.6,10.28
pp_16,57.1,0.0,0.0,57.1,4.75
pp_16,56.7,0.0,0.0,56.7,3.9
pp_16,62.1,0.0,0.0,62.1,5.17
pp_16,58.7,0.0,10.0,68.7,5.75
pp_16,50.1,10.0,0.0,60.1,7.03
pp_16,62.3,0.0,0.0,62.3,7.1
pp_16,69.4,0.0,0.0,69.4,7.4
pp_16,62.4,0.0,0.0,62.4,8.36
pp_16,61.2,0.0,0.0,61.2,8.05
pp_16,56.6,0.0,10.0,66.6,7.07
pp_16,57.6,0.0,10.0,67.6,6.29
pp_16,61.1,0.0,0.0,61.1,5.73
pp_16,56.6,0.0,0.0,56.6,5.82
pp_16,57.0,0.0,10.0,67.0,5.6
pp_16,61.3,0.0,0.0,61.3,5.39
pp_16,56.8,0.0,0.0,56.8,5.61
pp_16,56.8,0.0,10.0,66.8,2.78
pp_16,60.9,0.0,0.0,60.9,1.74
pp_16,56.8,0.0,0.0,56.8,1.93
pp_16,56.7,0.0,0.0,56.7,2.25
pp_16,61.8,0.0,0.0,61.8,0.83
pp_16,56.8,0.0,0.0,56.8,2.29
pp_16,57.0,0.0,0.0,57.0,5.82
pp_16,62.2,0.0,10.0,72.2,6.34
pp_16,71.1,0.0,0.0,71.1,9.93
pp_16,61.8,0.0,0.0,61.8,9.06
pp_16,61.4,0.0,0.0,61.4,10.42
pp_16,56.7,0.0,0.0,56.7,10.32
pp_16,56.8,0.0,10.0,66.8,7.21
pp_16,61.2,0.0,0.0,61.2,7.93
pp_16,56.6,0.0,0.0,56.6,10.4
pp_16,56.7,0.0,10.0,66.7,7.26
pp_16,61.0,0.0,0.0,61.0,4.86
pp_16,56.6,0.0,0.0,56.6,7.05
pp_16,56.9,0.0,10.0,66.9,4.73
pp_16,62.5,0.0,0.0,62.5,4.39
pp_16,56.8,0.0,10.0,66.8,3.08
pp_16,57.8,0.0,10.0,67.8,2.35
pp_16,62.7,0.0,0.0,62.7,2.03
pp_16,68.8,0.0,0.0,68.8,3.11
pp_16,62.2,0.0,0.0,62.2,3.88
pp_16,62.4,0.0,0.0,62.4,3.69
pp_16,57.1,0.0,0.0,57.1,4.3
pp_16,56.7,0.0,0.0,56.7,4.61
pp_16,61.1,0.0,0.0,61.1,5.08
pp_16,57.1,0.0,0.0,57.1,4.9
pp_16,56.7,0.0,0.0,56.7,4.65
pp_16,61.2,0.0,0.0,61.2,3.93
pp_16,68.7,0.0,0.0,68.7,3.45
pp_16,63.2,0.0,0.0,63.2,2.95
pp_16,61.9,0.0,0.0,61.9,2.81
pp_16,58.5,0.0,10.0,68.5,2.05
pp_16,59.6,0.0,0.0,59.6,2.15
pp_16,61.9,0.0,0.0,61.9,1.65
pp_16,56.9,0.0,10.0,66.9,1.35
pp_16,68.5,0.0,0.0,68.5,1.53
pp_16,61.3,0.0,0.0,61.3,1.28
pp_16,56.6,0.0,0.0,56.6,0.87
pp_16,56.8,0.0,10.0,66.8,0.58
pp_16,61.3,0.0,0.0,61.3,1.23
pp_16,59.0,0.0,10.0,69.0,1.82
pp_16,57.7,0.0,10.0,67.7,2.14
pp_16,60.8,0.0,0.0,60.8,2.15
pp_16,57.0,0.0,0.0,57.0,2.79
pp_16,56.7,0.0,0.0,56.7,3.02
pp_16,62.0,0.0,10.0,72.0,1.7
pp_16,70.3,0.0,0.0,70.3,2.03
pp_16,61.7,0.0,0.0,61.7,1.96
pp_16,61.2,0.0,0.0,61.2,3.68
pp_16,57.0,0.0,0.0,57.0,4.11
pp_16,56.8,0.0,0.0,56.8,5.14
pp_16,62.5,0.0,0.0,62.5,4.82
pp_16,56.7,0.0,0.0,56.7,8.54
pp_16,56.8,0.0,10.0,66.8,9.02
pp_16,60.8,0.0,0.0,60.8,7.89
pp_16,56.8,0.0,0.0,56.8,7.92
pp_16,56.9,0.0,10.0,66.9,6.01
pp_16,57.1,0.0,0.0,57.1,6.04
pp_16,57.7,0.0,0.0,57.7,4.95
pp_16,57.3,0.0,10.0,67.3,4.8
pp_16,48.0,10.0,0.0,58.0,4.85
pp_16,56.6,0.0,0.0,56.6,5.68
pp_16,56.9,0.0,0.0,56.9,6.01
pp_16,56.8,0.0,10.0,66.8,5.29
pp_16,58.4,0.0,10.0,68.4,5.66
pp_16,58.6,0.0,10.0,68.6,6.82
pp_16,56.6,0.0,10.0,66.6,4.66
pp_16,58.4,0.0,10.0,68.4,2.8
pp_16,57.7,0.0,10.0,67.7,5.86
pp_16,47.4,0.0,10.0,57.4,7.2
pp_16,56.7,0.0,10.0,66.7,8.5
pp_16,57.4,0.0,10.0,67.4,7.44
pp_16,56.8,0.0,10.0,66.8,10.68
pp_16,56.8,0.0,0.0,56.8,8.06
pp_16,56.6,0.0,10.0,66.6,5.54
pp_16,47.6,0.0,0.0,47.6,6.0
pp_16,56.7,0.0,0.0,56.7,3.27
pp_16,56.7,0.0,10.0,66.7,2.56
pp_16,66.8,0.0,0.0,66.8,2.36
pp_16,56.8,0.0,10.0,66.8,2.75
pp_16,61.4,0.0,0.0,61.4,3.54
pp_16,59.1,0.0,0.0,59.1,3.19
pp_16,57.0,0.0,0.0,57.0,2.53
pp_16,56.9,0.0,0.0,56.9,3.05
pp_16,56.8,0.0,10.0,66.8,3.44
pp_16,56.7,0.0,0.0,56.7,4.01
pp_16,56.8,0.0,10.0,66.8,3.68
pp_16,57.7,0.0,0.0,57.7,3.88
pp_16,56.9,0.0,0.0,56.9,3.93
pp_16,56.7,0.0,0.0,56.7,3.41
pp_16,66.7,0.0,0.0,66.7,2.84
pp_16,66.8,0.0,0.0,66.8,1.67
pp_16,63.8,0.0,0.0,63.8,2.31
pp_16,61.6,0.0,0.0,61.6,3.25
pp_16,56.9,0.0,0.0,56.9,3.94
pp_16,68.2,0.0,0.0,68.2,3.89
pp_16,58.8,0.0,0.0,58.8,2.58
pp_16,56.8,0.0,0.0,56.8,2.64
pp_16,57.6,0.0,10.0,67.6,2.33
pp_16,56.9,0.0,10.0,66.9,4.02
pp_16,57.1,0.0,0.0,57.1,2.29
pp_16,56.6,0.0,10.0,66.6,3.33
pp_16,66.8,0.0,0.0,66.8,2.37
pp_16,56.6,0.0,0.0,56.6,2.51
pp_16,56.6,0.0,10.0,66.6,2.85
pp_16,56.8,0.0,10.0,66.8,2.42
pp_16,57.1,0.0,0.0,57.1,2.12
pp_16,58.4,0.0,10.0,68.4,1.82
pp_16,56.7,0.0,10.0,66.7,1.64
pp_16,56.6,0.0,0.0,56.6,0.85
pp_16,56.7,0.0,0.0,56.7,0.57
pp_16,47.0,0.0,10.0,57.0,1.26
pp_16,56.8,0.0,0.0,56.8,1.99
pp_16,56.8,0.0,10.0,66.8,1.13
pp_16,47.2,0.0,10.0,57.2,1.44
pp_16,56.6,0.0,10.0,66.6,4.45
pp_16,57.9,10.0,0.0,67.9,5.16
pp_16,48.1,10.0,0.0,58.1,3.69
pp_16,66.9,0.0,0.0,66.9,2.58
pp_16,60.6,0.0,0.0,60.6,1.83
pp_16,60.0,0.0,0.0,60.0,4.17
pp_16,58.1,0.0,10.0,68.1,1.47
pp_16,68.7,0.0,0.0,68.7,3.04
pp_16,59.1,0.0,0.0,59.1,1.74
pp_16,56.7,0.0,0.0,56.7,3.61
pp_16,56.8,0.0,10.0,66.8,3.27
pp_16,47.6,0.0,10.0,57.6,5.59
pp_16,56.8,0.0,0.0,56.8,5.12
pp_16,56.7,0.0,0.0,56.7,10.15
pp_16,47.2,0.0,10.0,57.2,12.01
pp_16,59.2,0.0,10.0,69.2,4.32
pp_16,57.3,0.0,10.0,67.3,0.99
pp_16,57.0,0.0,10.0,67.0,3.57
pp_16,56.8,0.0,0.0,56.8,2.34
pp_16,56.7,0.0,10.0,66.7,6.7
pp_16,56.6,0.0,10.0,66.6,6.49
pp_16,56.7,0.0,0.0,56.7,7.24
pp_16,57.0,0.0,10.0,67.0,6.94
pp_16,47.2,0.0,10.0,57.2,7.36
pp_16,58.3,0.0,10.0,68.3,6.97
pp_16,57.6,10.0,0.0,67.6,7.99
pp_16,57.6,0.0,0.0,57.6,8.92
pp_16,60.8,0.0,0.0,60.8,9.78
pp_16,58.4,10.0,0.0,68.4,7.28
pp_16,58.4,0.0,0.0,58.4,7.44
pp_16,60.8,0.0,10.0,70.8,2.68
pp_16,58.5,0.0,10.0,68.5,3.73
pp_16,47.2,10.0,0.0,57.2,0.72
pp_16,60.8,0.0,0.0,60.8,4.33
pp_16,57.0,0.0,0.0,57.0,2.35
pp_16,57.9,0.0,0.0,57.9,3.37
pp_16,60.8,0.0,0.0,60.8,1.19
pp_16,59.4,0.0,0.0,59.4,0.69
pp_16,60.2,0.0,0.0,60.2,1.86
pp_16,62.3,0.0,10.0,72.3,1.91
pp_16,58.8,10.0,0.0,68.8,0.78
pp_16,59.0,0.0,0.0,59.0,0.94
pp_16,60.8,0.0,10.0,70.8,0.17
pp_16,58.1,0.0,10.0,68.1,1.19
pp_16,58.7,0.0,0.0,58.7,0.63
pp_16,61.0,0.0,10.0,71.0,0.53
pp_16,68.8,0.0,0.0,68.8,1.13
pp_16,58.9,0.0,0.0,58.9,0.12
pp_16,60.9,0.0,0.0,60.9,0.28
pp_16,56.9,0.0,0.0,56.9,1.65
pp_16,56.8,0.0,10.0,66.8,0.35
pp_16,60.8,0.0,0.0,60.8,0.06
pp_16,56.6,0.0,10.0,66.6,0.97
pp_16,47.3,0.0,10.0,57.3,1.11
pp_16,60.9,0.0,10.0,70.9,0.96
pp_16,68.0,0.0,0.0,68.0,1.03
pp_16,59.3,0.0,0.0,59.3,1.08
pp_16,61.2,0.0,0.0,61.2,1.27
pp_16,56.7,0.0,0.0,56.7,1.11
pp_16,57.2,0.0,0.0,57.2,4.35
pp_16,62.0,0.0,10.0,72.0,3.68
pp_16,58.2,0.0,10.0,68.2,2.79
pp_16,56.8,0.0,10.0,66.8,1.54
pp_16,61.0,0.0,10.0,71.0,0.88
pp_16,59.9,0.0,0.0,59.9,1.88
pp_16,63.4,0.0,0.0,63.4,1.29
pp_16,60.9,0.0,0.0,60.9,1.44
pp_16,56.8,10.0,0.0,66.8,2.06
pp_16,59.0,0.0,0.0,59.0,2.9
pp_16,60.5,0.0,0.0,60.5,2.42
pp_16,56.8,0.0,0.0,56.8,2.75
pp_16,47.2,0.0,10.0,57.2,2.49
pp_16,60.6,0.0,10.0,70.6,3.11
pp_16,59.8,0.0,0.0,59.8,3.77
pp_16,60.2,0.0,0.0,60.2,3.47
pp_16,60.8,0.0,0.0,60.8,3.74
pp_16,56.9,0.0,0.0,56.9,3.95
pp_16,47.2,0.0,10.0,57.2,3.8
pp_16,60.7,0.0,0.0,60.7,3.77
pp_16,57.0,0.0,0.0,57.0,4.1
pp_16,56.9,10.0,0.0,66.9,4.06
pp_16,60.9,0.0,0.0,60.9,3.92
pp_16,56.9,0.0,0.0,56.9,3.81
pp_16,57.2,0.0,0.0,57.2,3.86
pp_16,60.5,0.0,0.0,60.5,3.86
pp_16,56.8,0.0,10.0,66.8,3.4
pp_16,56.7,10.0,0.0,66.7,4.85
pp_16,61.1,0.0,0.0,61.1,5.3
pp_16,66.9,0.0,0.0,66.9,6.36
pp_16,62.6,0.0,10.0,72.6,4.44
pp_16,75.2,0.0,0.0,75.2,6.45
pp_16,64.6,0.0,0.0,64.6,14.37
pp_16,63.6,0.0,0.0,63.6,16.92
pp_16,62.5,0.0,10.0,72.5,12.54
pp_16,68.9,0.0,0.0,68.9,14.21
pp_16,60.1,0.0,0.0,60.1,14.63
pp_16,60.6,0.0,10.0,70.6,11.11
pp_16,59.2,0.0,10.0,69.2,11.15
pp_16,48.2,0.0,10.0,58.2,13.52
pp_16,60.7,0.0,10.0,70.7,5.84
pp_16,58.0,0.0,10.0,68.0,4.15
pp_16,47.4,0.0,10.0,57.4,4.12
pp_16,61.2,0.0,0.0,61.2,5.96
pp_16,57.0,0.0,10.0,67.0,7.63
pp_16,57.8,0.0,0.0,57.8,8.83
pp_16,60.9,0.0,0.0,60.9,8.57
pp_16,56.7,0.0,10.0,66.7,7.78
pp_16,56.6,0.0,10.0,66.6,6.95
pp_16,60.5,0.0,0.0,60.5,7.12
pp_16,56.7,0.0,10.0,66.7,6.89
pp_16,66.8,0.0,0.0,66.8,6.33
pp_16,60.9,0.0,0.0,60.9,6.22
pp_16,56.8,0.0,10.0,66.8,6.79
pp_16,56.8,0.0,10.0,66.8,7.04
pp_16,60.8,0.0,0.0,60.8,7.97
pp_16,56.8,0.0,10.0,66.8,7.2
pp_16,57.6,0.0,0.0,57.6,6.9
pp_16,62.2,0.0,10.0,72.2,4.49
pp_16,59.6,0.0,0.0,59.6,4.08
pp_16,62.2,0.0,0.0,62.2,4.17
pp_16,61.1,0.0,0.0,61.1,2.9
pp_16,56.6,0.0,0.0,56.6,2.4
pp_16,56.8,0.0,10.0,66.8,1.23
pp_16,60.8,0.0,0.0,60.8,2.33
pp_16,56.9,0.0,0.0,56.9,3.61
pp_16,57.0,10.0,0.0,67.0,3.01
pp_16,62.7,0.0,10.0,72.7,4.19
pp_16,58.8,10.0,0.0,68.8,5.16
pp_16,58.6,0.0,0.0,58.6,5.6
pp_16,60.7,0.0,0.0,60.7,6.18
pp_16,56.9,0.0,10.0,66.9,8.11
pp_16,47.9,0.0,10.0,57.9,10.57
pp_16,60.7,0.0,0.0,60.7,12.68
pp_16,56.7,0.0,10.0,66.7,13.17
pp_16,58.3,0.0,0.0,58.3,13.64
pp_16,61.0,0.0,0.0,61.0,13.15
pp_16,56.9,0.0,0.0,56.9,12.77
pp_16,56.9,0.0,10.0,66.9,8.91
pp_16,60.8,0.0,10.0,70.8,4.85
pp_16,57.7,0.0,0.0,57.7,5.84
pp_16,67.2,0.0,0.0,67.2,2.55
pp_16,60.6,0.0,10.0,70.6,1.82
pp_16,67.9,0.0,0.0,67.9,2.74
pp_16,58.9,0.0,0.0,58.9,2.49
pp_16,60.8,0.0,0.0,60.8,2.73
pp_16,56.8,0.0,10.0,66.8,3.24
pp_16,47.3,0.0,10.0,57.3,3.77
pp_16,60.8,0.0,10.0,70.8,4.0
pp_16,57.2,0.0,10.0,67.2,4.05
pp_16,57.4,0.0,0.0,57.4,4.3
pp_16,61.7,0.0,0.0,61.7,4.86
pp_16,56.8,0.0,0.0,56.8,4.67
pp_16,57.3,0.0,0.0,57.3,4.52
pp_16,60.8,0.0,0.0,60.8,4.73
pp_16,68.4,0.0,0.0,68.4,4.25
pp_16,59.3,0.0,0.0,59.3,3.96
pp_16,61.1,0.0,0.0,61.1,3.72
pp_16,66.9,0.0,0.0,66.9,2.92
pp_16,61.4,0.0,0.0,61.4,1.98
pp_16,60.6,0.0,0.0,60.6,1.16
pp_16,56.8,0.0,10.0,66.8,0.68
pp_16,56.9,0.0,10.0,66.9,0.63
pp_16,60.8,0.0,0.0,60.8,0.97
pp_16,57.9,0.0,10.0,67.9,1.48
pp_16,57.9,0.0,0.0,57.9,1.14
pp_16,61.6,0.0,10.0,71.6,1.3
pp_16,68.8,0.0,0.0,68.8,1.36
pp_16,61.5,0.0,0.0,61.5,1.43
pp_16,61.0,0.0,0.0,61.0,1.28
pp_16,57.1,0.0,0.0,57.1,1.13
pp_16,66.7,0.0,0.0,66.7,1.31
pp_16,60.9,0.0,0.0,60.9,0.86
pp_16,57.8,0.0,10.0,67.8,0.78
pp_16,47.7,0.0,10.0,57.7,1.37
pp_16,60.6,0.0,0.0,60.6,1.74
pp_16,56.8,0.0,10.0,66.8,2.16
pp_16,59.6,0.0,0.0,59.6,2.44
pp_16,60.9,0.0,0.0,60.9,2.6
pp_16,67.9,0.0,0.0,67.9,2.84
pp_16,49.7,10.0,0.0,59.7,3.08
pp_16,60.7,0.0,0.0,60.7,3.02
pp_16,57.6,0.0,10.0,67.6,3.19
pp_16,56.9,0.0,10.0,66.9,3.12
pp_16,60.7,0.0,0.0,60.7,3.21
pp_16,56.8,0.0,10.0,66.8,2.94
pp_16,47.6,0.0,10.0,57.6,3.58
pp_16,61.9,0.0,0.0,61.9,4.07
pp_16,69.0,0.0,0.0,69.0,4.15
pp_16,60.6,0.0,0.0,60.6,4.83
pp_16,60.9,0.0,0.0,60.9,5.84
pp_16,56.9,0.0,10.0,66.9,6.94
pp_16,48.2,0.0,10.0,58.2,6.88
pp_16,60.6,0.0,0.0,60.6,6.86
pp_16,56.7,0.0,0.0,56.7,5.21
pp_16,66.7,0.0,0.0,66.7,3.28
pp_16,60.6,0.0,0.0,60.6,2.38
pp_16,56.7,0.0,0.0,56.7,2.72
pp_16,56.8,0.0,10.0,66.8,2.31
pp_16,61.9,0.0,10.0,71.9,2.31
pp_16,58.9,0.0,10.0,68.9,1.93
pp_16,56.6,10.0,0.0,66.6,2.0
pp_16,60.7,0.0,10.0,70.7,2.56
pp_16,57.6,10.0,0.0,67.6,2.34
pp_16,59.0,0.0,0.0,59.0,1.99
pp_16,60.8,0.0,0.0,60.8,2.1
pp_16,56.8,0.0,0.0,56.8,1.94
pp_16,56.8,0.0,10.0,66.8,1.47
pp_16,60.8,0.0,0.0,60.8,0.99
pp_16,57.0,0.0,0.0,57.0,0.63
pp_16,56.8,0.0,10.0,66.8,0.31
pp_16,62.3,0.0,10.0,72.3,0.58
pp_16,60.4,0.0,0.0,60.4,1.2
pp_16,59.7,0.0,0.0,59.7,1.59
pp_16,61.6,0.0,10.0,71.6,1.83
pp_16,68.5,0.0,0.0,68.5,2.42
pp_16,59.1,0.0,0.0,59.1,2.72
pp_16,61.9,0.0,10.0,71.9,2.31
pp_16,58.1,0.0,10.0,68.1,2.52
pp_16,47.8,0.0,10.0,57.8,2.46
pp_16,61.0,0.0,0.0,61.0,2.12
pp_16,68.1,0.0,0.0,68.1,1.65
pp_16,59.2,0.0,0.0,59.2,1.54
pp_16,60.6,0.0,0.0,60.6,1.43
pp_16,56.8,0.0,10.0,66.8,0.67
pp_16,58.0,0.0,0.0,58.0,0.65
pp_16,60.6,0.0,0.0,60.6,0.6
pp_16,58.4,10.0,0.0,68.4,0.45
pp_16,60.6,0.0,0.0,60.6,0.27
pp_16,60.6,0.0,0.0,60.6,0.38
pp_16,56.8,10.0,0.0,66.8,0.76
pp_16,58.5,0.0,0.0,58.5,1.4
pp_16,60.8,0.0,0.0,60.8,2.09
pp_16,56.9,0.0,0.0,56.9,2.95
pp_16,56.9,0.0,10.0,66.9,3.25
pp_16,60.6,0.0,0.0,60.6,4.49
pp_16,56.8,0.0,0.0,56.8,6.59
pp_16,56.8,0.0,10.0,66.8,7.14
pp_16,60.6,0.0,0.0,60.6,6.84
pp_16,56.6,0.0,10.0,66.6,6.04
pp_16,56.8,0.0,10.0,66.8,5.48
pp_16,61.9,0.0,10.0,71.9,3.3
pp_16,60.0,0.0,0.0,60.0,1.78
pp_16,66.2,0.0,10.0,76.2,0.15
pp_16,75.4,0.0,0.0,75.4,0.68
pp_16,63.1,0.0,0.0,63.1,1.41
pp_16,63.4,0.0,0.0,63.4,1.85
pp_16,60.9,0.0,0.0,60.9,2.18
pp_16,56.8,0.0,0.0,56.8,2.24
pp_16,57.0,0.0,10.0,67.0,2.45
pp_16,61.1,0.0,0.0,61.1,2.37
pp_16,56.7,0.0,10.0,66.7,2.11
pp_16,58.3,0.0,10.0,68.3,1.93
pp_16,60.8,0.0,0.0,60.8,1.76
pp_16,57.0,0.0,10.0,67.0,1.55
pp_16,58.3,0.0,0.0,58.3,1.49
pp_16,61.6,0.0,10.0,71.6,1.33
pp_16,59.0,0.0,10.0,69.0,1.23
pp_16,58.7,0.0,0.0,58.7,1.1
pp_16,61.0,0.0,0.0,61.0,1.02
pp_16,56.6,0.0,10.0,66.6,0.81
pp_16,56.9,0.0,10.0,66.9,0.72
pp_16,60.9,0.0,0.0,60.9,0.66
pp_16,56.8,10.0,0.0,66.8,0.59
pp_16,59.4,0.0,0.0,59.4,0.7
pp_16,62.5,0.0,0.0,62.5,0.97
pp_16,57.1,0.0,10.0,67.1,1.45
pp_16,57.9,0.0,0.0,57.9,1.92
pp_16,60.9,0.0,0.0,60.9,2.95
pp_16,57.0,10.0,0.0,67.0,4.54
pp_16,48.2,10.0,0.0,58.2,7.2
pp_16,60.9,0.0,10.0,70.9,10.08
pp_16,59.6,0.0,0.0,59.6,16.39
pp_16,59.2,0.0,0.0,59.2,17.51
pp_16,60.6,0.0,10.0,70.6,14.09
pp_16,57.1,0.0,10.0,67.1,15.2
pp_16,47.4,0.0,10.0,57.4,17.4
pp_16,60.8,0.0,0.0,60.8,14.26
pp_16,57.2,0.0,10.0,67.2,11.03
pp_16,66.9,0.0,0.0,66.9,10.52
pp_16,60.6,0.0,0.0,60.6,11.87
pp_16,57.1,0.0,0.0,57.1,12.27
pp_16,57.0,0.0,10.0,67.0,8.25
pp_16,60.8,0.0,0.0,60.8,9.61
pp_16,56.8,0.0,0.0,56.8,10.5
pp_16,56.7,10.0,0.0,66.7,7.07
pp_16,60.6,0.0,0.0,60.6,9.02
pp_16,56.7,0.0,0.0,56.7,10.47
pp_16,56.9,0.0,10.0,66.9,7.77
pp_16,60.8,0.0,0.0,60.8,9.91
pp_16,57.5,10.0,0.0,67.5,9.2
pp_16,59.0,0.0,0.0,59.0,11.76
pp_16,61.3,0.0,0.0,61.3,10.68
pp_16,56.9,0.0,10.0,66.9,10.19
pp_16,58.0,0.0,0.0,58.0,11.82
pp_16,60.5,0.0,0.0,60.5,10.1
pp_16,56.5,0.0,0.0,56.5,10.69
pp_16,56.9,0.0,10.0,66.9,7.8
pp_16,60.6,0.0,0.0,60.6,9.04
pp_16,57.2,10.0,0.0,67.2,7.37
pp_16,58.8,0.0,0.0,58.8,9.64
pp_16,61.0,0.0,10.0,71.0,6.67
pp_16,57.8,0.0,10.0,67.8,8.37
pp_16,56.9,0.0,10.0,66.9,9.28
pp_16,60.8,0.0,10.0,70.8,9.72
pp_16,57.5,0.0,10.0,67.5,11.35
pp_16,47.9,10.0,0.0,57.9,13.9
pp_16,61.6,0.0,0.0,61.6,12.32
pp_16,57.1,0.0,10.0,67.1,11.8
pp_16,58.1,0.0,0.0,58.1,13.63
pp_16,60.9,0.0,0.0,60.9,11.78
pp_16,56.7,0.0,0.0,56.7,12.23
pp_16,56.8,0.0,0.0,56.8,11.37
pp_16,60.8,0.0,0.0,60.8,9.53
pp_16,57.0,0.0,0.0,57.0,10.18
pp_16,66.8,0.0,0.0,66.8,6.48
pp_16,60.8,0.0,0.0,60.8,7.41
pp_16,56.8,0.0,0.0,56.8,8.12
pp_16,67.0,0.0,0.0,67.0,4.35
pp_16,61.1,0.0,0.0,61.1,5.82
pp_16,56.8,0.0,10.0,66.8,3.95
pp_16,59.4,0.0,0.0,59.4,5.88
pp_16,61.1,0.0,0.0,61.1,4.51
pp_16,56.9,10.0,0.0,66.9,3.36
pp_16,48.2,0.0,10.0,58.2,6.57
pp_16,60.8,0.0,0.0,60.8,6.03
pp_16,56.6,0.0,0.0,56.6,8.32
pp_16,56.6,0.0,10.0,66.6,8.3
pp_16,60.8,0.0,0.0,60.8,8.58
pp_16,57.0,0.0,0.0,57.0,9.8
pp_16,56.7,0.0,10.0,66.7,9.39
pp_16,62.5,0.0,10.0,72.5,9.05
pp_16,59.6,0.0,0.0,59.6,8.84
pp_16,60.0,0.0,0.0,60.0,8.66
pp_16,60.9,0.0,10.0,70.9,8.47
pp_16,57.9,0.0,10.0,67.9,0.06
pp_16,48.2,0.0,10.0,58.2,11.94
pp_16,60.8,0.0,0.0,60.8,13.69
pp_16,56.8,0.0,0.0,56.8,17.21
pp_reset,57.0,10.0,0.0,67.0,14.52
pp_reset,60.5,0.0,0.0,60.5,16.45
pp_reset,56.9,0.0,0.0,56.9,16.94
pp_reset,56.9,0.0,10.0,66.9,12.54
pp_reset,60.7,0.0,0.0,60.7,13.62
pp_reset,56.9,0.0,10.0,66.9,11.31
pp_reset,57.9,0.0,0.0,57.9,13.3
pp_reset,61.0,0.0,0.0,61.0,11.34
pp_reset,57.4,0.0,10.0,67.4,10.57
pp_reset,57.1,0.0,10.0,67.1,9.44
pp_reset,60.7,0.0,0.0,60.7,10.99
pp_reset,56.7,0.0,0.0,56.7,12.12
pp_reset,58.2,0.0,0.0,58.2,13.34
pp_reset,61.2,0.0,0.0,61.2,11.08
pp_reset,57.0,0.0,0.0,57.0,9.2
pp_reset,57.0,0.0,10.0,67.0,9.49
pp_reset,60.6,0.0,0.0,60.6,10.33
pp_reset,58.4,0.0,10.0,68.4,10.12
pp_reset,47.7,0.0,10.0,57.7,9.56
pp_reset,60.8,0.0,0.0,60.8,8.68
pp_reset,57.0,0.0,10.0,67.0,7.23
pp_reset,57.1,0.0,10.0,67.1,6.25
pp_reset,60.7,0.0,0.0,60.7,5.39
pp_reset,56.9,0.0,0.0,56.9,4.78
pp_reset,57.0,0.0,10.0,67.0,4.25
pp_reset,60.8,0.0,0.0,60.8,3.69
pp_reset,56.7,0.0,0.0,56.7,2.94
pp_reset,56.9,10.0,0.0,66.9,2.71
pp_reset,61.1,0.0,0.0,61.1,3.09
pp_reset,57.2,0.0,0.0,57.2,2.32
pp_reset,56.7,0.0,10.0,66.7,2.24
pp_reset,60.7,0.0,0.0,60.7,2.3
pp_reset,56.8,0.0,10.0,66.8,2.24
pp_reset,47.9,0.0,10.0,57.9,2.21
pp_reset,72.6,0.0,0.0,72.6,2.17
pp_reset,62.9,0.0,0.0,62.9,2.15
pp_reset,60.9,0.0,0.0,60.9,2.13
pp_reset,61.3,0.0,0.0,61.3,2.11
pp_reset,56.9,0.0,0.0,56.9,2.1
pp_reset,57.2,0.0,10.0,67.2,2.09
pp_reset,60.6,0.0,0.0,60.6,2.08
pp_reset,56.9,0.0,0.0,56.9,2.07
pp_reset,67.0,0.0,0.0,67.0,2.06
pp_reset,62.5,0.0,10.0,72.5,2.06
pp_reset,57.4,0.0,0.0,57.4,2.05
pp_reset,56.9,0.0,10.0,66.9,2.05
pp_reset,60.8,0.0,10.0,70.8,2.04
pp_reset,57.7,0.0,10.0,67.7,2.04
pp_reset,58.1,0.0,0.0,58.1,2.04
pp_reset,60.7,0.0,0.0,60.7,2.04
pp_reset,58.5,0.0,10.0,68.5,2.04
pp_reset,58.9,0.0,0.0,58.9,2.04
pp_reset,60.7,0.0,0.0,60.7,2.03
pp_reset,56.7,0.0,0.0,56.7,2.03
pp_reset,56.9,10.0,0.0,66.9,2.03
pp_reset,60.6,0.0,0.0,60.6,2.03
pp_reset,56.7,0.0,10.0,66.7,2.03
pp_reset,56.8,10.0,0.0,66.8,2.03
pp_reset,61.0,0.0,0.0,61.0,2.03
pp_reset,49.9,0.0,10.0,59.9,2.03
pp_reset,58.0,0.0,0.0,58.0,2.03
pp_17,61.0,0.0,10.0,71.0,0.32
pp_17,58.9,10.0,0.0,68.9,1.43
pp_17,61.1,0.0,0.0,61.1,2.63
pp_17,71.0,0.0,0.0,71.0,3.99
pp_17,71.6,0.0,0.0,71.6,4.84
pp_17,59.5,0.0,0.0,59.5,5.57
pp_17,61.4,0.0,0.0,61.4,6.2
pp_17,68.1,0.0,0.0,68.1,6.91
pp_17,59.9,0.0,0.0,59.9,7.35
pp_17,62.0,0.0,0.0,62.0,7.73
pp_17,57.1,0.0,10.0,67.1,8.15
pp_17,66.8,0.0,0.0,66.8,8.41
pp_17,62.0,0.0,0.0,62.0,8.64
pp_17,56.9,0.0,10.0,66.9,8.89
pp_17,56.8,0.0,10.0,66.8,9.05
pp_17,61.6,0.0,0.0,61.6,9.19
pp_17,56.9,10.0,0.0,66.9,9.34
pp_17,59.6,0.0,0.0,59.6,9.44
pp_17,61.2,0.0,0.0,61.2,9.52
pp_17,56.7,0.0,10.0,66.7,9.61
pp_17,67.4,0.0,0.0,67.4,9.67
pp_17,61.2,0.0,10.0,71.2,9.73
pp_17,58.9,10.0,0.0,68.9,9.77
pp_17,58.7,10.0,0.0,68.7,9.81
pp_17,61.4,0.0,0.0,61.4,9.84
pp_17,57.0,0.0,10.0,67.0,0.01
pp_17,67.0,0.0,0.0,67.0,9.12
pp_17,61.1,0.0,0.0,61.1,16.55
pp_17,57.2,0.0,10.0,67.2,17.17
pp_17,56.7,0.0,10.0,66.7,17.26
pp_17,60.6,0.0,0.0,60.6,19.04
pp_17,56.6,0.0,10.0,66.6,16.04
pp_17,66.9,0.0,0.0,66.9,14.8
pp_17,62.0,0.0,10.0,72.0,12.42
pp_17,57.9,0.0,10.0,67.9,13.58
pp_17,68.1,0.0,0.0,68.1,13.02
pp_17,61.2,0.0,10.0,71.2,10.75
pp_17,69.3,0.0,0.0,69.3,2.4
pp_17,60.1,0.0,0.0,60.1,4.43
pp_17,61.3,0.0,0.0,61.3,7.19
pp_17,68.7,0.0,0.0,68.7,8.69
pp_17,59.9,0.0,0.0,59.9,9.22
pp_17,60.7,0.0,0.0,60.7,9.51
pp_17,56.7,0.0,0.0,56.7,9.91
pp_17,57.0,10.0,0.0,67.0,8.34
pp_17,62.0,0.0,0.0,62.0,7.69
pp_17,57.0,0.0,10.0,67.0,5.64
pp_17,66.8,0.0,0.0,66.8,4.37
pp_17,61.6,0.0,10.0,71.6,3.19
pp_17,68.7,0.0,0.0,68.7,2.84
pp_17,65.6,0.0,10.0,75.6,5.22
pp_17,57.3,0.0,10.0,67.3,10.01
pp_17,70.3,0.0,0.0,70.3,12.83
pp_17,69.0,0.0,0.0,69.0,13.67
pp_17,61.8,0.0,10.0,71.8,11.94
pp_17,59.4,10.0,0.0,69.4,12.5
pp_17,69.0,0.0,0.0,69.0,11.98
pp_17,61.2,0.0,10.0,71.2,8.9
pp_17,68.9,0.0,0.0,68.9,8.8
pp_17,59.9,0.0,0.0,59.9,7.22
pp_17,61.5,0.0,10.0,71.5,4.21
pp_17,68.5,0.0,0.0,68.5,4.0
pp_17,60.1,0.0,0.0,60.1,3.72
pp_17,61.1,0.0,0.0,61.1,3.33
pp_17,56.8,0.0,10.0,66.8,2.92
pp_17,57.1,0.0,10.0,67.1,3.7
pp_17,61.0,0.0,0.0,61.0,5.56
pp_17,56.9,0.0,0.0,56.9,8.35
pp_17,68.2,0.0,0.0,68.2,6.82
pp_17,61.4,0.0,10.0,71.4,5.59
pp_17,58.2,0.0,10.0,68.2,6.85
pp_17,58.3,10.0,0.0,68.3,6.52
pp_17,61.1,0.0,0.0,61.1,5.98
pp_17,57.6,10.0,0.0,67.6,3.84
pp_17,68.7,0.0,0.0,68.7,3.92
pp_17,60.9,0.0,0.0,60.9,3.95
pp_17,56.8,0.0,10.0,66.8,3.24
pp_17,56.8,10.0,0.0,66.8,3.57
pp_17,62.1,0.0,0.0,62.1,2.94
pp_17,56.8,0.0,10.0,66.8,1.43
pp_17,57.0,0.0,10.0,67.0,1.43
pp_17,62.1,0.0,10.0,72.1,9.33
pp_17,69.6,0.0,0.0,69.6,13.47
pp_17,62.9,0.0,0.0,62.9,13.92
pp_17,61.3,0.0,10.0,71.3,12.86
pp_17,68.8,0.0,0.0,68.8,12.28
pp_17,62.4,0.0,0.0,62.4,11.29
pp_17,62.3,0.0,0.0,62.3,10.43
pp_17,57.2,0.0,10.0,67.2,9.18
pp_17,66.7,0.0,0.0,66.7,8.85
pp_17,61.6,0.0,0.0,61.6,8.93
pp_17,68.3,0.0,0.0,68.3,8.48
pp_17,59.9,0.0,0.0,59.9,7.76
pp_17,60.7,0.0,0.0,60.7,6.95
pp_17,57.1,0.0,10.0,67.1,5.51
pp_17,66.8,0.0,0.0,66.8,4.48
pp_17,60.9,0.0,0.0,60.9,3.73
pp_17,56.9,0.0,10.0,66.9,2.77
pp_17,58.3,0.0,10.0,68.3,2.81
pp_17,62.1,0.0,0.0,62.1,2.81
pp_17,56.8,0.0,10.0,66.8,3.0
pp_17,56.8,0.0,10.0,66.8,4.0
pp_17,61.2,0.0,0.0,61.2,5.29
pp_17,56.9,0.0,10.0,66.9,6.32
pp_17,68.6,0.0,0.0,68.6,7.84
pp_17,61.0,0.0,0.0,61.0,8.73
pp_17,57.1,0.0,10.0,67.1,7.43
pp_17,56.9,0.0,10.0,66.9,7.36
pp_17,61.0,0.0,0.0,61.0,6.95
pp_17,67.9,0.0,0.0,67.9,12.85
pp_17,59.7,0.0,0.0,59.7,18.82
pp_17,61.9,0.0,0.0,61.9,17.82
pp_17,56.9,0.0,10.0,66.9,18.04
pp_17,56.8,10.0,0.0,66.8,17.53
pp_17,61.3,0.0,0.0,61.3,18.79
pp_17,67.1,0.0,0.0,67.1,13.78
pp_17,69.3,0.0,0.0,69.3,12.71
pp_17,61.1,0.0,0.0,61.1,13.85
pp_17,56.7,0.0,0.0,56.7,15.28
pp_17,67.0,0.0,0.0,67.0,11.54
pp_17,60.9,0.0,0.0,60.9,12.96
pp_17,56.9,0.0,0.0,56.9,13.16
pp_17,57.1,10.0,0.0,67.1,8.51
pp_17,60.7,0.0,0.0,60.7,1.7
pp_17,57.0,0.0,10.0,67.0,4.68
pp_17,68.4,0.0,0.0,68.4,4.29
pp_17,61.1,0.0,0.0,61.1,3.89
pp_17,56.8,0.0,0.0,56.8,3.56
pp_17,66.9,0.0,0.0,66.9,3.19
pp_17,61.4,0.0,10.0,71.4,2.89
pp_17,57.2,0.0,10.0,67.2,2.71
pp_17,56.8,10.0,0.0,66.8,2.56
pp_17,61.5,0.0,10.0,71.5,2.39
pp_17,71.0,0.0,0.0,71.0,2.28
pp_17,63.8,0.0,0.0,63.8,2.19
pp_17,61.9,0.0,0.0,61.9,2.12
pp_17,57.0,0.0,0.0,57.0,2.05
pp_17,67.0,0.0,0.0,67.0,1.98
pp_17,60.7,0.0,0.0,60.7,1.94
pp_17,56.8,0.0,0.0,56.8,1.9
pp_17,57.0,10.0,0.0,67.0,1.86
pp_17,60.7,0.0,10.0,70.7,0.01
pp_17,57.2,0.0,10.0,67.2,1.99
pp_17,57.1,10.0,0.0,67.1,2.57
pp_17,61.1,0.0,0.0,61.1,3.05
pp_17,56.8,0.0,10.0,66.8,7.0
pp_17,57.0,10.0,0.0,67.0,12.71
pp_17,62.6,0.0,10.0,72.6,15.18
pp_17,68.6,0.0,0.0,68.6,17.76
pp_17,59.8,0.0,0.0,59.8,20.22
pp_17,61.4,0.0,0.0,61.4,17.65
pp_17,56.9,0.0,0.0,56.9,17.37
pp_17,56.6,0.0,10.0,66.6,12.37
pp_17,61.0,0.0,0.0,61.0,12.93
pp_17,56.8,0.0,0.0,56.8,13.3
pp_17,56.9,0.0,10.0,66.9,8.76
pp_17,61.0,0.0,0.0,61.0,8.98
pp_17,68.5,0.0,0.0,68.5,3.36
pp_17,61.8,0.0,0.0,61.8,1.01
pp_17,61.1,0.0,0.0,61.1,1.06
pp_17,66.8,0.0,0.0,66.8,2.88
pp_17,59.9,0.0,0.0,59.9,3.22
pp_17,61.2,0.0,0.0,61.2,3.34
pp_17,58.0,0.0,10.0,68.0,3.93
pp_17,69.3,0.0,0.0,69.3,3.4
pp_17,61.1,0.0,0.0,61.1,3.01
pp_17,56.8,0.0,0.0,56.8,3.63
pp_17,57.2,10.0,0.0,67.2,2.96
pp_17,61.0,0.0,0.0,61.0,3.29
pp_17,57.1,0.0,10.0,67.1,3.0
pp_17,60.7,0.0,0.0,60.7,3.16
pp_17,61.2,0.0,0.0,61.2,3.23
pp_17,56.7,0.0,10.0,66.7,3.06
pp_17,66.7,0.0,0.0,66.7,3.2
pp_17,62.5,0.0,0.0,62.5,3.16
pp_17,57.0,0.0,0.0,57.0,3.13
pp_17,56.7,10.0,0.0,66.7,1.48
pp_17,61.0,0.0,10.0,71.0,0.6
pp_17,68.5,0.0,10.0,78.5,1.18
pp_17,68.5,0.0,10.0,78.5,1.76
pp_17,56.3,0.0,10.0,66.3,2.16
pp_17,59.8,10.0,0.0,69.8,2.52
pp_17,69.5,0.0,0.0,69.5,2.78
pp_17,61.1,0.0,0.0,61.1,3.12
pp_17,68.6,0.0,0.0,68.6,3.54
pp_17,60.3,0.0,0.0,60.3,3.37
pp_17,61.9,0.0,10.0,71.9,2.92
pp_17,57.5,0.0,10.0,67.5,2.5
pp_17,56.8,0.0,10.0,66.8,2.03
pp_17,61.3,0.0,0.0,61.3,1.54
pp_17,56.8,0.0,0.0,56.8,1.3
pp_17,56.6,0.0,10.0,66.6,5.34
pp_17,60.9,0.0,0.0,60.9,10.48
pp_17,56.9,0.0,0.0,56.9,13.45
pp_17,67.0,0.0,0.0,67.0,12.27
pp_17,61.7,0.0,0.0,61.7,11.29
pp_17,56.7,0.0,10.0,66.7,9.34
pp_17,66.8,0.0,0.0,66.8,8.47
pp_17,62.2,0.0,10.0,72.2,7.72
pp_17,70.5,0.0,0.0,70.5,8.21
pp_17,64.2,0.0,0.0,64.2,9.5
pp_17,62.9,0.0,0.0,62.9,8.86
pp_17,56.9,0.0,10.0,66.9,7.1
pp_17,66.8,0.0,0.0,66.8,5.62
pp_17,60.9,0.0,0.0,60.9,3.73
pp_17,56.8,0.0,0.0,56.8,3.86
pp_17,56.7,0.0,10.0,66.7,3.82
pp_17,62.1,0.0,0.0,62.1,3.65
pp_17,56.9,0.0,0.0,56.9,3.54
pp_17,56.9,0.0,10.0,66.9,2.39
pp_17,61.7,0.0,0.0,61.7,2.08
pp_17,56.8,0.0,0.0,56.8,1.74
pp_17,67.0,0.0,0.0,67.0,3.59
pp_17,60.8,0.0,0.0,60.8,3.71
pp_17,56.9,0.0,10.0,66.9,3.88
pp_17,56.9,0.0,10.0,66.9,4.08
pp_17,62.3,0.0,0.0,62.3,4.14
pp_17,57.4,0.0,0.0,57.4,3.86
pp_17,68.4,0.0,0.0,68.4,3.74
pp_17,61.0,0.0,10.0,71.0,3.56
pp_17,68.5,0.0,0.0,68.5,3.39
pp_17,69.3,0.0,0.0,69.3,3.22
pp_17,60.7,0.0,0.0,60.7,2.82
pp_17,56.9,0.0,10.0,66.9,2.49
pp_17,68.6,0.0,0.0,68.6,2.3
pp_17,61.8,0.0,0.0,61.8,1.94
pp_17,56.9,0.0,0.0,56.9,1.71
pp_17,56.8,0.0,10.0,66.8,1.56
pp_17,61.9,0.0,0.0,61.9,1.43
pp_17,57.8,0.0,0.0,57.8,1.31
pp_17,67.0,0.0,0.0,67.0,1.14
pp_17,61.1,0.0,0.0,61.1,1.07
pp_17,57.1,0.0,0.0,57.1,0.81
pp_17,56.7,10.0,0.0,66.7,0.56
pp_17,61.6,0.0,10.0,71.6,0.52
pp_17,58.4,0.0,10.0,68.4,0.47
pp_17,69.5,0.0,0.0,69.5,0.53
pp_17,60.7,0.0,0.0,60.7,0.74
pp_17,56.7,0.0,0.0,56.7,1.04
pp_17,67.8,0.0,0.0,67.8,1.03
pp_17,97.6,0.0,10.0,107.6,0.81
pp_17,92.8,0.0,0.0,92.8,1.17
pp_17,117.6,0.0,10.0,127.6,0.79
pp_17,79.2,0.0,10.0,89.2,1.6
pp_17,84.4,0.0,10.0,94.4,1.19
pp_17,96.0,0.0,10.0,106.0,1.11
pp_17,96.4,0.0,10.0,106.4,1.4
pp_17,98.2,0.0,0.0,98.2,1.29
pp_17,62.8,0.0,0.0,62.8,1.71
pp_17,69.8,0.0,0.0,69.8,1.5
pp_17,61.0,0.0,0.0,61.0,1.39
pp_17,56.7,0.0,0.0,56.7,1.5
pp_17,56.9,0.0,10.0,66.9,1.61
pp_17,61.4,0.0,10.0,71.4,1.6
pp_17,70.7,0.0,0.0,70.7,2.23
pp_17,61.6,0.0,0.0,61.6,2.34
pp_17,62.1,0.0,10.0,72.1,2.58
pp_17,71.6,0.0,0.0,71.6,2.82
pp_17,60.1,0.0,0.0,60.1,2.57
pp_17,61.0,0.0,0.0,61.0,2.69
pp_17,56.9,0.0,10.0,66.9,3.76
pp_17,67.2,0.0,0.0,67.2,4.74
pp_17,61.1,0.0,0.0,61.1,5.75
pp_17,67.0,0.0,0.0,67.0,5.59
pp_17,59.9,0.0,0.0,59.9,5.68
pp_17,61.2,0.0,0.0,61.2,5.49
pp_17,57.2,0.0,0.0,57.2,5.64
pp_17,68.5,0.0,0.0,68.5,4.21
pp_17,60.9,0.0,0.0,60.9,3.19
pp_17,56.7,0.0,10.0,66.7,1.58
pp_17,68.5,0.0,0.0,68.5,1.14
pp_17,61.0,0.0,0.0,61.0,0.99
pp_17,56.9,0.0,10.0,66.9,0.99
pp_17,67.0,0.0,0.0,67.0,0.9
pp_17,61.7,0.0,0.0,61.7,0.95
pp_17,57.0,0.0,10.0,67.0,2.09
pp_17,56.8,10.0,0.0,66.8,2.37
pp_17,61.2,0.0,0.0,61.2,2.45
pp_17,57.9,0.0,10.0,67.9,3.25
pp_17,57.6,0.0,10.0,67.6,2.91
pp_17,61.2,0.0,0.0,61.2,2.81
pp_17,56.8,0.0,10.0,66.8,2.48
pp_17,56.6,10.0,0.0,66.6,2.31
pp_17,62.6,0.0,0.0,62.6,2.19
pp_17,56.9,0.0,10.0,66.9,1.99
pp_17,68.8,0.0,0.0,68.8,1.47
pp_17,61.0,0.0,0.0,61.0,1.63
pp_17,57.1,0.0,0.0,57.1,1.29
pp_17,56.6,0.0,10.0,66.6,1.1
pp_17,62.1,0.0,0.0,62.1,1.1
pp_17,56.9,0.0,0.0,56.9,1.43
pp_17,56.9,0.0,10.0,66.9,1.03
pp_17,61.1,0.0,0.0,61.1,0.74
pp_17,56.7,0.0,10.0,66.7,0.55
pp_17,56.7,0.0,10.0,66.7,0.35
pp_17,60.9,0.0,0.0,60.9,0.47
pp_17,57.0,0.0,0.0,57.0,0.58
pp_17,56.6,0.0,10.0,66.6,0.53
pp_17,60.8,0.0,0.0,60.8,0.72
pp_17,56.7,0.0,10.0,66.7,1.23
pp_17,56.6,0.0,10.0,66.6,1.39
pp_17,61.8,0.0,0.0,61.8,1.51
pp_17,68.6,0.0,0.0,68.6,1.34
pp_17,62.6,0.0,0.0,62.6,1.3
pp_17,61.7,0.0,0.0,61.7,1.59
pp_17,56.8,0.0,0.0,56.8,0.88
pp_17,66.5,0.0,0.0,66.5,0.59
pp_17,61.2,0.0,0.0,61.2,1.17
pp_17,57.8,0.0,10.0,67.8,1.47
pp_17,67.1,0.0,0.0,67.1,0.87
pp_17,61.4,0.0,10.0,71.4,0.64
pp_17,58.0,10.0,0.0,68.0,0.76
pp_17,60.1,0.0,0.0,60.1,1.45
pp_17,61.1,0.0,0.0,61.1,1.59
pp_17,56.9,0.0,10.0,66.9,1.29
pp_17,67.4,0.0,0.0,67.4,1.26
pp_17,61.6,0.0,0.0,61.6,1.1
pp_17,58.1,0.0,10.0,68.1,0.51
pp_17,68.7,0.0,0.0,68.7,0.54
pp_17,62.5,0.0,10.0,72.5,0.98
pp_17,69.5,0.0,0.0,69.5,1.61
pp_17,59.9,0.0,0.0,59.9,2.05
pp_17,61.3,0.0,0.0,61.3,1.73
pp_17,57.3,0.0,0.0,57.3,1.62
pp_17,56.7,0.0,10.0,66.7,1.19
pp_17,60.9,0.0,0.0,60.9,0.89
pp_17,57.0,0.0,10.0,67.0,1.25
pp_17,68.5,0.0,0.0,68.5,1.53
pp_17,61.5,0.0,0.0,61.5,1.63
pp_17,58.0,10.0,0.0,68.0,1.25
pp_17,61.2,0.0,0.0,61.2,1.45
pp_17,61.7,0.0,10.0,71.7,1.76
pp_17,57.2,0.0,0.0,57.2,2.62
pp_17,66.7,0.0,0.0,66.7,2.18
pp_17,61.4,0.0,0.0,61.4,2.06
pp_17,56.7,0.0,0.0,56.7,2.38
pp_17,56.7,0.0,10.0,66.7,1.5
pp_17,61.1,0.0,0.0,61.1,1.24
pp_17,56.9,0.0,10.0,66.9,0.7
pp_17,66.8,0.0,0.0,66.8,0.44
pp_17,60.9,0.0,0.0,60.9,0.42
pp_17,56.8,0.0,0.0,56.8,0.96
pp_17,56.6,10.0,0.0,66.6,1.08
pp_17,60.9,0.0,0.0,60.9,0.94
pp_17,56.8,0.0,0.0,56.8,0.64
pp_17,56.9,10.0,0.0,66.9,0.51
pp_17,62.3,0.0,0.0,62.3,0.34
pp_17,57.0,0.0,0.0,57.0,0.51
pp_17,56.6,0.0,10.0,66.6,0.29
pp_17,61.0,0.0,0.0,61.0,0.17
pp_17,56.9,0.0,10.0,66.9,0.23
pp_17,56.8,0.0,10.0,66.8,0.17
pp_17,61.4,0.0,10.0,71.4,0.08
pp_17,57.7,10.0,0.0,67.7,0.05
pp_17,60.0,0.0,0.0,60.0,0.68
pp_17,61.0,0.0,0.0,61.0,0.49
pp_17,58.0,0.0,10.0,68.0,0.27
pp_17,58.3,10.0,0.0,68.3,0.16
pp_17,61.4,0.0,0.0,61.4,0.27
pp_17,57.2,10.0,0.0,67.2,0.1
pp_17,60.0,0.0,0.0,60.0,0.97
pp_17,61.9,0.0,0.0,61.9,0.41
pp_17,56.9,0.0,0.0,56.9,1.4
pp_17,66.8,0.0,0.0,66.8,1.19
pp_17,62.0,0.0,0.0,62.0,0.91
pp_17,57.4,0.0,10.0,67.4,0.91
pp_17,68.2,0.0,0.0,68.2,0.88
pp_17,61.5,0.0,0.0,61.5,0.72
pp_17,56.8,0.0,10.0,66.8,0.27
pp_17,66.8,0.0,0.0,66.8,0.46
pp_17,61.3,0.0,10.0,71.3,0.48
pp_17,60.2,10.0,0.0,70.2,0.54
pp_17,61.8,0.0,0.0,61.8,0.6
pp_17,63.0,0.0,10.0,73.0,0.61
pp_17,68.9,0.0,0.0,68.9,0.66
pp_17,61.5,0.0,0.0,61.5,0.75
pp_17,61.1,0.0,0.0,61.1,0.67
pp_17,57.0,0.0,0.0,57.0,0.96
pp_17,56.8,0.0,10.0,66.8,1.11
pp_17,60.7,0.0,10.0,70.7,1.23
pp_17,58.8,0.0,10.0,68.8,2.11
pp_17,57.9,10.0,0.0,67.9,3.35
pp_17,61.0,0.0,0.0,61.0,4.59
pp_17,56.7,0.0,0.0,56.7,7.37
pp_17,56.7,0.0,10.0,66.7,8.61
pp_17,60.9,0.0,0.0,60.9,10.71
pp_17,57.1,0.0,10.0,67.1,11.88
pp_17,56.8,0.0,10.0,66.8,13.03
pp_17,60.9,0.0,10.0,70.9,11.09
pp_17,57.5,0.0,10.0,67.5,12.3
pp_17,68.6,0.0,0.0,68.6,11.41
pp_17,60.8,0.0,10.0,70.8,7.85
pp_17,56.8,0.0,0.0,56.8,10.16
pp_17,56.9,0.0,10.0,66.9,6.09
pp_17,60.9,0.0,0.0,60.9,4.74
pp_17,57.0,0.0,0.0,57.0,4.44
pp_17,56.9,0.0,10.0,66.9,1.84
pp_17,60.8,0.0,10.0,70.8,0.76
pp_17,59.8,10.0,0.0,69.8,0.51
pp_17,69.5,0.0,0.0,69.5,1.0
pp_17,61.2,0.0,0.0,61.2,1.8
pp_17,57.0,0.0,0.0,57.0,2.55
pp_17,56.8,0.0,10.0,66.8,3.43
pp_17,62.4,0.0,10.0,72.4,4.13
pp_17,57.4,0.0,10.0,67.4,6.03
pp_17,68.0,0.0,0.0,68.0,6.71
pp_17,61.2,0.0,0.0,61.2,6.52
pp_17,56.9,0.0,0.0,56.9,5.64
pp_17,56.8,0.0,10.0,66.8,3.34
pp_17,62.1,0.0,10.0,72.1,0.98
pp_17,59.8,0.0,10.0,69.8,1.72
pp_17,68.5,0.0,0.0,68.5,2.2
pp_17,60.9,0.0,0.0,60.9,2.48
pp_17,57.2,0.0,10.0,67.2,2.19
pp_17,56.8,0.0,10.0,66.8,2.3
pp_17,61.8,0.0,0.0,61.8,2.28
pp_17,56.9,0.0,10.0,66.9,1.81
pp_17,67.0,0.0,0.0,67.0,1.75
pp_17,57.9,0.0,0.0,57.9,1.69
pp_17,57.2,0.0,0.0,57.2,1.01
pp_17,56.7,10.0,0.0,66.7,0.49
pp_17,58.1,0.0,0.0,58.1,0.92
pp_17,66.9,0.0,0.0,66.9,2.35
pp_17,62.9,0.0,0.0,62.9,4.05
pp_17,63.9,0.0,10.0,73.9,4.89
pp_17,67.8,0.0,0.0,67.8,7.29
pp_17,62.5,0.0,0.0,62.5,8.42
pp_17,61.4,0.0,0.0,61.4,9.33
pp_17,57.9,0.0,10.0,67.9,9.26
pp_17,56.6,0.0,10.0,66.6,8.31
pp_17,58.3,0.0,0.0,58.3,8.09
pp_17,56.8,10.0,0.0,66.8,6.33
pp_17,62.6,0.0,0.0,62.6,6.41
pp_17,60.6,0.0,0.0,60.6,5.65
pp_17,56.9,0.0,10.0,66.9,4.02
pp_17,67.4,0.0,0.0,67.4,4.41
pp_17,60.4,0.0,0.0,60.4,4.45
pp_17,56.6,0.0,0.0,56.6,4.13
pp_17,56.9,0.0,10.0,66.9,2.97
pp_17,67.3,0.0,0.0,67.3,3.1
pp_17,56.8,0.0,10.0,66.8,2.74
pp_17,56.9,10.0,0.0,66.9,3.01
pp_17,57.4,10.0,0.0,67.4,3.73
pp_17,69.0,0.0,0.0,69.0,4.43
pp_17,60.8,0.0,0.0,60.8,5.82
pp_17,61.7,0.0,0.0,61.7,7.52
pp_17,57.5,0.0,10.0,67.5,8.47
pp_17,67.1,0.0,0.0,67.1,8.86
pp_17,58.1,0.0,0.0,58.1,8.98
pp_17,56.9,0.0,10.0,66.9,8.77
pp_17,57.4,0.0,10.0,67.4,9.28
pp_17,67.4,0.0,0.0,67.4,9.68
pp_17,57.0,0.0,0.0,57.0,11.07
pp_17,56.7,0.0,10.0,66.7,10.68
pp_17,58.6,0.0,0.0,58.6,10.19
pp_17,56.8,0.0,0.0,56.8,8.93
pp_17,68.5,0.0,0.0,68.5,6.32
pp_17,60.3,0.0,0.0,60.3,5.98
pp_17,56.9,0.0,0.0,56.9,6.1
pp_17,56.8,0.0,10.0,66.8,3.32
pp_17,67.2,0.0,0.0,67.2,3.46
pp_17,58.4,0.0,10.0,68.4,2.88
pp_17,67.1,0.0,0.0,67.1,3.07
pp_17,58.3,0.0,0.0,58.3,3.72
pp_17,56.9,0.0,0.0,56.9,3.85
pp_17,57.0,10.0,0.0,67.0,2.09
pp_17,47.9,10.0,0.0,57.9,2.04
pp_17,56.9,0.0,10.0,66.9,1.65
pp_17,67.7,0.0,0.0,67.7,1.3
pp_17,59.6,0.0,10.0,69.6,1.86
pp_17,57.5,0.0,10.0,67.5,0.99
pp_17,69.2,0.0,0.0,69.2,0.9
pp_17,58.5,0.0,0.0,58.5,1.37
pp_17,56.8,0.0,0.0,56.8,2.18
pp_17,56.9,10.0,0.0,66.9,3.43
pp_17,58.4,0.0,0.0,58.4,3.47
pp_17,57.8,0.0,10.0,67.8,3.51
pp_17,69.2,0.0,0.0,69.2,3.89
pp_17,59.4,0.0,0.0,59.4,4.11
pp_17,57.1,0.0,0.0,57.1,4.2
pp_17,56.7,0.0,10.0,66.7,3.23
pp_17,67.3,0.0,0.0,67.3,3.0
pp_17,56.8,0.0,10.0,66.8,3.37
pp_17,67.0,0.0,0.0,67.0,3.86
pp_17,58.7,0.0,0.0,58.7,4.5
pp_17,57.7,0.0,10.0,67.7,4.5
pp_17,68.1,0.0,0.0,68.1,5.12
pp_17,60.9,0.0,0.0,60.9,6.27
pp_17,56.9,0.0,0.0,56.9,7.92
pp_17,56.6,0.0,10.0,66.6,7.93
pp_17,57.0,10.0,0.0,67.0,8.77
pp_17,57.0,0.0,10.0,67.0,7.99
pp_17,68.2,0.0,0.0,68.2,7.93
pp_17,59.2,0.0,0.0,59.2,7.97
pp_17,56.8,0.0,0.0,56.8,7.88
pp_17,66.9,0.0,0.0,66.9,5.82
pp_17,58.8,0.0,0.0,58.8,5.54
pp_17,57.0,0.0,10.0,67.0,4.23
pp_17,66.8,0.0,0.0,66.8,3.69
pp_17,57.9,0.0,0.0,57.9,3.45
pp_17,56.7,0.0,0.0,56.7,3.35
pp_17,56.8,0.0,10.0,66.8,2.33
pp_17,48.1,10.0,0.0,58.1,2.43
pp_17,61.0,0.0,10.0,71.0,2.79
pp_17,56.8,0.0,10.0,66.8,3.04
pp_17,58.5,0.0,0.0,58.5,3.28
pp_17,71.9,0.0,0.0,71.9,3.81
pp_17,60.6,0.0,0.0,60.6,4.01
pp_17,59.2,0.0,0.0,59.2,3.95
pp_17,60.9,0.0,10.0,70.9,3.57
pp_17,67.1,0.0,0.0,67.1,3.35
pp_17,58.8,0.0,0.0,58.8,3.08
pp_17,60.6,0.0,0.0,60.6,2.7
pp_17,56.9,10.0,0.0,66.9,2.27
pp_17,67.4,0.0,0.0,67.4,2.04
pp_17,60.8,0.0,0.0,60.8,1.86
pp_17,57.1,0.0,10.0,67.1,1.63
pp_17,67.2,0.0,0.0,67.2,1.57
pp_17,60.8,0.0,10.0,70.8,1.47
pp_17,69.4,0.0,0.0,69.4,1.87
pp_17,59.8,0.0,0.0,59.8,2.36
pp_17,60.8,0.0,10.0,70.8,2.58
pp_17,56.7,0.0,10.0,66.7,3.51
pp_17,67.3,0.0,0.0,67.3,3.7
pp_17,60.6,0.0,0.0,60.6,3.82
pp_17,56.7,10.0,0.0,66.7,3.01
pp_17,48.6,10.0,0.0,58.6,1.98
pp_17,60.9,0.0,10.0,70.9,0.35
pp_17,58.5,10.0,0.0,68.5,1.54
pp_17,58.4,0.0,0.0,58.4,2.53
pp_17,61.1,0.0,10.0,71.1,3.05
pp_17,57.0,0.0,10.0,67.0,4.16
pp_17,67.9,0.0,0.0,67.9,5.82
pp_17,61.2,0.0,10.0,71.2,7.04
pp_17,66.9,0.0,0.0,66.9,9.03
pp_17,59.1,0.0,0.0,59.1,9.57
pp_17,61.2,0.0,0.0,61.2,9.37
pp_17,56.8,0.0,10.0,66.8,7.22
pp_17,67.6,0.0,0.0,67.6,5.93
pp_17,60.7,0.0,0.0,60.7,4.88
pp_17,66.6,0.0,0.0,66.6,3.99
pp_17,58.9,0.0,0.0,58.9,4.18
pp_17,61.1,0.0,0.0,61.1,5.35
pp_17,56.6,0.0,10.0,66.6,6.2
pp_17,67.3,0.0,0.0,67.3,7.35
pp_17,60.8,0.0,10.0,70.8,6.15
pp_17,66.8,0.0,0.0,66.8,6.36
pp_17,58.9,0.0,0.0,58.9,6.32
pp_17,60.8,0.0,10.0,70.8,4.3
pp_17,69.7,0.0,0.0,69.7,3.2
pp_17,58.4,0.0,0.0,58.4,3.02
pp_17,60.8,0.0,10.0,70.8,3.83
pp_17,66.8,0.0,0.0,66.8,4.9
pp_17,59.0,0.0,0.0,59.0,5.51
pp_17,61.0,0.0,10.0,71.0,5.94
pp_17,67.7,0.0,0.0,67.7,5.86
pp_17,59.0,0.0,0.0,59.0,6.02
pp_17,60.8,0.0,10.0,70.8,5.36
pp_17,56.7,0.0,10.0,66.7,5.11
pp_17,67.4,0.0,0.0,67.4,4.61
pp_17,60.7,10.0,0.0,70.7,4.3
pp_17,69.5,0.0,0.0,69.5,4.62
pp_17,58.7,0.0,0.0,58.7,6.63
pp_17,60.9,0.0,0.0,60.9,10.27
pp_17,56.7,0.0,10.0,66.7,3.95
pp_17,67.7,0.0,0.0,67.7,8.58
pp_17,61.0,0.0,0.0,61.0,12.12
pp_17,56.7,10.0,0.0,66.7,10.98
pp_17,58.1,0.0,0.0,58.1,8.46
pp_17,72.4,0.0,0.0,72.4,4.85
pp_17,63.5,0.0,0.0,63.5,3.34
pp_17,63.0,0.0,10.0,73.0,2.1
pp_17,62.5,0.0,10.0,72.5,2.33
pp_17,69.5,0.0,0.0,69.5,2.44
pp_17,48.1,10.0,0.0,58.1,2.5
pp_17,60.7,0.0,10.0,70.7,3.07
pp_17,68.6,0.0,0.0,68.6,3.12
pp_17,59.2,0.0,0.0,59.2,3.03
pp_17,60.8,0.0,0.0,60.8,2.95
pp_17,56.8,0.0,10.0,66.8,2.86
pp_17,67.3,0.0,0.0,67.3,2.8
pp_17,60.7,0.0,10.0,70.7,2.74
pp_17,56.7,0.0,10.0,66.7,2.7
pp_17,67.3,0.0,0.0,67.3,2.67
pp_17,60.7,0.0,0.0,60.7,2.64
pp_17,56.6,0.0,10.0,66.6,2.61
pp_17,67.0,0.0,0.0,67.0,2.59
pp_17,60.8,0.0,0.0,60.8,2.57
pp_17,68.9,0.0,0.0,68.9,2.55
pp_17,60.6,0.0,0.0,60.6,2.54
pp_17,60.7,0.0,0.0,60.7,2.53
pp_17,56.8,10.0,0.0,66.8,2.52
pp_17,57.4,0.0,10.0,67.4,2.51
pp_17,61.1,0.0,0.0,61.1,2.51
pp_17,56.7,0.0,10.0,66.7,2.5
pp_17,48.4,10.0,0.0,58.4,2.5
pp_17,60.9,0.0,10.0,70.9,2.49
pp_17,57.4,0.0,10.0,67.4,2.49
pp_17,66.8,0.0,0.0,66.8,2.49
pp_17,60.7,0.0,10.0,70.7,2.49
pp_17,57.6,0.0,10.0,67.6,0.0
pp_17,58.1,0.0,0.0,58.1,11.9
pp_17,60.9,0.0,10.0,70.9,12.43
pp_17,69.6,0.0,0.0,69.6,15.11
pp_17,58.8,0.0,0.0,58.8,18.89
pp_17,60.7,0.0,0.0,60.7,17.09
pp_17,56.7,0.0,10.0,66.7,4.71
pp_17,67.1,0.0,0.0,67.1,2.78
pp_17,60.8,0.0,10.0,70.8,5.41
pp_17,57.1,0.0,10.0,67.1,6.55
pp_17,67.1,0.0,0.0,67.1,7.0
pp_17,60.9,0.0,0.0,60.9,7.08
pp_17,67.9,0.0,0.0,67.9,6.66
pp_17,59.7,0.0,0.0,59.7,6.59
pp_17,60.8,0.0,10.0,70.8,5.7
pp_17,57.0,0.0,10.0,67.0,5.69
pp_17,58.7,0.0,0.0,58.7,5.23
pp_17,60.9,0.0,10.0,70.9,3.88
pp_17,67.2,0.0,0.0,67.2,3.85
pp_17,58.3,0.0,0.0,58.3,3.49
pp_17,60.7,0.0,10.0,70.7,2.25
pp_17,67.2,0.0,0.0,67.2,2.14
pp_17,58.0,0.0,0.0,58.0,2.0
pp_17,60.8,0.0,0.0,60.8,2.11
pp_17,66.7,0.0,0.0,66.7,2.62
pp_17,58.3,0.0,0.0,58.3,2.93
pp_17,61.0,0.0,10.0,71.0,3.26
pp_17,68.3,0.0,0.0,68.3,3.28
pp_17,58.2,0.0,0.0,58.2,3.1
pp_17,60.9,0.0,10.0,70.9,4.82
pp_17,56.8,0.0,10.0,66.8,7.65
pp_17,67.2,0.0,0.0,67.2,8.54
pp_17,61.6,0.0,10.0,71.6,7.72
pp_17,59.0,10.0,0.0,69.0,7.97
pp_17,67.6,0.0,0.0,67.6,6.88
pp_17,62.5,0.0,10.0,72.5,5.28
pp_17,60.0,0.0,0.0,60.0,5.85
pp_17,69.3,0.0,0.0,69.3,5.26
pp_17,60.8,0.0,10.0,70.8,4.16
pp_17,56.8,0.0,10.0,66.8,4.24
pp_17,67.5,0.0,0.0,67.5,3.64
pp_17,60.6,0.0,0.0,60.6,3.33
pp_17,66.6,0.0,0.0,66.6,2.01
pp_17,60.9,0.0,0.0,60.9,1.77
pp_17,60.8,0.0,10.0,70.8,1.0
pp_17,67.1,0.0,0.0,67.1,1.54
pp_17,59.4,0.0,0.0,59.4,0.86
pp_17,60.8,0.0,0.0,60.8,0.76
pp_17,66.7,0.0,0.0,66.7,0.36
pp_17,60.9,0.0,0.0,60.9,0.24
pp_17,60.8,0.0,10.0,70.8,0.62
pp_17,69.1,0.0,0.0,69.1,0.75
pp_17,58.5,0.0,0.0,58.5,1.18
pp_17,60.8,0.0,10.0,70.8,0.69
pp_17,56.7,0.0,10.0,66.7,0.87
pp_17,68.0,0.0,0.0,68.0,0.84
pp_17,61.8,0.0,10.0,71.8,0.86
pp_17,57.6,0.0,10.0,67.6,0.84
pp_17,57.4,10.0,0.0,67.4,0.8
pp_17,61.1,10.0,0.0,71.1,1.02
pp_17,60.1,0.0,0.0,60.1,0.79
pp_17,58.2,0.0,0.0,58.2,0.86
pp_17,60.8,0.0,10.0,70.8,0.76
pp_17,58.1,10.0,0.0,68.1,0.91
pp_17,67.4,0.0,0.0,67.4,1.36
pp_17,60.6,0.0,0.0,60.6,0.93
pp_17,68.0,0.0,0.0,68.0,1.18
pp_17,59.2,0.0,0.0,59.2,8.08
pp_17,60.8,0.0,10.0,70.8,7.35
pp_17,56.6,0.0,10.0,66.6,11.91
pp_17,57.2,0.0,10.0,67.2,5.0
pp_17,60.9,0.0,10.0,70.9,3.66
pp_17,66.9,0.0,0.0,66.9,3.77
pp_17,59.7,0.0,0.0,59.7,3.86
pp_17,61.1,0.0,0.0,61.1,3.94
pp_17,66.7,0.0,0.0,66.7,4.03
pp_17,61.6,0.0,0.0,61.6,4.08
pp_17,73.5,0.0,0.0,73.5,4.14
pp_17,60.9,0.0,0.0,60.9,4.18
pp_17,59.5,0.0,0.0,59.5,4.21
pp_17,60.8,0.0,10.0,70.8,4.25
pp_17,69.1,0.0,0.0,69.1,4.27
pp_17,58.4,0.0,0.0,58.4,4.29
pp_17,72.5,0.0,0.0,72.5,4.31
pp_17,60.3,0.0,0.0,60.3,4.33
pp_17,58.5,0.0,0.0,58.5,4.34
pp_17,61.2,0.0,10.0,71.2,4.35
pp_17,57.9,0.0,10.0,67.9,4.36
pp_17,67.1,0.0,0.0,67.1,4.37
pp_17,60.8,0.0,0.0,60.8,4.38
pp_17,56.7,0.0,10.0,66.7,4.38
pp_17,67.1,0.0,0.0,67.1,4.39
pp_17,60.8,0.0,10.0,70.8,4.39
pp_17,57.1,0.0,10.0,67.1,4.39
pp_17,67.7,0.0,0.0,67.7,4.4
pp_17,62.0,0.0,10.0,72.0,4.4
pp_17,56.6,0.0,10.0,66.6,4.4
pp_17,58.3,0.0,0.0,58.3,4.4
pp_17,60.9,0.0,10.0,70.9,4.41
pp_17,67.0,0.0,0.0,67.0,4.41
pp_17,60.4,0.0,0.0,60.4,4.41
pp_17,60.8,0.0,10.0,70.8,0.0
pp_17,57.3,0.0,10.0,67.3,10.12
pp_17,67.4,0.0,0.0,67.4,13.93
pp_17,60.9,0.0,10.0,70.9,15.91
pp_17,69.0,0.0,0.0,69.0,14.43
pp_17,59.4,0.0,0.0,59.4,9.45
pp_17,60.8,0.0,0.0,60.8,6.73
pp_17,66.7,0.0,0.0,66.7,7.5
pp_17,58.3,0.0,10.0,68.3,8.78
pp_17,61.8,0.0,10.0,71.8,9.51
pp_17,67.7,0.0,0.0,67.7,8.84
pp_17,58.7,0.0,0.0,58.7,8.59
pp_17,60.8,0.0,0.0,60.8,9.7
pp_17,56.7,0.0,10.0,66.7,10.61
pp_17,67.2,0.0,0.0,67.2,11.44
pp_17,60.9,0.0,0.0,60.9,11.11
pp_17,56.7,0.0,10.0,66.7,10.52
pp_17,67.4,0.0,0.0,67.4,9.35
pp_17,60.7,0.0,0.0,60.7,7.57
pp_17,56.6,0.0,10.0,66.6,6.08
pp_17,67.2,0.0,0.0,67.2,4.66
pp_17,61.8,0.0,10.0,71.8,3.02
pp_17,68.8,0.0,0.0,68.8,3.08
pp_17,59.3,0.0,0.0,59.3,3.57
pp_17,61.7,0.0,10.0,71.7,3.32
pp_17,57.1,0.0,10.0,67.1,3.88
pp_17,58.4,0.0,0.0,58.4,4.11
pp_17,60.8,0.0,0.0,60.8,4.2
pp_17,56.7,0.0,10.0,66.7,3.47
pp_17,67.3,0.0,0.0,67.3,3.33
pp_17,60.7,0.0,10.0,70.7,2.4
pp_17,58.4,10.0,0.0,68.4,1.99
pp_17,67.3,0.0,0.0,67.3,1.39
pp_17,60.8,0.0,10.0,70.8,0.83
pp_17,68.4,0.0,0.0,68.4,1.23
pp_17,58.8,0.0,0.0,58.8,1.5
pp_17,60.7,0.0,10.0,70.7,1.7
pp_17,67.0,0.0,0.0,67.0,1.87
pp_17,58.4,0.0,0.0,58.4,2.23
pp_17,60.9,0.0,10.0,70.9,2.52
pp_17,67.5,0.0,0.0,67.5,3.38
pp_17,60.6,0.0,0.0,60.6,4.37
pp_17,60.8,0.0,10.0,70.8,4.8
pp_17,69.1,0.0,0.0,69.1,5.69
pp_17,60.5,0.0,0.0,60.5,5.83
pp_17,61.1,0.0,0.0,61.1,5.43
pp_17,66.9,0.0,0.0,66.9,4.25
pp_17,58.4,0.0,0.0,58.4,3.74
pp_17,72.3,0.0,0.0,72.3,2.52
pp_17,63.6,0.0,0.0,63.6,2.33
pp_17,63.4,0.0,10.0,73.4,1.67
pp_17,62.9,0.0,10.0,72.9,1.5
pp_17,69.9,0.0,0.0,69.9,1.55
pp_17,61.9,0.0,0.0,61.9,1.6
pp_17,60.7,0.0,0.0,60.7,1.65
pp_17,68.8,0.0,0.0,68.8,1.34
pp_17,58.4,0.0,0.0,58.4,1.05
pp_17,60.7,0.0,0.0,60.7,0.58
pp_17,68.5,0.0,0.0,68.5,0.51
pp_17,58.5,0.0,0.0,58.5,1.09
pp_17,60.7,0.0,0.0,60.7,1.84
pp_17,66.7,0.0,0.0,66.7,3.0
pp_17,58.6,0.0,0.0,58.6,4.76
pp_17,60.8,0.0,10.0,70.8,6.31
pp_17,56.7,10.0,0.0,66.7,8.19
pp_17,67.6,0.0,0.0,67.6,8.43
pp_17,61.4,0.0,10.0,71.4,6.65
pp_17,66.9,0.0,0.0,66.9,6.07
pp_17,58.3,0.0,0.0,58.3,4.7
pp_17,61.0,0.0,10.0,71.0,2.29
pp_17,69.0,0.0,0.0,69.0,1.52
pp_17,59.5,0.0,0.0,59.5,0.8
pp_17,60.8,0.0,10.0,70.8,1.41
pp_17,57.8,10.0,0.0,67.8,1.81
pp_17,67.7,0.0,0.0,67.7,2.04
pp_17,61.4,0.0,10.0,71.4,2.3
pp_17,56.9,0.0,10.0,66.9,2.26
pp_17,67.3,0.0,0.0,67.3,2.23
pp_17,60.9,0.0,0.0,60.9,2.05
pp_17,56.6,0.0,10.0,66.6,1.8
pp_17,67.3,0.0,0.0,67.3,1.68
pp_17,62.1,0.0,10.0,72.1,1.47
pp_17,69.0,0.0,0.0,69.0,1.34
pp_17,59.5,0.0,0.0,59.5,1.09
pp_17,72.4,0.0,0.0,72.4,0.88
pp_17,60.4,0.0,0.0,60.4,0.76
pp_17,59.2,0.0,0.0,59.2,0.7
pp_17,60.7,0.0,0.0,60.7,0.62
pp_17,56.7,0.0,10.0,66.7,0.54
pp_17,67.3,0.0,0.0,67.3,0.5
pp_17,62.1,0.0,10.0,72.1,0.47
pp_17,68.7,0.0,0.0,68.7,0.45
pp_17,57.9,0.0,0.0,57.9,0.46
pp_17,60.7,0.0,0.0,60.7,0.41
pp_17,56.8,0.0,10.0,66.8,0.37
pp_17,67.3,0.0,0.0,67.3,0.35
pp_17,60.8,0.0,10.0,70.8,0.33
pp_17,66.7,0.0,0.0,66.7,0.42
pp_17,58.1,0.0,0.0,58.1,0.43
pp_17,60.7,0.0,10.0,70.7,0.33
pp_17,66.7,0.0,0.0,66.7,0.5
pp_17,58.5,0.0,0.0,58.5,0.63
pp_17,60.8,0.0,10.0,70.8,0.71
pp_17,69.0,0.0,0.0,69.0,0.95
pp_17,58.8,0.0,0.0,58.8,0.95
pp_17,61.0,0.0,10.0,71.0,0.69
pp_17,67.7,0.0,0.0,67.7,0.69
pp_17,59.0,0.0,0.0,59.0,0.76
pp_17,61.0,0.0,10.0,71.0,0.91
pp_17,69.0,0.0,0.0,69.0,1.33
pp_17,61.5,0.0,10.0,71.5,1.07
pp_17,62.3,0.0,10.0,72.3,1.03
pp_17,57.3,0.0,10.0,67.3,1.39
pp_17,58.8,0.0,0.0,58.8,1.47
pp_17,60.7,0.0,10.0,70.7,1.6
pp_17,56.7,0.0,10.0,66.7,2.12
pp_17,67.1,0.0,0.0,67.1,2.5
pp_17,60.8,0.0,10.0,70.8,2.26
pp_17,56.7,0.0,10.0,66.7,2.56
pp_17,58.6,0.0,0.0,58.6,3.4
pp_17,60.6,0.0,0.0,60.6,3.93
pp_17,56.7,0.0,10.0,66.7,3.64
pp_17,57.5,10.0,0.0,67.5,3.12
pp_17,60.6,0.0,0.0,60.6,3.08
pp_17,56.7,0.0,10.0,66.7,2.72
pp_17,67.2,0.0,0.0,67.2,3.17
pp_17,60.8,0.0,10.0,70.8,2.74
pp_17,68.6,0.0,0.0,68.6,3.45
pp_17,59.3,0.0,10.0,69.3,1.91
pp_17,61.4,10.0,0.0,71.4,1.91
pp_17,69.3,0.0,0.0,69.3,2.0
pp_17,47.8,10.0,0.0,57.8,1.9
pp_17,60.8,0.0,10.0,70.8,0.53
pp_17,68.4,0.0,0.0,68.4,0.24
pp_17,60.3,0.0,0.0,60.3,0.55
pp_17,60.9,0.0,10.0,70.9,1.08
pp_17,60.7,0.0,0.0,60.7,1.01
pp_17,59.5,0.0,0.0,59.5,1.08
pp_17,70.8,0.0,0.0,70.8,1.48
pp_17,60.2,0.0,0.0,60.2,1.18
pp_17,61.8,0.0,0.0,61.8,1.27
pp_17,61.0,0.0,0.0,61.0,1.24
pp_17,56.6,10.0,0.0,66.6,1.44
pp_17,59.4,0.0,0.0,59.4,1.55
pp_17,60.7,0.0,0.0,60.7,1.49
pp_17,56.7,0.0,10.0,66.7,1.31
pp_17,67.2,0.0,0.0,67.2,0.99
pp_17,60.8,0.0,10.0,70.8,1.01
pp_17,56.7,10.0,0.0,66.7,0.86
pp_17,67.8,0.0,0.0,67.8,0.93
pp_17,61.9,0.0,10.0,71.9,0.9
pp_17,56.6,10.0,0.0,66.6,0.96
pp_17,57.6,10.0,0.0,67.6,1.07
pp_17,60.7,0.0,10.0,70.7,1.15
pp_17,57.3,10.0,0.0,67.3,1.49
pp_17,67.8,0.0,0.0,67.8,1.89
pp_17,60.7,0.0,0.0,60.7,2.31
pp_17,56.7,0.0,10.0,66.7,2.33
pp_17,58.1,0.0,0.0,58.1,2.4
pp_17,60.9,0.0,10.0,70.9,1.8
pp_17,68.1,0.0,0.0,68.1,1.75
pp_17,59.8,0.0,0.0,59.8,1.5
pp_17,61.0,0.0,0.0,61.0,1.14
pp_17,56.6,0.0,10.0,66.6,0.74
pp_reset,67.2,0.0,0.0,67.2,0.82
pp_reset,60.6,0.0,0.0,60.6,1.19
pp_reset,56.8,0.0,10.0,66.8,1.57
pp_reset,67.3,0.0,0.0,67.3,2.2
pp_reset,60.7,0.0,0.0,60.7,2.45
pp_reset,56.6,0.0,10.0,66.6,2.64
pp_reset,57.5,10.0,0.0,67.5,2.03
pp_reset,60.7,0.0,0.0,60.7,1.94
pp_reset,56.8,10.0,0.0,66.8,1.5
pp_reset,68.0,0.0,0.0,68.0,1.42
pp_reset,60.8,0.0,0.0,60.8,1.46
pp_reset,56.6,0.0,10.0,66.6,1.2
pp_reset,58.3,0.0,10.0,68.3,1.21
pp_reset,74.8,0.0,0.0,74.8,1.46
pp_reset,61.4,0.0,0.0,61.4,1.6
pp_reset,60.4,0.0,0.0,60.4,1.68
pp_reset,63.2,10.0,0.0,73.2,1.55
pp_reset,70.1,0.0,0.0,70.1,1.55
pp_reset,59.1,0.0,0.0,59.1,1.61
pp_reset,60.7,0.0,0.0,60.7,1.5
pp_reset,67.9,0.0,0.0,67.9,1.32
pp_reset,60.5,0.0,0.0,60.5,1.46
pp_reset,61.0,0.0,10.0,71.0,1.4
pp_reset,56.6,0.0,10.0,66.6,1.47
pp_reset,67.0,0.0,0.0,67.0,1.31
pp_reset,60.8,0.0,10.0,70.8,1.1
pp_reset,67.8,0.0,0.0,67.8,1.12
pp_reset,58.4,0.0,0.0,58.4,1.05
pp_reset,60.8,0.0,10.0,70.8,0.85
pp_reset,56.7,0.0,10.0,66.7,0.89
pp_reset,57.1,10.0,0.0,67.1,0.69
pp_reset,61.1,0.0,10.0,71.1,0.59
pp_reset,56.8,0.0,10.0,66.8,0.77
pp_reset,67.2,0.0,0.0,67.2,0.56
pp_reset,60.7,0.0,0.0,60.7,0.6
pp_reset,56.6,0.0,10.0,66.6,1.02
pp_reset,67.4,0.0,0.0,67.4,1.28
pp_reset,60.6,0.0,10.0,70.6,1.36
pp_reset,56.6,0.0,10.0,66.6,1.55
pp_reset,67.8,0.0,0.0,67.8,1.65
pp_reset,60.7,0.0,0.0,60.7,1.95
pp_reset,56.7,0.0,10.0,66.7,2.33
pp_reset,58.3,0.0,0.0,58.3,2.66
pp_reset,60.8,0.0,10.0,70.8,2.61
pp_reset,56.8,10.0,0.0,66.8,3.23
pp_reset,58.7,0.0,0.0,58.7,3.27
pp_reset,60.7,0.0,10.0,70.7,2.54
pp_reset,57.0,0.0,10.0,67.0,2.51
pp_reset,67.2,0.0,0.0,67.2,2.44
pp_reset,60.7,0.0,0.0,60.7,2.17
pp_reset,66.7,0.0,0.0,66.7,1.54
pp_reset,60.1,0.0,0.0,60.1,1.71
pp_reset,60.7,0.0,10.0,70.7,1.01
pp_reset,57.6,0.0,10.0,67.6,1.05
pp_reset,67.2,0.0,0.0,67.2,0.93
pp_reset,60.8,0.0,10.0,70.8,0.87
pp_reset,56.5,10.0,0.0,66.5,1.23
pp_reset,67.7,0.0,0.0,67.7,0.81
pp_reset,60.7,0.0,10.0,70.7,0.23
pp_reset,57.8,0.0,10.0,67.8,0.28
pp_reset,67.7,0.0,0.0,67.7,0.63
pp_18,61.0,0.0,10.0,71.0,0.63
pp_18,57.6,0.0,10.0,67.6,0.38
pp_18,47.9,10.0,0.0,57.9,5.56
pp_18,61.1,0.0,0.0,61.1,5.26
pp_18,58.3,0.0,10.0,68.3,4.53
pp_18,57.7,10.0,0.0,67.7,4.13
pp_18,70.7,0.0,0.0,70.7,3.31
pp_18,60.4,0.0,0.0,60.4,3.22
pp_18,62.7,0.0,10.0,72.7,2.76
pp_18,61.7,0.0,0.0,61.7,2.6
pp_18,56.5,0.0,10.0,66.5,1.86
pp_18,67.1,0.0,0.0,67.1,1.5
pp_18,60.8,0.0,0.0,60.8,0.97
pp_18,56.8,0.0,10.0,66.8,0.76
pp_18,67.2,0.0,0.0,67.2,0.8
pp_18,61.0,0.0,10.0,71.0,0.99
pp_18,56.8,0.0,10.0,66.8,1.41
pp_18,67.1,0.0,0.0,67.1,1.82
pp_18,60.9,0.0,10.0,70.9,2.32
pp_18,56.7,0.0,10.0,66.7,3.15
pp_18,48.2,10.0,0.0,58.2,3.89
pp_18,61.8,0.0,0.0,61.8,4.6
pp_18,66.8,0.0,0.0,66.8,4.83
pp_18,59.6,0.0,0.0,59.6,5.34
pp_18,60.8,0.0,0.0,60.8,5.75
pp_18,66.7,0.0,0.0,66.7,4.83
pp_18,60.9,0.0,0.0,60.9,4.95
pp_18,60.8,0.0,0.0,60.8,5.17
pp_18,56.6,0.0,10.0,66.6,4.65
pp_18,67.4,0.0,0.0,67.4,4.87
pp_18,61.1,0.0,0.0,61.1,5.26
pp_18,56.9,0.0,10.0,66.9,5.26
pp_18,57.2,0.0,10.0,67.2,6.06
pp_18,60.8,0.0,0.0,60.8,7.25
pp_18,56.7,0.0,10.0,66.7,7.62
pp_18,67.3,0.0,0.0,67.3,8.41
pp_18,60.9,0.0,0.0,60.9,9.66
pp_18,56.7,0.0,10.0,66.7,9.55
pp_18,67.5,0.0,0.0,67.5,10.49
pp_18,60.9,0.0,10.0,70.9,9.92
pp_18,66.9,0.0,0.0,66.9,10.71
pp_18,61.2,0.0,10.0,71.2,8.85
pp_18,62.4,0.0,0.0,62.4,11.54
pp_18,56.7,0.0,10.0,66.7,8.64
pp_18,67.5,0.0,0.0,67.5,7.92
pp_18,61.3,0.0,0.0,61.3,7.69
pp_18,56.9,10.0,0.0,66.9,7.89
pp_18,68.1,0.0,0.0,68.1,9.31
pp_18,60.8,0.0,10.0,70.8,10.32
pp_18,69.4,0.0,0.0,69.4,13.31
pp_18,62.9,0.0,0.0,62.9,16.39
pp_18,61.1,0.0,10.0,71.1,14.97
pp_18,68.5,0.0,0.0,68.5,15.8
pp_18,59.5,0.0,0.0,59.5,18.49
pp_18,61.0,0.0,0.0,61.0,17.51
pp_18,56.6,0.0,10.0,66.6,14.92
pp_18,67.1,0.0,0.0,67.1,13.65
pp_18,61.0,0.0,0.0,61.0,14.6
pp_18,56.6,0.0,10.0,66.6,11.61
pp_18,67.1,0.0,0.0,67.1,10.21
pp_18,60.7,0.0,10.0,70.7,8.23
pp_18,66.7,0.0,0.0,66.7,8.86
pp_18,58.5,0.0,0.0,58.5,10.47
pp_18,60.6,0.0,0.0,60.6,8.02
pp_18,66.8,0.0,0.0,66.8,5.65
pp_18,59.5,0.0,0.0,59.5,8.08
pp_18,61.3,0.0,0.0,61.3,7.2
pp_18,56.7,0.0,10.0,66.7,7.35
pp_18,56.9,0.0,10.0,66.9,10.04
pp_18,60.6,0.0,10.0,70.6,9.9
pp_18,57.3,0.0,10.0,67.3,9.69
pp_18,67.4,0.0,0.0,67.4,9.5
pp_18,61.0,0.0,10.0,71.0,9.29
pp_18,56.6,0.0,10.0,66.6,9.16
pp_18,59.1,0.0,0.0,59.1,9.05
pp_18,60.8,0.0,10.0,70.8,8.93
pp_18,67.5,0.0,0.0,67.5,8.85
pp_18,58.6,0.0,0.0,58.6,8.79
pp_18,60.8,0.0,10.0,70.8,8.71
pp_18,56.5,0.0,10.0,66.5,8.67
pp_18,67.2,0.0,0.0,67.2,8.63
pp_18,60.9,0.0,0.0,60.9,8.59
pp_18,56.6,0.0,10.0,66.6,8.55
pp_18,57.0,0.0,10.0,67.0,8.53
pp_18,60.8,0.0,10.0,70.8,8.5
pp_18,56.7,0.0,10.0,66.7,8.49
pp_18,67.3,0.0,0.0,67.3,8.47
pp_18,60.7,0.0,10.0,70.7,8.46
pp_18,56.8,0.0,10.0,66.8,8.45
pp_18,67.1,0.0,0.0,67.1,8.44
pp_18,60.9,0.0,0.0,60.9,8.43
pp_18,66.7,0.0,0.0,66.7,8.42
pp_18,58.7,0.0,0.0,58.7,8.42
pp_18,60.8,0.0,10.0,70.8,0.0
pp_18,57.4,0.0,10.0,67.4,10.04
pp_18,67.4,0.0,0.0,67.4,14.35
pp_18,60.8,0.0,0.0,60.8,18.12
pp_18,56.8,0.0,10.0,66.8,16.66
pp_18,67.2,0.0,0.0,67.2,15.72
pp_18,61.0,0.0,10.0,71.0,13.97
pp_18,69.3,0.0,0.0,69.3,13.53
pp_18,59.5,0.0,0.0,59.5,15.83
pp_18,60.7,0.0,0.0,60.7,13.61
pp_18,56.6,0.0,10.0,66.6,10.27
pp_18,67.3,0.0,0.0,67.3,9.08
pp_18,60.9,10.0,0.0,70.9,8.48
pp_18,60.5,0.0,0.0,60.5,13.03
pp_18,58.6,0.0,0.0,58.6,15.15
pp_18,60.8,0.0,0.0,60.8,16.46
pp_18,56.6,0.0,10.0,66.6,17.66
pp_18,67.4,0.0,0.0,67.4,18.01
pp_18,61.7,0.0,10.0,71.7,17.4
pp_18,57.3,0.0,10.0,67.3,18.02
pp_18,57.3,10.0,0.0,67.3,16.78
pp_18,62.9,0.0,10.0,72.9,11.93
pp_18,56.7,0.0,10.0,66.7,10.59
pp_18,67.1,0.0,0.0,67.1,9.62
pp_18,60.9,0.0,10.0,70.9,7.86
pp_18,69.3,0.0,0.0,69.3,7.85
pp_18,59.8,0.0,0.0,59.8,7.89
pp_18,60.8,0.0,0.0,60.8,7.81
pp_18,56.9,10.0,0.0,66.9,7.2
pp_18,68.0,0.0,0.0,68.0,7.03
pp_18,83.0,0.0,0.0,83.0,5.86
pp_18,101.7,0.0,10.0,111.7,6.48
pp_18,129.9,10.0,0.0,139.9,7.08
pp_18,143.6,0.0,0.0,143.6,7.0
pp_18,104.3,0.0,10.0,114.3,6.89
pp_18,90.5,0.0,10.0,100.5,5.16
pp_18,95.9,0.0,0.0,95.9,4.41
pp_18,86.2,0.0,0.0,86.2,3.84
pp_18,83.3,0.0,0.0,83.3,3.46
pp_18,80.7,0.0,0.0,80.7,3.3
pp_18,66.8,0.0,10.0,76.8,3.32
pp_18,60.4,0.0,10.0,70.4,3.49
pp_18,57.8,0.0,10.0,67.8,3.88
pp_18,67.6,0.0,0.0,67.6,3.93
pp_18,60.5,0.0,0.0,60.5,4.93
pp_18,59.9,0.0,0.0,59.9,6.14
pp_18,60.9,0.0,10.0,70.9,7.33
pp_18,56.7,0.0,10.0,66.7,9.26
pp_18,67.2,0.0,0.0,67.2,10.34
pp_18,60.8,0.0,10.0,70.8,8.49
pp_18,67.1,0.0,0.0,67.1,9.53
pp_18,59.6,0.0,0.0,59.6,9.32
pp_18,60.9,0.0,10.0,70.9,5.88
pp_18,68.3,0.0,0.0,68.3,4.12
pp_18,59.6,0.0,0.0,59.6,2.1
pp_18,61.6,0.0,10.0,71.6,1.72
pp_18,57.8,10.0,0.0,67.8,2.76
pp_18,49.1,10.0,0.0,59.1,3.18
pp_18,61.9,0.0,10.0,71.9,3.3
pp_18,57.2,0.0,10.0,67.2,3.88
pp_18,58.0,10.0,0.0,68.0,3.81
pp_18,61.7,0.0,10.0,71.7,3.86
pp_18,57.2,0.0,10.0,67.2,3.85
pp_18,67.1,0.0,0.0,67.1,3.71
pp_18,60.9,0.0,0.0,60.9,3.64
pp_18,56.7,0.0,10.0,66.7,3.26
pp_18,67.6,0.0,0.0,67.6,2.86
pp_18,60.9,0.0,0.0,60.9,2.53
pp_18,56.7,0.0,10.0,66.7,2.13
pp_18,67.3,0.0,0.0,67.3,1.69
pp_18,61.0,0.0,10.0,71.0,1.19
pp_18,68.7,0.0,0.0,68.7,1.03
pp_18,59.3,0.0,0.0,59.3,1.09
pp_18,61.9,0.0,10.0,71.9,1.07
pp_18,69.1,0.0,0.0,69.1,1.25
pp_18,58.8,0.0,0.0,58.8,1.11
pp_18,60.9,0.0,10.0,70.9,0.56
pp_18,66.9,0.0,0.0,66.9,0.28
pp_18,68.4,0.0,0.0,68.4,0.46
pp_18,62.3,0.0,10.0,72.3,1.0
pp_18,56.7,0.0,10.0,66.7,1.64
pp_18,67.7,0.0,0.0,67.7,2.4
pp_18,60.8,0.0,10.0,70.8,3.38
pp_18,69.4,0.0,0.0,69.4,5.15
pp_18,58.9,0.0,0.0,58.9,6.58
pp_18,61.1,0.0,10.0,71.1,7.0
pp_18,57.5,10.0,0.0,67.5,8.04
pp_18,57.6,10.0,0.0,67.6,7.7
pp_18,60.7,0.0,0.0,60.7,6.7
pp_18,57.1,10.0,0.0,67.1,4.69
pp_18,58.9,0.0,0.0,58.9,3.57
pp_18,60.9,0.0,0.0,60.9,2.16
pp_18,66.8,0.0,0.0,66.8,0.59
pp_18,58.7,0.0,0.0,58.7,0.24
pp_18,61.4,0.0,10.0,71.4,1.52
pp_18,57.9,0.0,10.0,67.9,2.07
pp_18,67.9,0.0,0.0,67.9,2.56
pp_18,60.8,0.0,10.0,70.8,3.22
pp_18,67.2,0.0,0.0,67.2,3.5
pp_18,60.6,0.0,0.0,60.6,3.68
pp_18,60.9,0.0,0.0,60.9,3.66
pp_18,56.7,0.0,10.0,66.7,3.65
pp_18,58.5,0.0,0.0,58.5,3.85
pp_18,62.5,0.0,10.0,72.5,3.72
pp_18,67.2,0.0,0.0,67.2,4.13
pp_18,58.3,0.0,0.0,58.3,3.88
pp_18,61.1,0.0,10.0,71.1,2.69
pp_18,57.0,0.0,10.0,67.0,3.17
pp_18,48.3,10.0,0.0,58.3,2.31
pp_18,61.0,0.0,10.0,71.0,2.27
pp_18,56.8,0.0,10.0,66.8,3.23
pp_18,48.5,10.0,0.0,58.5,3.74
pp_18,60.9,0.0,0.0,60.9,3.33
pp_18,57.1,0.0,10.0,67.1,2.72
pp_18,67.9,0.0,0.0,67.9,2.26
pp_18,60.9,0.0,0.0,60.9,2.03
pp_18,66.8,0.0,0.0,66.8,2.08
pp_18,59.2,0.0,0.0,59.2,2.43
pp_18,60.9,0.0,10.0,70.9,2.31
pp_18,68.6,0.0,0.0,68.6,2.58
pp_18,59.0,0.0,0.0,59.0,2.56
pp_18,60.9,0.0,0.0,60.9,2.29
pp_18,56.6,0.0,10.0,66.6,2.06
pp_18,68.3,0.0,0.0,68.3,2.03
pp_18,60.8,0.0,10.0,70.8,2.02
pp_18,56.7,0.0,10.0,66.7,2.32
pp_18,67.3,0.0,0.0,67.3,2.15
pp_18,63.6,0.0,10.0,73.6,2.07
pp_18,67.4,0.0,0.0,67.4,2.39
pp_18,59.2,0.0,0.0,59.2,2.57
pp_18,60.9,0.0,0.0,60.9,2.71
pp_18,56.9,0.0,10.0,66.9,3.0
pp_18,58.5,0.0,0.0,58.5,3.27
pp_18,62.2,0.0,10.0,72.2,2.81
pp_18,57.6,0.0,10.0,67.6,3.23
pp_18,58.1,10.0,0.0,68.1,3.17
pp_18,60.9,0.0,0.0,60.9,3.11
pp_18,56.7,10.0,0.0,66.7,3.15
pp_18,59.2,0.0,0.0,59.2,3.91
pp_18,61.0,0.0,10.0,71.0,5.99
pp_18,69.3,0.0,0.0,69.3,9.91
pp_18,58.9,0.0,0.0,58.9,13.18
pp_18,61.1,0.0,0.0,61.1,15.63
pp_18,56.8,0.0,10.0,66.8,16.35
pp_18,58.6,0.0,0.0,58.6,18.86
pp_18,60.8,0.0,0.0,60.8,17.35
pp_18,56.7,0.0,10.0,66.7,15.04
pp_18,59.7,0.0,0.0,59.7,16.24
pp_18,61.0,0.0,10.0,71.0,11.66
pp_18,69.0,0.0,0.0,69.0,12.41
pp_18,59.0,0.0,0.0,59.0,15.84
pp_18,61.1,0.0,10.0,71.1,11.48
pp_18,56.7,0.0,10.0,66.7,12.62
pp_18,67.8,0.0,0.0,67.8,11.55
pp_18,61.9,0.0,10.0,71.9,10.41
pp_18,57.1,0.0,10.0,67.1,11.28
pp_18,67.5,0.0,0.0,67.5,11.3
pp_18,62.0,0.0,10.0,72.0,6.93
pp_18,69.4,0.0,0.0,69.4,4.37
pp_18,58.2,0.0,10.0,68.2,1.01
pp_18,62.1,0.0,10.0,72.1,6.49
pp_18,68.5,0.0,0.0,68.5,9.64
pp_18,60.6,0.0,0.0,60.6,11.71
pp_18,60.6,0.0,0.0,60.6,12.78
pp_18,56.8,0.0,10.0,66.8,12.72
pp_18,57.3,10.0,0.0,67.3,13.48
pp_18,61.0,10.0,0.0,71.0,12.73
pp_18,60.8,0.0,0.0,60.8,14.07
pp_18,59.3,0.0,0.0,59.3,14.51
pp_18,60.9,0.0,10.0,70.9,12.0
pp_18,56.6,0.0,10.0,66.6,12.33
pp_18,67.4,0.0,0.0,67.4,11.63
pp_18,60.9,0.0,10.0,70.9,9.45
pp_18,56.6,0.0,10.0,66.6,10.03
pp_18,67.4,0.0,0.0,67.4,9.07
pp_18,61.0,0.0,0.0,61.0,8.93
pp_18,56.9,0.0,10.0,66.9,7.12
pp_18,67.5,0.0,0.0,67.5,6.58
pp_18,60.9,0.0,10.0,70.9,4.32
pp_18,56.6,10.0,0.0,66.6,4.8
pp_18,68.3,0.0,0.0,68.3,4.2
pp_18,61.2,0.0,0.0,61.2,3.56
pp_18,56.7,0.0,10.0,66.7,1.7
pp_18,57.5,10.0,0.0,67.5,1.26
pp_18,60.6,0.0,0.0,60.6,1.12
pp_18,56.8,0.0,10.0,66.8,1.31
pp_18,67.3,0.0,0.0,67.3,1.65
pp_18,73.0,0.0,0.0,73.0,2.48
pp_18,61.7,0.0,0.0,61.7,2.8
pp_18,59.4,0.0,0.0,59.4,3.7
pp_18,61.9,0.0,10.0,71.9,4.88
pp_18,58.0,10.0,0.0,68.0,5.59
pp_18,58.2,0.0,10.0,68.2,9.98
pp_18,60.7,0.0,0.0,60.7,15.73
pp_18,56.9,0.0,10.0,66.9,16.56
pp_18,67.2,0.0,0.0,67.2,16.56
pp_18,60.9,0.0,10.0,70.9,15.84
pp_18,56.7,0.0,10.0,66.7,16.16
pp_18,57.5,10.0,0.0,67.5,14.34
pp_18,61.1,0.0,10.0,71.1,13.53
pp_18,56.7,0.0,10.0,66.7,12.59
pp_18,66.8,0.0,0.0,66.8,10.99
pp_18,60.8,0.0,0.0,60.8,5.57
pp_18,56.7,0.0,10.0,66.7,2.65
pp_18,67.7,0.0,0.0,67.7,5.09
pp_18,61.9,0.0,10.0,71.9,5.9
pp_18,56.7,0.0,10.0,66.7,6.73
pp_18,57.3,0.0,10.0,67.3,7.82
pp_18,60.8,0.0,10.0,70.8,6.57
pp_18,67.6,0.0,0.0,67.6,7.46
pp_18,58.9,0.0,0.0,58.9,6.64
pp_18,61.0,0.0,10.0,71.0,5.93
pp_18,56.8,0.0,10.0,66.8,5.14
pp_18,67.5,0.0,0.0,67.5,5.26
pp_18,61.1,0.0,10.0,71.1,5.15
pp_18,67.1,0.0,0.0,67.1,5.14
pp_18,68.2,0.0,0.0,68.2,5.49
pp_18,61.0,0.0,10.0,71.0,5.86
pp_18,66.8,0.0,0.0,66.8,8.22
pp_18,59.1,0.0,0.0,59.1,10.28
pp_18,60.8,0.0,10.0,70.8,9.86
pp_18,57.4,0.0,10.0,67.4,11.19
pp_18,67.2,0.0,0.0,67.2,10.0
pp_18,60.8,0.0,10.0,70.8,6.07
pp_18,61.3,0.0,0.0,61.3,5.64
pp_18,61.0,0.0,0.0,61.0,4.06
pp_18,60.7,0.0,0.0,60.7,1.9
pp_18,56.7,0.0,0.0,56.7,0.39
pp_18,57.0,10.0,0.0,67.0,3.2
pp_18,60.7,0.0,10.0,70.7,4.75
pp_18,68.4,0.0,0.0,68.4,4.62
pp_18,59.0,0.0,0.0,59.0,4.45
pp_18,61.0,0.0,10.0,71.0,4.08
pp_18,57.4,0.0,10.0,67.4,3.78
pp_18,57.5,10.0,0.0,67.5,3.14
pp_18,60.9,0.0,10.0,70.9,2.87
pp_18,56.7,0.0,10.0,66.7,2.61
pp_18,67.7,0.0,0.0,67.7,2.25
pp_18,60.6,0.0,0.0,60.6,2.18
pp_18,56.6,0.0,10.0,66.6,2.12
pp_18,67.0,0.0,0.0,67.0,1.84
pp_18,60.7,0.0,10.0,70.7,1.74
pp_18,57.2,10.0,0.0,67.2,1.11
pp_18,58.6,0.0,0.0,58.6,0.79
pp_18,61.8,0.0,10.0,71.8,0.74
pp_18,69.5,0.0,0.0,69.5,0.16
pp_18,59.0,0.0,0.0,59.0,0.13
pp_18,61.1,0.0,0.0,61.1,0.36
pp_18,56.7,10.0,0.0,66.7,0.67
pp_18,59.3,0.0,0.0,59.3,0.98
pp_18,62.0,0.0,10.0,72.0,1.25
pp_18,56.6,0.0,10.0,66.6,1.38
pp_18,67.5,0.0,0.0,67.5,1.54
pp_18,62.0,0.0,10.0,72.0,1.3
pp_18,56.7,0.0,10.0,66.7,1.62
pp_18,57.5,10.0,0.0,67.5,2.07
pp_18,61.8,0.0,0.0,61.8,2.42
pp_18,58.6,0.0,10.0,68.6,2.72
pp_18,60.7,0.0,0.0,60.7,2.88
pp_18,60.7,0.0,0.0,60.7,3.6
pp_18,56.6,0.0,10.0,66.6,4.15
pp_18,59.6,0.0,0.0,59.6,3.72
pp_18,61.2,0.0,0.0,61.2,3.56
pp_18,68.1,0.0,0.0,68.1,2.51
pp_18,61.3,0.0,0.0,61.3,2.19
pp_18,61.3,0.0,10.0,71.3,2.46
pp_18,69.4,0.0,0.0,69.4,3.11
pp_18,60.6,0.0,0.0,60.6,2.96
pp_18,61.1,0.0,10.0,71.1,2.65
pp_18,56.9,0.0,10.0,66.9,2.31
pp_18,57.3,10.0,0.0,67.3,2.07
pp_18,61.1,0.0,0.0,61.1,1.36
pp_18,68.3,0.0,0.0,68.3,0.5
pp_18,59.6,0.0,0.0,59.6,0.78
pp_18,61.8,0.0,10.0,71.8,1.04
pp_18,68.1,0.0,0.0,68.1,1.39
pp_18,59.2,0.0,0.0,59.2,1.68
pp_18,60.4,0.0,10.0,70.4,1.83
pp_18,68.9,0.0,0.0,68.9,2.28
pp_18,63.5,0.0,10.0,73.5,2.83
pp_18,66.6,0.0,0.0,66.6,3.03
pp_18,67.2,0.0,0.0,67.2,3.46
pp_18,58.8,10.0,0.0,68.8,3.57
pp_18,67.7,0.0,0.0,67.7,4.19
pp_18,75.2,0.0,0.0,75.2,3.46
pp_18,70.1,0.0,0.0,70.1,3.06
pp_18,69.0,0.0,0.0,69.0,2.34
pp_18,65.7,0.0,10.0,75.7,1.23
pp_18,70.9,0.0,0.0,70.9,1.66
pp_18,71.0,0.0,10.0,81.0,1.38
pp_18,70.8,0.0,0.0,70.8,1.98
pp_18,71.3,0.0,10.0,81.3,2.39
pp_18,73.0,0.0,10.0,83.0,3.21
pp_18,69.2,10.0,0.0,79.2,3.88
pp_18,70.0,0.0,0.0,70.0,3.69
pp_18,70.4,0.0,10.0,80.4,4.64
pp_18,72.4,0.0,0.0,72.4,4.07
pp_18,71.3,0.0,10.0,81.3,3.47
pp_18,72.3,10.0,0.0,82.3,3.57
pp_18,71.7,0.0,0.0,71.7,3.54
pp_18,71.4,0.0,0.0,71.4,2.73
pp_18,70.1,0.0,0.0,70.1,2.06
pp_18,67.3,0.0,10.0,77.3,1.9
pp_18,57.8,0.0,10.0,67.8,2.86
pp_18,67.5,0.0,0.0,67.5,3.06
pp_18,63.8,0.0,0.0,63.8,2.61
pp_18,63.2,0.0,10.0,73.2,2.23
pp_18,63.1,10.0,0.0,73.1,1.81
pp_18,69.5,0.0,0.0,69.5,0.93
pp_18,66.9,0.0,10.0,76.9,0.76
pp_18,67.1,0.0,0.0,67.1,0.14
pp_18,70.9,0.0,0.0,70.9,0.86
pp_18,61.4,0.0,0.0,61.4,0.95
pp_18,65.6,0.0,0.0,65.6,1.19
pp_18,61.1,0.0,0.0,61.1,1.99
pp_18,60.3,0.0,0.0,60.3,2.36
pp_18,58.9,0.0,0.0,58.9,2.67
pp_18,66.7,0.0,0.0,66.7,2.7
pp_18,59.4,0.0,0.0,59.4,3.08
pp_18,61.1,0.0,10.0,71.1,2.64
pp_18,70.4,0.0,0.0,70.4,2.97
pp_18,61.1,0.0,0.0,61.1,3.17
pp_18,60.8,0.0,10.0,70.8,2.5
pp_18,68.6,0.0,0.0,68.6,2.34
pp_18,58.9,0.0,0.0,58.9,1.57
pp_18,58.7,0.0,0.0,58.7,1.67
pp_18,66.8,0.0,0.0,66.8,1.94
pp_18,59.3,0.0,0.0,59.3,2.23
pp_18,58.9,0.0,0.0,58.9,2.57
pp_18,66.6,0.0,0.0,66.6,2.77
pp_18,58.9,0.0,0.0,58.9,3.21
pp_18,59.7,0.0,0.0,59.7,3.97
pp_18,66.9,0.0,0.0,66.9,4.49
pp_18,60.3,0.0,0.0,60.3,4.85
pp_18,73.5,0.0,0.0,73.5,3.78
pp_18,70.3,0.0,0.0,70.3,2.88
pp_18,63.5,0.0,0.0,63.5,1.78
pp_18,65.2,0.0,0.0,65.2,0.48
pp_18,70.5,0.0,0.0,70.5,0.57
pp_18,63.1,0.0,10.0,73.1,0.95
pp_18,73.6,0.0,0.0,73.6,0.91
pp_18,60.8,0.0,0.0,60.8,0.67
pp_18,63.9,10.0,0.0,73.9,0.25
pp_18,68.9,0.0,0.0,68.9,0.4
pp_18,66.2,0.0,0.0,66.2,1.32
pp_18,57.7,10.0,0.0,67.7,1.11
pp_18,67.6,0.0,0.0,67.6,1.75
pp_18,61.9,0.0,0.0,61.9,1.94
pp_18,64.0,0.0,0.0,64.0,1.94
pp_18,63.5,10.0,0.0,73.5,2.3
pp_18,68.9,0.0,0.0,68.9,2.2
pp_18,59.1,0.0,0.0,59.1,2.38
pp_18,57.4,0.0,0.0,57.4,2.93
pp_18,66.7,0.0,0.0,66.7,3.82
pp_18,59.3,0.0,0.0,59.3,4.94
pp_18,65.1,0.0,0.0,65.1,5.8
pp_18,74.2,10.0,0.0,84.2,6.26
pp_18,77.3,0.0,0.0,77.3,8.18
pp_18,66.2,0.0,0.0,66.2,10.55
pp_18,63.8,10.0,0.0,73.8,8.06
pp_18,59.7,10.0,0.0,69.7,7.32
pp_18,68.3,0.0,0.0,68.3,5.15
pp_18,65.2,0.0,0.0,65.2,3.71
pp_18,59.4,0.0,0.0,59.4,3.16
pp_18,62.0,0.0,10.0,72.0,2.04
pp_18,72.5,0.0,0.0,72.5,3.55
pp_18,61.2,0.0,0.0,61.2,5.05
pp_18,58.1,0.0,0.0,58.1,5.51
pp_18,60.7,0.0,10.0,70.7,4.82
pp_18,67.4,0.0,0.0,67.4,4.6
pp_18,60.5,0.0,10.0,70.5,4.45
pp_18,71.7,0.0,0.0,71.7,4.48
pp_18,60.2,0.0,0.0,60.2,4.7
pp_18,58.0,0.0,0.0,58.0,4.51
pp_18,60.8,0.0,10.0,70.8,3.6
pp_18,57.2,0.0,10.0,67.2,3.41
pp_18,57.1,0.0,0.0,57.1,2.91
pp_18,60.9,0.0,10.0,70.9,2.52
pp_18,67.3,0.0,0.0,67.3,2.09
pp_18,57.0,0.0,0.0,57.0,1.71
pp_18,70.9,0.0,0.0,70.9,1.82
pp_18,59.7,0.0,0.0,59.7,2.56
pp_18,58.0,0.0,0.0,58.0,2.98
pp_18,60.7,0.0,10.0,70.7,3.24
pp_18,67.4,0.0,0.0,67.4,4.64
pp_18,57.0,0.0,0.0,57.0,5.71
pp_18,60.9,0.0,10.0,70.9,4.54
pp_18,67.5,0.0,0.0,67.5,5.58
pp_18,57.1,0.0,0.0,57.1,6.46
pp_18,72.4,0.0,0.0,72.4,6.05
pp_18,59.2,0.0,0.0,59.2,9.41
pp_18,57.6,0.0,0.0,57.6,10.62
pp_18,70.7,0.0,0.0,70.7,7.41
pp_18,59.3,0.0,0.0,59.3,5.17
pp_18,57.5,0.0,0.0,57.5,3.2
pp_18,60.8,0.0,10.0,70.8,2.36
pp_18,68.0,0.0,0.0,68.0,4.02
pp_18,57.1,0.0,0.0,57.1,4.95
pp_18,60.8,0.0,10.0,70.8,4.65
pp_18,67.5,0.0,0.0,67.5,5.01
pp_18,58.8,0.0,0.0,58.8,5.03
pp_18,60.7,0.0,10.0,70.7,4.78
pp_18,67.4,0.0,0.0,67.4,4.9
pp_18,57.7,0.0,0.0,57.7,4.6
pp_18,60.8,0.0,10.0,70.8,3.85
pp_18,58.7,0.0,0.0,58.7,3.11
pp_18,59.3,0.0,0.0,59.3,2.46
pp_18,60.7,10.0,0.0,70.7,1.48
pp_18,58.5,0.0,0.0,58.5,1.13
pp_18,59.1,0.0,0.0,59.1,1.43
pp_18,60.8,0.0,10.0,70.8,2.37
pp_18,67.5,0.0,0.0,67.5,4.86
pp_18,57.4,0.0,0.0,57.4,7.3
pp_18,70.9,0.0,0.0,70.9,9.12
pp_18,48.7,10.0,0.0,58.7,12.47
pp_18,56.9,0.0,0.0,56.9,14.78
pp_18,60.7,0.0,10.0,70.7,12.44
pp_18,67.2,0.0,0.0,67.2,15.2
pp_18,57.0,0.0,0.0,57.0,17.53
pp_18,60.8,0.0,10.0,70.8,12.24
pp_18,58.6,0.0,0.0,58.6,15.52
pp_18,57.1,0.0,0.0,57.1,15.02
pp_18,60.8,0.0,10.0,70.8,9.05
pp_18,67.2,0.0,0.0,67.2,9.91
pp_18,58.0,0.0,0.0,58.0,12.59
pp_18,60.6,10.0,0.0,70.6,7.28
pp_18,48.5,10.0,0.0,58.5,10.66
pp_18,57.6,0.0,0.0,57.6,9.5
pp_18,72.2,0.0,0.0,72.2,4.27
pp_18,58.5,0.0,0.0,58.5,13.37
pp_18,47.1,10.0,0.0,57.1,15.87
pp_18,70.7,0.0,0.0,70.7,10.68
pp_18,68.2,0.0,0.0,68.2,8.51
pp_18,62.1,0.0,10.0,72.1,5.62
pp_18,72.3,0.0,0.0,72.3,6.34
pp_18,61.2,0.0,0.0,61.2,8.57
pp_18,71.6,0.0,0.0,71.6,14.18
pp_18,69.6,0.0,10.0,79.6,16.91
pp_18,57.0,0.0,10.0,67.0,21.27
pp_18,77.4,0.0,0.0,77.4,17.46
pp_18,78.3,0.0,0.0,78.3,17.12
pp_18,82.2,0.0,0.0,82.2,15.78
pp_18,68.8,10.0,0.0,78.8,16.08
pp_18,66.5,10.0,0.0,76.5,15.19
pp_18,70.7,0.0,0.0,70.7,14.94
pp_18,70.4,0.0,0.0,70.4,13.09
pp_18,68.0,0.0,10.0,78.0,12.23
pp_18,75.5,0.0,0.0,75.5,9.06
pp_18,69.9,0.0,10.0,79.9,7.65
pp_18,80.9,0.0,0.0,80.9,6.84
pp_18,80.7,0.0,10.0,90.7,8.29
pp_18,82.9,0.0,10.0,92.9,9.48
pp_18,83.2,0.0,0.0,83.2,12.65
pp_18,79.8,0.0,0.0,79.8,7.38
pp_18,79.7,0.0,0.0,79.7,7.93
pp_18,87.5,0.0,0.0,87.5,7.69
pp_18,83.0,0.0,0.0,83.0,7.54
pp_18,80.5,0.0,0.0,80.5,7.41
pp_18,78.6,0.0,0.0,78.6,7.3
pp_18,83.7,0.0,10.0,93.7,7.17
pp_18,82.0,0.0,10.0,92.0,7.1
pp_18,73.2,0.0,10.0,83.2,7.05
pp_18,77.2,0.0,10.0,87.2,6.99
pp_18,74.8,0.0,10.0,84.8,6.95
pp_18,83.3,0.0,10.0,93.3,6.91
pp_18,106.2,0.0,0.0,106.2,6.88
pp_18,101.7,0.0,0.0,101.7,6.86
pp_18,72.3,0.0,0.0,72.3,6.84
pp_reset,68.1,0.0,0.0,68.1,6.82
pp_reset,74.4,0.0,0.0,74.4,6.81
pp_reset,60.2,0.0,0.0,60.2,6.8
pp_reset,48.1,0.0,10.0,58.1,6.8
pp_reset,71.9,0.0,10.0,81.9,6.78
pp_reset,79.1,0.0,0.0,79.1,6.78
pp_reset,89.2,0.0,0.0,89.2,6.77
pp_reset,89.1,0.0,10.0,99.1,6.77
pp_reset,96.3,10.0,0.0,106.3,6.76
pp_reset,84.2,0.0,0.0,84.2,6.76
pp_reset,81.7,0.0,0.0,81.7,6.76
pp_reset,78.8,0.0,0.0,78.8,6.76
pp_reset,78.3,0.0,0.0,78.3,6.76
pp_reset,82.5,0.0,0.0,82.5,6.75
pp_reset,91.6,0.0,10.0,101.6,6.75
pp_reset,94.9,0.0,10.0,104.9,6.75
pp_reset,88.4,10.0,0.0,98.4,6.75
pp_reset,74.7,0.0,0.0,74.7,6.75
pp_reset,71.6,0.0,0.0,71.6,6.75
pp_reset,79.1,0.0,10.0,89.1,6.75
pp_reset,91.7,0.0,0.0,91.7,6.75
pp_reset,68.9,10.0,0.0,78.9,0.0
pp_reset,66.6,0.0,10.0,76.6,9.67
pp_reset,65.1,0.0,10.0,75.1,12.84
pp_reset,58.7,0.0,10.0,68.7,16.34
pp_reset,66.5,0.0,0.0,66.5,16.74
pp_reset,65.3,0.0,0.0,65.3,17.06
pp_reset,60.1,0.0,0.0,60.1,18.09
pp_reset,57.5,0.0,0.0,57.5,17.28
pp_reset,60.7,0.0,10.0,70.7,11.17
pp_reset,67.2,0.0,0.0,67.2,2.9
pp_reset,60.9,0.0,10.0,70.9,2.17
pp_reset,63.1,10.0,0.0,73.1,2.13
pp_reset,58.5,0.0,10.0,68.5,2.13
pp_reset,57.6,0.0,0.0,57.6,2.13
pp_reset,60.6,0.0,10.0,70.6,2.16
pp_reset,57.1,0.0,10.0,67.1,2.18
pp_reset,47.1,10.0,0.0,57.1,2.21
pp_reset,72.2,0.0,0.0,72.2,2.24
pp_reset,69.1,0.0,0.0,69.1,2.26
pp_reset,59.1,0.0,0.0,59.1,2.29
pp_reset,60.6,0.0,10.0,70.6,2.31
pp_reset,67.2,0.0,0.0,67.2,2.33
pp_reset,47.3,10.0,0.0,57.3,2.35
pp_reset,60.7,0.0,10.0,70.7,2.36
pp_reset,66.7,0.0,0.0,66.7,2.38
pp_reset,57.1,0.0,0.0,57.1,2.39
pp_reset,70.9,0.0,0.0,70.9,2.4
pp_reset,60.1,0.0,0.0,60.1,2.4
pp_reset,58.1,0.0,0.0,58.1,2.41
pp_reset,60.8,0.0,10.0,70.8,2.42
pp_reset,67.4,0.0,10.0,77.4,2.42
pp_reset,62.6,0.0,10.0,72.6,2.43
pp_reset,73.4,0.0,0.0,73.4,2.43
pp_reset,68.3,0.0,0.0,68.3,2.43
pp_reset,58.0,0.0,0.0,58.0,2.43
pp_reset,60.6,0.0,0.0,60.6,2.44
pp_reset,67.4,0.0,0.0,67.4,2.44
pp_19,47.1,0.0,210.0,257.1,177.52
pp_19,60.7,0.0,0.0,60.7,0.0
pp_19,47.2,0.0,0.0,47.2,0.0
pp_19,47.0,10.0,0.0,57.0,0.0
pp_19,60.7,10.0,0.0,70.7,0.0
pp_19,62.1,0.0,0.0,62.1,0.0
pp_19,59.8,0.0,0.0,59.8,0.0
pp_19,60.6,0.0,10.0,70.6,0.0
pp_19,47.5,0.0,10.0,57.5,0.0
pp_19,47.3,10.0,0.0,57.3,0.0
pp_19,60.5,0.0,0.0,60.5,0.0
pp_19,57.0,0.0,0.0,57.0,0.0
pp_19,60.1,0.0,0.0,60.1,0.0
pp_19,61.2,0.0,10.0,71.2,0.0
pp_19,46.9,10.0,0.0,56.9,0.0
pp_19,47.4,0.0,10.0,57.4,0.0
pp_19,60.6,0.0,0.0,60.6,0.0
pp_19,57.8,0.0,0.0,57.8,0.0
pp_19,48.2,0.0,10.0,58.2,0.0
pp_19,60.7,0.0,10.0,70.7,0.0
pp_19,57.1,0.0,10.0,67.1,0.0
pp_19,47.7,0.0,10.0,57.7,0.0
pp_19,60.8,0.0,0.0,60.8,0.0
pp_19,47.3,0.0,10.0,57.3,0.0
pp_19,46.9,0.0,10.0,56.9,9.13
pp_19,60.7,0.0,10.0,70.7,10.64
pp_19,47.9,0.0,0.0,47.9,19.48
pp_19,47.0,0.0,10.0,57.0,17.37
pp_19,60.9,0.0,0.0,60.9,15.36
pp_19,47.7,0.0,0.0,47.7,19.37
pp_19,46.9,0.0,0.0,46.9,19.13
pp_19,60.8,0.0,0.0,60.8,13.29
pp_19,48.2,0.0,0.0,48.2,16.71
pp_19,46.6,10.0,0.0,56.6,13.68
pp_19,60.7,0.0,0.0,60.7,11.95
pp_19,47.8,0.0,0.0,47.8,7.35
pp_19,46.8,0.0,10.0,56.8,6.87
pp_19,60.8,0.0,0.0,60.8,9.71
pp_19,47.2,0.0,0.0,47.2,12.14
pp_19,56.6,0.0,0.0,56.6,11.89
pp_19,60.9,0.0,10.0,70.9,11.61
pp_19,47.4,0.0,10.0,57.4,10.8
pp_19,47.5,0.0,10.0,57.5,13.95
pp_19,60.7,0.0,0.0,60.7,15.97
pp_19,47.1,0.0,0.0,47.1,22.07
pp_19,46.9,0.0,10.0,56.9,22.03
pp_19,60.7,0.0,0.0,60.7,16.43
pp_19,46.8,0.0,0.0,46.8,20.21
pp_19,57.0,0.0,0.0,57.0,15.9
pp_19,60.5,0.0,0.0,60.5,13.7
pp_19,57.1,0.0,10.0,67.1,14.18
pp_19,47.0,10.0,0.0,57.0,13.14
pp_19,60.9,0.0,0.0,60.9,10.29
pp_19,46.8,0.0,10.0,56.8,6.04
pp_19,46.8,10.0,0.0,56.8,4.58
pp_19,60.9,0.0,10.0,70.9,3.93
pp_19,46.9,0.0,10.0,56.9,3.15
pp_19,46.9,0.0,10.0,56.9,3.41
pp_19,61.7,0.0,0.0,61.7,3.06
pp_19,57.0,0.0,0.0,57.0,2.94
pp_19,48.6,10.0,0.0,58.6,1.89
pp_19,60.5,0.0,0.0,60.5,1.61
pp_19,47.0,0.0,0.0,47.0,1.99
pp_19,46.9,0.0,10.0,56.9,2.73
pp_19,60.7,0.0,0.0,60.7,3.31
pp_19,56.9,0.0,0.0,56.9,3.35
pp_19,46.6,10.0,0.0,56.6,3.87
pp_19,62.0,0.0,0.0,62.0,3.72
pp_19,47.1,0.0,0.0,47.1,3.25
pp_19,46.8,0.0,10.0,56.8,3.17
pp_19,60.7,0.0,0.0,60.7,3.15
pp_19,47.3,0.0,0.0,47.3,2.6
pp_19,46.8,10.0,0.0,56.8,2.35
pp_19,60.8,0.0,0.0,60.8,2.15
pp_19,56.8,0.0,0.0,56.8,2.2
pp_19,57.3,0.0,0.0,57.3,1.73
pp_19,60.6,0.0,0.0,60.6,1.92
pp_19,47.3,0.0,10.0,57.3,2.71
pp_19,47.9,0.0,0.0,47.9,3.67
pp_19,61.6,0.0,0.0,61.6,4.46
pp_19,48.0,0.0,0.0,48.0,6.36
pp_19,47.1,0.0,10.0,57.1,8.89
pp_19,62.1,0.0,0.0,62.1,8.81
pp_19,47.2,0.0,0.0,47.2,8.75
pp_19,56.8,0.0,0.0,56.8,6.38
pp_19,62.2,0.0,0.0,62.2,6.56
pp_19,48.2,0.0,0.0,48.2,6.84
pp_19,57.1,0.0,0.0,57.1,5.2
pp_19,60.8,0.0,0.0,60.8,4.14
pp_19,56.8,0.0,0.0,56.8,4.09
pp_19,58.3,0.0,0.0,58.3,2.5
pp_19,60.8,0.0,0.0,60.8,2.06
pp_19,47.1,0.0,0.0,47.1,2.3
pp_19,47.1,0.0,10.0,57.1,2.59
pp_19,60.5,0.0,0.0,60.5,2.79
pp_19,57.0,0.0,0.0,57.0,1.95
pp_19,60.2,0.0,0.0,60.2,2.9
pp_19,60.9,0.0,10.0,70.9,3.59
pp_19,47.9,10.0,0.0,57.9,2.27
pp_19,58.1,0.0,0.0,58.1,2.25
pp_19,60.7,0.0,0.0,60.7,2.53
pp_19,47.5,0.0,0.0,47.5,3.84
pp_19,46.9,10.0,0.0,56.9,3.08
pp_19,60.6,0.0,0.0,60.6,3.7
pp_19,47.1,0.0,10.0,57.1,3.98
pp_19,58.2,0.0,0.0,58.2,4.46
pp_19,60.8,0.0,0.0,60.8,5.1
pp_19,58.0,0.0,0.0,58.0,5.97
pp_19,59.3,0.0,0.0,59.3,7.61
pp_19,60.7,0.0,0.0,60.7,9.93
pp_19,47.1,0.0,10.0,57.1,10.81
pp_19,57.1,0.0,0.0,57.1,11.12
pp_19,60.8,0.0,0.0,60.8,10.26
pp_19,47.2,0.0,0.0,47.2,8.73
pp_19,46.9,0.0,10.0,56.9,6.41
pp_19,60.9,0.0,10.0,70.9,6.27
pp_19,47.2,0.0,0.0,47.2,8.85
pp_19,46.9,0.0,10.0,56.9,8.8
pp_19,60.7,0.0,0.0,60.7,9.46
pp_19,47.3,0.0,0.0,47.3,9.7
pp_19,57.2,0.0,0.0,57.2,7.7
pp_19,60.8,0.0,0.0,60.8,7.07
pp_19,47.7,0.0,0.0,47.7,5.94
pp_19,46.8,0.0,10.0,56.8,3.72
pp_19,60.8,0.0,0.0,60.8,2.77
pp_19,47.3,0.0,0.0,47.3,2.66
pp_19,56.8,0.0,0.0,56.8,2.48
pp_19,60.8,0.0,0.0,60.8,2.42
pp_19,47.3,0.0,0.0,47.3,2.12
pp_19,47.0,10.0,0.0,57.0,2.24
pp_19,60.9,0.0,0.0,60.9,2.07
pp_19,46.9,0.0,10.0,56.9,1.99
pp_19,47.5,10.0,0.0,57.5,1.53
pp_19,61.3,0.0,0.0,61.3,1.31
pp_19,58.4,0.0,0.0,58.4,1.65
pp_19,58.8,0.0,0.0,58.8,1.6
pp_19,60.5,0.0,0.0,60.5,1.57
pp_19,50.1,0.0,10.0,60.1,1.94
pp_19,47.9,10.0,0.0,57.9,1.89
pp_19,60.6,0.0,0.0,60.6,1.8
pp_19,48.6,0.0,0.0,48.6,1.75
pp_19,47.1,0.0,10.0,57.1,1.65
pp_19,60.9,0.0,0.0,60.9,1.64
pp_19,47.2,0.0,0.0,47.2,1.61
pp_19,59.5,0.0,0.0,59.5,1.16
pp_19,60.6,0.0,10.0,70.6,0.68
pp_19,58.7,0.0,0.0,58.7,0.99
pp_19,58.8,0.0,0.0,58.8,1.07
pp_19,60.8,0.0,0.0,60.8,1.17
pp_19,46.9,0.0,0.0,46.9,1.5
pp_19,57.4,0.0,0.0,57.4,1.62
pp_19,63.2,0.0,0.0,63.2,0.88
pp_19,61.3,0.0,0.0,61.3,0.45
pp_19,60.9,0.0,0.0,60.9,0.46
pp_19,60.8,0.0,0.0,60.8,0.82
pp_19,47.8,0.0,0.0,47.8,1.91
pp_19,47.2,0.0,10.0,57.2,2.76
pp_19,60.8,0.0,0.0,60.8,3.01
pp_19,47.2,0.0,0.0,47.2,3.36
pp_19,47.0,0.0,10.0,57.0,2.69
pp_19,60.7,0.0,10.0,70.7,1.94
pp_19,49.4,10.0,0.0,59.4,1.65
pp_19,57.8,0.0,0.0,57.8,1.59
pp_19,60.8,0.0,0.0,60.8,1.91
pp_19,58.5,0.0,0.0,58.5,1.75
pp_19,59.4,0.0,0.0,59.4,1.93
pp_19,60.9,0.0,0.0,60.9,2.22
pp_19,59.0,0.0,0.0,59.0,4.04
pp_19,58.5,0.0,0.0,58.5,6.85
pp_19,61.0,0.0,10.0,71.0,9.33
pp_19,47.1,0.0,0.0,47.1,13.58
pp_19,57.1,0.0,0.0,57.1,12.25
pp_19,60.7,0.0,0.0,60.7,10.46
pp_19,48.2,0.0,0.0,48.2,9.06
pp_19,57.9,0.0,0.0,57.9,5.88
pp_19,60.8,0.0,0.0,60.8,4.68
pp_19,47.2,0.0,0.0,47.2,4.29
pp_19,47.4,10.0,0.0,57.4,2.39
pp_19,60.8,0.0,10.0,70.8,1.25
pp_19,48.7,0.0,0.0,48.7,1.4
pp_19,47.5,0.0,10.0,57.5,1.45
pp_19,60.9,0.0,10.0,70.9,2.55
pp_19,47.2,0.0,0.0,47.2,2.97
pp_19,47.7,10.0,0.0,57.7,3.62
pp_19,60.8,0.0,0.0,60.8,3.86
pp_19,47.3,0.0,0.0,47.3,3.93
pp_19,46.9,0.0,10.0,56.9,3.68
pp_19,60.9,0.0,0.0,60.9,3.5
pp_19,59.8,0.0,0.0,59.8,3.84
pp_19,59.0,0.0,0.0,59.0,5.03
pp_19,61.0,0.0,0.0,61.0,7.09
pp_19,47.2,0.0,0.0,47.2,8.43
pp_19,57.5,0.0,0.0,57.5,10.22
pp_19,60.9,0.0,0.0,60.9,11.76
pp_19,47.9,0.0,0.0,47.9,13.91
pp_19,57.1,0.0,0.0,57.1,11.19
pp_19,61.0,0.0,0.0,61.0,10.73
pp_19,47.2,0.0,0.0,47.2,6.47
pp_19,56.8,0.0,0.0,56.8,3.11
pp_19,60.7,0.0,0.0,60.7,5.22
pp_19,47.4,0.0,10.0,57.4,1.5
pp_19,47.6,0.0,0.0,47.6,3.81
pp_19,60.7,0.0,0.0,60.7,0.51
pp_19,46.7,10.0,0.0,56.7,1.44
pp_19,58.1,0.0,0.0,58.1,1.48
pp_19,60.8,0.0,0.0,60.8,2.16
pp_19,47.6,10.0,0.0,57.6,3.58
pp_19,60.4,0.0,0.0,60.4,2.2
pp_19,60.8,0.0,0.0,60.8,2.11
pp_19,47.1,0.0,0.0,47.1,1.83
pp_19,47.1,0.0,10.0,57.1,1.05
pp_19,61.0,0.0,10.0,71.0,0.97
pp_19,58.5,0.0,0.0,58.5,0.72
pp_19,59.8,0.0,0.0,59.8,1.71
pp_19,60.7,0.0,0.0,60.7,1.54
pp_19,47.2,0.0,10.0,57.2,2.9
pp_19,58.2,0.0,0.0,58.2,2.27
pp_19,61.0,0.0,10.0,71.0,1.89
pp_19,47.2,0.0,0.0,47.2,1.77
pp_19,47.3,0.0,10.0,57.3,1.88
pp_19,60.9,0.0,0.0,60.9,0.73
pp_19,47.0,0.0,0.0,47.0,1.7
pp_19,47.0,0.0,10.0,57.0,0.99
pp_19,60.8,0.0,10.0,70.8,0.84
pp_19,49.5,10.0,0.0,59.5,1.08
pp_19,58.4,0.0,0.0,58.4,1.24
pp_19,60.7,0.0,0.0,60.7,1.15
pp_19,47.6,0.0,10.0,57.6,1.4
pp_19,47.6,0.0,10.0,57.6,2.22
pp_19,62.0,0.0,0.0,62.0,2.52
pp_19,46.9,0.0,10.0,56.9,3.31
pp_19,47.7,0.0,10.0,57.7,4.25
pp_19,60.9,0.0,0.0,60.9,4.47
pp_19,47.9,10.0,0.0,57.9,4.04
pp_19,58.4,0.0,0.0,58.4,3.7
pp_19,62.3,0.0,0.0,62.3,3.1
pp_19,47.6,0.0,0.0,47.6,2.93
pp_19,56.9,0.0,0.0,56.9,3.05
pp_19,60.8,0.0,0.0,60.8,5.48
pp_19,47.0,0.0,10.0,57.0,5.99
pp_19,57.9,0.0,0.0,57.9,8.88
pp_19,61.0,0.0,10.0,71.0,12.34
pp_19,47.1,0.0,10.0,57.1,17.88
pp_19,57.7,0.0,0.0,57.7,9.75
pp_19,60.8,10.0,0.0,70.8,2.43
pp_19,49.6,0.0,10.0,59.6,2.53
pp_19,46.9,0.0,10.0,56.9,4.27
pp_19,60.8,0.0,0.0,60.8,6.41
pp_19,48.3,10.0,0.0,58.3,16.07
pp_19,48.9,10.0,0.0,58.9,20.78
pp_19,60.6,0.0,0.0,60.6,22.04
pp_19,57.8,0.0,0.0,57.8,24.03
pp_19,48.6,10.0,0.0,58.6,22.62
pp_19,61.1,0.0,0.0,61.1,19.91
pp_19,57.0,0.0,0.0,57.0,19.62
pp_19,57.0,0.0,0.0,57.0,14.85
pp_19,60.9,0.0,0.0,60.9,12.39
pp_19,57.1,0.0,10.0,67.1,2.57
pp_19,47.0,10.0,0.0,57.0,14.67
pp_19,60.7,0.0,10.0,70.7,20.26
pp_19,47.3,10.0,0.0,57.3,25.07
pp_19,58.2,0.0,0.0,58.2,23.5
pp_19,60.7,0.0,0.0,60.7,20.28
pp_19,56.6,0.0,0.0,56.6,11.07
pp_19,47.1,0.0,0.0,47.1,7.91
pp_19,60.7,0.0,0.0,60.7,8.0
pp_19,67.7,0.0,10.0,77.7,8.06
pp_19,54.4,0.0,10.0,64.4,8.1
pp_19,73.1,10.0,0.0,83.1,8.16
pp_19,94.1,0.0,0.0,94.1,8.21
pp_19,96.6,0.0,0.0,96.6,8.24
pp_19,111.6,0.0,0.0,111.6,8.26
pp_19,88.6,0.0,0.0,88.6,8.29
pp_19,86.9,0.0,0.0,86.9,8.3
pp_19,80.9,0.0,0.0,80.9,8.31
pp_19,80.1,0.0,0.0,80.1,8.32
pp_19,77.9,0.0,0.0,77.9,8.33
pp_19,70.0,0.0,0.0,70.0,8.34
pp_19,67.0,0.0,0.0,67.0,8.34
pp_19,66.3,0.0,0.0,66.3,8.35
pp_19,63.4,0.0,10.0,73.4,8.35
pp_19,62.4,0.0,10.0,72.4,8.36
pp_19,53.2,10.0,0.0,63.2,8.36
pp_19,60.4,0.0,0.0,60.4,0.0
pp_19,49.1,10.0,0.0,59.1,9.4
pp_19,60.6,0.0,0.0,60.6,13.92
pp_19,46.9,0.0,0.0,46.9,20.31
pp_19,56.7,0.0,0.0,56.7,17.58
pp_19,61.0,0.0,0.0,61.0,15.89
pp_19,47.0,0.0,10.0,57.0,18.63
pp_19,57.2,0.0,0.0,57.2,17.02
pp_19,60.7,0.0,0.0,60.7,14.7
pp_19,47.8,10.0,0.0,57.8,15.32
pp_19,59.4,0.0,0.0,59.4,14.11
pp_19,60.6,0.0,0.0,60.6,13.03
pp_19,47.2,0.0,10.0,57.2,14.29
pp_19,58.2,0.0,0.0,58.2,13.51
pp_19,60.9,0.0,0.0,60.9,10.17
pp_19,46.8,0.0,0.0,46.8,8.23
pp_19,57.3,0.0,0.0,57.3,8.19
pp_19,60.8,0.0,0.0,60.8,9.19
pp_19,48.2,0.0,10.0,58.2,9.49
pp_19,47.0,0.0,10.0,57.0,9.29
pp_19,60.8,0.0,0.0,60.8,9.26
pp_19,47.3,0.0,0.0,47.3,9.21
pp_19,47.0,10.0,0.0,57.0,8.02
pp_19,60.7,0.0,0.0,60.7,7.55
pp_19,48.1,0.0,10.0,58.1,7.71
pp_19,47.5,0.0,0.0,47.5,7.86
pp_19,60.8,0.0,10.0,70.8,7.98
pp_19,47.3,0.0,0.0,47.3,9.45
pp_19,47.1,0.0,10.0,57.1,8.19
pp_19,60.8,0.0,0.0,60.8,7.79
pp_19,57.9,0.0,0.0,57.9,7.08
pp_19,60.2,0.0,0.0,60.2,7.1
pp_19,60.9,0.0,0.0,60.9,6.58
pp_19,47.3,0.0,0.0,47.3,6.83
pp_19,57.0,0.0,0.0,57.0,3.86
pp_19,60.9,0.0,0.0,60.9,2.79
pp_19,48.4,0.0,0.0,48.4,2.07
pp_19,47.1,0.0,10.0,57.1,1.69
pp_19,62.1,0.0,0.0,62.1,2.39
pp_19,58.6,0.0,0.0,58.6,2.4
pp_19,48.9,10.0,0.0,58.9,2.6
pp_19,60.6,0.0,0.0,60.6,2.85
pp_19,57.0,0.0,0.0,57.0,3.19
pp_19,59.8,0.0,10.0,69.8,2.92
pp_19,60.9,0.0,10.0,70.9,2.92
pp_19,57.0,0.0,10.0,67.0,2.82
pp_19,58.7,0.0,0.0,58.7,3.14
pp_19,61.0,0.0,0.0,61.0,3.22
pp_19,47.0,0.0,10.0,57.0,3.02
pp_19,57.9,0.0,0.0,57.9,4.14
pp_19,60.7,0.0,0.0,60.7,3.95
pp_19,57.1,0.0,10.0,67.1,3.58
pp_19,47.0,0.0,0.0,47.0,3.15
pp_19,60.8,0.0,0.0,60.8,2.37
pp_19,47.6,0.0,0.0,47.6,3.22
pp_19,47.4,0.0,10.0,57.4,2.65
pp_19,60.6,0.0,0.0,60.6,2.07
pp_19,57.0,0.0,0.0,57.0,2.03
pp_19,47.1,0.0,10.0,57.1,1.42
pp_19,61.6,0.0,0.0,61.6,1.51
pp_19,47.1,0.0,10.0,57.1,1.13
pp_19,47.6,0.0,10.0,57.6,0.85
pp_19,60.9,0.0,0.0,60.9,1.35
pp_19,47.1,0.0,0.0,47.1,2.23
pp_19,57.1,0.0,0.0,57.1,2.68
pp_19,60.8,0.0,10.0,70.8,3.82
pp_19,57.3,0.0,0.0,57.3,5.52
pp_19,46.9,0.0,10.0,56.9,6.88
pp_19,60.9,0.0,0.0,60.9,7.22
pp_19,47.4,0.0,0.0,47.4,9.1
pp_19,47.1,0.0,0.0,47.1,9.95
pp_19,60.6,0.0,10.0,70.6,6.9
pp_19,56.8,0.0,0.0,56.8,8.69
pp_19,47.0,10.0,0.0,57.0,6.56
pp_19,60.6,0.0,0.0,60.6,5.79
pp_19,48.0,0.0,0.0,48.0,5.43
pp_19,47.8,0.0,10.0,57.8,2.78
pp_19,60.8,0.0,0.0,60.8,1.39
pp_19,58.0,0.0,0.0,58.0,0.76
pp_19,58.4,0.0,0.0,58.4,1.85
pp_19,61.0,0.0,0.0,61.0,2.88
pp_19,47.3,10.0,0.0,57.3,4.03
pp_19,57.3,0.0,0.0,57.3,5.01
pp_19,60.7,0.0,0.0,60.7,5.8
pp_19,48.0,0.0,0.0,48.0,6.21
pp_19,57.2,0.0,0.0,57.2,7.01
pp_19,60.9,0.0,0.0,60.9,9.26
pp_19,47.8,0.0,10.0,57.8,11.17
pp_19,48.0,0.0,10.0,58.0,14.43
pp_19,61.1,0.0,0.0,61.1,13.0
pp_19,47.1,0.0,0.0,47.1,13.15
pp_19,57.2,0.0,0.0,57.2,9.43
pp_19,60.7,0.0,0.0,60.7,7.65
pp_19,47.4,0.0,10.0,57.4,4.4
pp_19,47.5,0.0,10.0,57.5,2.84
pp_19,60.9,0.0,0.0,60.9,1.69
pp_19,57.0,0.0,0.0,57.0,0.84
pp_19,59.6,0.0,0.0,59.6,1.4
pp_19,60.9,0.0,0.0,60.9,1.96
pp_19,56.7,0.0,10.0,66.7,2.46
pp_19,47.8,0.0,10.0,57.8,2.47
pp_19,60.8,0.0,0.0,60.8,2.5
pp_19,58.8,0.0,0.0,58.8,2.94
pp_19,59.4,0.0,0.0,59.4,3.7
pp_19,60.6,0.0,0.0,60.6,4.78
pp_19,47.2,0.0,0.0,47.2,6.48
pp_19,58.4,0.0,0.0,58.4,6.28
pp_19,61.6,0.0,0.0,61.6,6.93
pp_19,59.4,0.0,0.0,59.4,7.2
pp_19,60.1,0.0,0.0,60.1,7.37
pp_19,60.6,0.0,0.0,60.6,6.76
pp_19,56.8,0.0,0.0,56.8,8.53
pp_19,47.3,0.0,10.0,57.3,7.78
pp_19,60.8,0.0,0.0,60.8,9.91
pp_19,56.8,0.0,0.0,56.8,12.65
pp_19,47.1,0.0,0.0,47.1,13.6
pp_19,60.7,0.0,0.0,60.7,11.24
pp_19,47.1,0.0,0.0,47.1,11.21
pp_19,46.7,10.0,0.0,56.7,7.83
pp_19,61.3,0.0,0.0,61.3,6.07
pp_19,47.1,0.0,10.0,57.1,4.35
pp_19,58.2,0.0,0.0,58.2,2.84
pp_19,62.0,0.0,10.0,72.0,4.1
pp_19,49.6,10.0,0.0,59.6,5.29
pp_19,58.6,0.0,0.0,58.6,5.98
pp_19,60.8,0.0,10.0,70.8,6.59
pp_19,58.2,0.0,0.0,58.2,6.85
pp_19,61.8,0.0,10.0,71.8,6.48
pp_19,60.9,0.0,0.0,60.9,6.48
pp_19,49.1,0.0,10.0,59.1,5.8
pp_19,57.7,0.0,0.0,57.7,5.8
pp_19,60.7,0.0,0.0,60.7,5.85
pp_19,48.2,10.0,0.0,58.2,5.64
pp_19,58.6,0.0,0.0,58.6,4.99
pp_19,60.9,0.0,10.0,70.9,3.9
pp_19,47.4,0.0,10.0,57.4,3.89
pp_19,47.2,0.0,10.0,57.2,2.97
pp_19,60.6,0.0,0.0,60.6,2.37
pp_19,66.9,0.0,0.0,66.9,1.8
pp_19,48.9,10.0,0.0,58.9,1.66
pp_19,60.8,0.0,0.0,60.8,1.94
pp_19,47.0,0.0,10.0,57.0,1.56
pp_19,57.2,0.0,10.0,67.2,1.04
pp_19,62.3,0.0,10.0,72.3,1.29
pp_19,49.8,0.0,10.0,59.8,1.94
pp_19,57.9,0.0,0.0,57.9,1.66
pp_19,60.7,0.0,0.0,60.7,0.92
pp_19,47.0,0.0,0.0,47.0,0.9
pp_19,47.0,0.0,10.0,57.0,1.03
pp_19,60.9,0.0,0.0,60.9,0.73
pp_19,48.3,0.0,0.0,48.3,0.4
pp_19,46.7,0.0,10.0,56.7,0.22
pp_19,60.8,0.0,0.0,60.8,0.15
pp_19,48.3,0.0,0.0,48.3,0.23
pp_19,47.4,10.0,0.0,57.4,0.34
pp_19,60.7,0.0,0.0,60.7,0.38
pp_19,47.1,10.0,0.0,57.1,0.41
pp_19,47.8,0.0,10.0,57.8,0.33
pp_19,60.9,0.0,0.0,60.9,0.65
pp_19,56.8,0.0,0.0,56.8,1.25
pp_19,57.0,0.0,0.0,57.0,1.66
pp_19,60.9,0.0,0.0,60.9,2.35
pp_19,47.4,0.0,0.0,47.4,3.46
pp_19,58.0,0.0,0.0,58.0,3.88
pp_19,60.6,0.0,0.0,60.6,4.82
pp_19,57.1,0.0,0.0,57.1,5.72
pp_19,48.9,10.0,0.0,58.9,7.14
pp_19,61.0,0.0,10.0,71.0,9.16
pp_19,47.5,0.0,10.0,57.5,10.72
pp_19,58.2,0.0,0.0,58.2,12.59
pp_19,60.5,0.0,10.0,70.5,14.04
pp_19,58.0,0.0,0.0,58.0,13.97
pp_19,59.1,0.0,0.0,59.1,14.85
pp_19,60.9,0.0,0.0,60.9,14.78
pp_19,47.9,0.0,0.0,47.9,19.26
pp_19,46.9,0.0,0.0,46.9,18.51
pp_19,60.7,0.0,0.0,60.7,12.23
pp_19,47.5,0.0,10.0,57.5,13.27
pp_19,57.7,0.0,0.0,57.7,12.32
pp_19,60.9,0.0,10.0,70.9,7.48
pp_19,47.8,0.0,0.0,47.8,14.53
pp_19,57.3,0.0,0.0,57.3,10.66
pp_19,61.2,0.0,0.0,61.2,8.73
pp_19,59.0,0.0,0.0,59.0,10.27
pp_19,58.9,0.0,0.0,58.9,9.86
pp_19,60.8,0.0,10.0,70.8,5.58
pp_19,59.6,0.0,0.0,59.6,9.81
pp_19,59.6,0.0,0.0,59.6,9.45
pp_19,60.9,0.0,0.0,60.9,8.57
pp_19,48.5,0.0,0.0,48.5,12.56
pp_19,46.8,0.0,0.0,46.8,12.5
pp_19,60.9,0.0,0.0,60.9,7.1
pp_19,57.3,0.0,10.0,67.3,6.57
pp_19,47.0,0.0,0.0,47.0,9.89
pp_19,60.6,0.0,10.0,70.6,5.74
pp_19,47.1,10.0,0.0,57.1,6.89
pp_19,48.9,10.0,0.0,58.9,9.05
pp_19,60.9,0.0,0.0,60.9,10.79
pp_19,57.0,0.0,0.0,57.0,14.02
pp_19,47.1,0.0,10.0,57.1,13.89
pp_19,60.7,0.0,0.0,60.7,12.85
pp_19,47.2,0.0,10.0,57.2,12.68
pp_19,57.4,0.0,0.0,57.4,10.38
pp_19,61.0,0.0,10.0,71.0,8.81
pp_19,47.1,0.0,0.0,47.1,7.43
pp_19,46.7,10.0,0.0,56.7,4.27
pp_19,60.9,0.0,0.0,60.9,3.34
pp_19,57.0,0.0,10.0,67.0,3.95
pp_19,47.4,0.0,10.0,57.4,4.53
pp_19,62.5,0.0,0.0,62.5,5.12
pp_19,49.3,0.0,10.0,59.3,6.23
pp_19,47.6,0.0,0.0,47.6,7.18
pp_19,60.7,0.0,0.0,60.7,7.67
pp_19,48.7,0.0,10.0,58.7,7.96
pp_19,47.4,0.0,10.0,57.4,8.29
pp_19,62.4,0.0,0.0,62.4,9.05
pp_19,48.2,0.0,0.0,48.2,9.1
pp_19,56.8,0.0,0.0,56.8,6.46
pp_19,60.5,0.0,0.0,60.5,3.66
pp_19,56.7,0.0,0.0,56.7,2.33
pp_19,46.8,10.0,0.0,56.8,3.58
pp_19,60.7,0.0,10.0,70.7,6.42
pp_19,47.2,10.0,0.0,57.2,11.23
pp_19,47.9,0.0,10.0,57.9,15.57
pp_19,62.4,0.0,10.0,72.4,14.7
pp_19,49.8,10.0,0.0,59.8,18.44
pp_19,58.0,0.0,0.0,58.0,17.37
pp_19,60.7,0.0,10.0,70.7,11.56
pp_19,56.9,0.0,0.0,56.9,12.32
pp_19,46.8,10.0,0.0,56.8,6.71
pp_19,62.4,10.0,0.0,72.4,2.36
pp_19,49.6,0.0,0.0,49.6,3.01
pp_19,47.3,0.0,10.0,57.3,0.46
pp_19,60.6,0.0,0.0,60.6,0.79
pp_19,47.2,0.0,10.0,57.2,0.6
pp_19,57.2,0.0,0.0,57.2,1.28
pp_19,60.5,0.0,0.0,60.5,0.2
pp_19,47.5,0.0,0.0,47.5,1.6
pp_19,47.0,0.0,0.0,47.0,2.85
pp_19,60.7,0.0,0.0,60.7,2.97
pp_19,57.0,0.0,0.0,57.0,4.56
pp_19,47.0,0.0,0.0,47.0,4.64
pp_19,60.9,0.0,10.0,70.9,1.38
pp_19,49.3,0.0,10.0,59.3,1.65
pp_19,49.2,10.0,0.0,59.2,1.69
pp_19,62.0,0.0,0.0,62.0,1.64
pp_19,48.2,10.0,0.0,58.2,1.52
pp_19,58.8,0.0,0.0,58.8,2.07
pp_19,60.9,0.0,0.0,60.9,2.36
pp_19,56.7,0.0,0.0,56.7,3.08
pp_19,47.2,0.0,0.0,47.2,2.66
pp_19,61.7,0.0,0.0,61.7,2.22
pp_19,56.7,0.0,10.0,66.7,2.12
pp_19,47.3,0.0,10.0,57.3,2.3
pp_19,60.9,0.0,0.0,60.9,2.94
pp_19,57.1,0.0,0.0,57.1,3.97
pp_19,47.6,10.0,0.0,57.6,4.51
pp_19,60.8,0.0,0.0,60.8,4.79
pp_19,56.9,0.0,0.0,56.9,5.01
pp_19,47.1,0.0,0.0,47.1,5.08
pp_19,60.8,0.0,0.0,60.8,4.59
pp_19,57.0,0.0,0.0,57.0,4.61
pp_19,47.7,0.0,10.0,57.7,4.3
pp_19,60.7,0.0,0.0,60.7,4.56
pp_19,56.9,0.0,0.0,56.9,5.16
pp_19,46.9,10.0,0.0,56.9,4.26
pp_19,60.9,0.0,0.0,60.9,3.87
pp_19,47.4,0.0,0.0,47.4,3.8
pp_19,47.1,0.0,0.0,47.1,3.64
pp_19,60.8,0.0,0.0,60.8,2.78
pp_19,48.2,0.0,0.0,48.2,2.38
pp_19,46.8,10.0,0.0,56.8,2.12
pp_19,60.7,0.0,0.0,60.7,2.4
pp_19,57.1,0.0,0.0,57.1,1.95
pp_19,47.0,10.0,0.0,57.0,1.33
pp_19,60.9,0.0,0.0,60.9,1.05
pp_19,57.0,0.0,0.0,57.0,2.05
pp_19,47.2,0.0,10.0,57.2,1.99
pp_19,60.6,0.0,0.0,60.6,2.23
pp_19,56.8,0.0,0.0,56.8,2.08
pp_19,47.6,0.0,0.0,47.6,1.99
pp_19,60.9,0.0,0.0,60.9,1.78
pp_19,48.0,0.0,0.0,48.0,1.96
pp_19,47.7,0.0,10.0,57.7,1.61
pp_19,61.0,0.0,0.0,61.0,1.29
pp_19,57.1,10.0,0.0,67.1,0.78
pp_19,59.3,0.0,0.0,59.3,0.7
pp_19,60.6,0.0,0.0,60.6,0.95
pp_19,57.1,0.0,10.0,67.1,0.99
pp_19,46.8,0.0,0.0,46.8,1.3
pp_19,61.2,0.0,0.0,61.2,1.95
pp_19,57.5,0.0,0.0,57.5,2.6
pp_19,47.1,10.0,0.0,57.1,2.65
pp_19,61.0,0.0,0.0,61.0,3.1
pp_19,47.1,0.0,0.0,47.1,3.69
pp_19,47.2,0.0,10.0,57.2,3.34
pp_19,60.9,0.0,0.0,60.9,3.32
pp_19,47.1,0.0,0.0,47.1,3.63
pp_19,46.9,0.0,0.0,46.9,3.7
pp_19,60.9,0.0,0.0,60.9,3.13
pp_19,58.0,10.0,0.0,68.0,2.85
pp_19,58.8,0.0,0.0,58.8,2.41
pp_19,60.8,0.0,0.0,60.8,1.81
pp_19,47.4,10.0,0.0,57.4,1.11
pp_19,58.2,0.0,0.0,58.2,1.18
pp_19,60.8,0.0,10.0,70.8,1.29
pp_19,49.5,0.0,10.0,59.5,2.61
pp_19,48.5,0.0,10.0,58.5,5.15
pp_19,61.0,0.0,10.0,71.0,6.94
pp_19,49.0,0.0,0.0,49.0,11.91
pp_19,58.4,0.0,0.0,58.4,13.37
pp_19,60.8,0.0,0.0,60.8,14.19
pp_19,48.7,10.0,0.0,58.7,14.81
pp_19,59.2,0.0,0.0,59.2,16.64
pp_19,60.9,0.0,10.0,70.9,17.08
pp_19,47.2,0.0,10.0,57.2,19.22
pp_19,57.6,0.0,0.0,57.6,18.44
pp_19,61.0,0.0,0.0,61.0,16.16
pp_19,47.8,0.0,0.0,47.8,19.41
pp_19,47.2,0.0,10.0,57.2,15.62
pp_19,61.0,0.0,0.0,61.0,13.07
pp_19,57.2,0.0,0.0,57.2,13.46
pp_19,48.5,10.0,0.0,58.5,12.62
pp_19,61.0,0.0,0.0,61.0,9.99
pp_19,49.5,0.0,10.0,59.5,10.48
pp_19,58.0,0.0,0.0,58.0,10.18
pp_19,61.0,0.0,0.0,61.0,8.22
pp_19,47.7,0.0,10.0,57.7,8.99
pp_19,47.7,0.0,10.0,57.7,8.47
pp_19,52.9,0.0,10.0,62.9,6.43
pp_19,48.6,10.0,0.0,58.6,8.16
pp_19,48.0,10.0,0.0,58.0,8.85
pp_19,60.6,0.0,0.0,60.6,9.3
pp_19,47.7,0.0,0.0,47.7,19.55
pp_19,47.0,0.0,10.0,57.0,26.61
pp_19,60.9,0.0,0.0,60.9,28.06
pp_19,47.6,0.0,0.0,47.6,32.95
pp_19,57.5,0.0,0.0,57.5,28.3
pp_19,60.8,0.0,0.0,60.8,25.05
pp_19,47.4,0.0,10.0,57.4,23.91
pp_19,57.6,0.0,0.0,57.6,22.0
pp_19,58.0,0.0,0.0,58.0,19.67
pp_19,57.2,0.0,10.0,67.2,14.75
pp_19,47.4,0.0,10.0,57.4,16.85
pp_19,57.1,0.0,0.0,57.1,15.65
pp_19,57.0,0.0,10.0,67.0,10.75
pp_19,47.9,0.0,10.0,57.9,13.11
pp_19,56.8,0.0,0.0,56.8,12.65
pp_19,49.0,10.0,0.0,59.0,10.74
pp_19,58.5,0.0,0.0,58.5,10.62
pp_19,60.4,0.0,10.0,70.4,8.03
pp_19,47.3,0.0,0.0,47.3,10.59
pp_19,47.2,0.0,0.0,47.2,8.9
pp_19,57.0,0.0,0.0,57.0,10.7
pp_19,47.2,0.0,10.0,57.2,11.3
pp_19,58.0,0.0,0.0,58.0,11.37
pp_19,58.1,0.0,0.0,58.1,11.16
pp_19,47.2,0.0,0.0,47.2,11.38
pp_19,57.0,0.0,0.0,57.0,9.56
pp_19,56.8,0.0,0.0,56.8,8.98
pp_19,48.1,0.0,0.0,48.1,8.85
pp_19,46.8,0.0,0.0,46.8,6.89
pp_19,56.8,0.0,0.0,56.8,4.38
pp_19,47.2,0.0,10.0,57.2,2.96
pp_19,47.4,10.0,0.0,57.4,2.27
pp_19,56.8,0.0,0.0,56.8,1.91
pp_19,47.2,0.0,0.0,47.2,2.04
pp_19,47.0,10.0,0.0,57.0,2.46
pp_19,56.8,0.0,0.0,56.8,2.21
pp_19,47.1,0.0,0.0,47.1,2.49
pp_19,57.9,0.0,0.0,57.9,2.77
pp_19,57.5,0.0,0.0,57.5,2.69
pp_19,48.6,0.0,10.0,58.6,2.94
pp_19,47.9,0.0,10.0,57.9,2.79
pp_19,56.9,0.0,0.0,56.9,2.69
pp_19,47.3,0.0,10.0,57.3,2.56
pp_19,59.3,0.0,0.0,59.3,2.55
pp_19,56.8,0.0,0.0,56.8,2.14
pp_19,67.0,0.0,0.0,67.0,1.69
pp_19,61.4,0.0,0.0,61.4,1.49
pp_19,58.4,0.0,0.0,58.4,1.2
pp_19,57.0,0.0,0.0,57.0,1.48
pp_19,47.3,0.0,0.0,47.3,1.77
pp_19,56.7,0.0,0.0,56.7,2.46
pp_19,67.0,0.0,0.0,67.0,3.94
pp_19,60.1,0.0,0.0,60.1,6.11
pp_19,57.0,0.0,0.0,57.0,8.26
pp_19,47.9,0.0,10.0,57.9,9.41
pp_19,59.4,0.0,0.0,59.4,10.05
pp_19,58.7,0.0,0.0,58.7,10.32
pp_19,47.2,0.0,0.0,47.2,10.39
pp_19,57.6,0.0,0.0,57.6,7.0
pp_19,62.7,0.0,0.0,62.7,6.21
pp_19,49.7,0.0,10.0,59.7,6.44
pp_19,47.9,0.0,10.0,57.9,7.0
pp_19,56.8,0.0,0.0,56.8,7.59
pp_19,48.8,0.0,0.0,48.8,7.98
pp_19,46.8,0.0,0.0,46.8,8.13
pp_19,57.9,0.0,0.0,57.9,8.56
pp_19,57.1,0.0,0.0,57.1,9.14
pp_19,57.0,0.0,0.0,57.0,9.62
pp_19,57.0,0.0,0.0,57.0,10.12
pp_19,56.6,10.0,0.0,66.6,10.52
pp_19,47.7,0.0,10.0,57.7,10.89
pp_19,56.8,0.0,0.0,56.8,11.25
pp_19,66.9,0.0,0.0,66.9,11.78
pp_19,60.2,0.0,0.0,60.2,12.39
pp_19,58.1,0.0,0.0,58.1,13.28
pp_19,56.8,0.0,0.0,56.8,14.62
pp_19,47.5,0.0,10.0,57.5,16.05
pp_19,57.2,0.0,0.0,57.2,17.88
pp_19,47.2,0.0,0.0,47.2,20.62
pp_19,46.8,0.0,0.0,46.8,22.75
pp_19,56.8,0.0,0.0,56.8,21.45
pp_19,47.2,0.0,0.0,47.2,23.19
pp_19,46.7,0.0,10.0,56.7,19.21
pp_19,56.6,0.0,0.0,56.6,17.35
pp_19,47.9,0.0,0.0,47.9,15.78
pp_19,46.9,0.0,0.0,46.9,14.2
pp_19,56.8,0.0,0.0,56.8,11.0
pp_19,56.8,0.0,0.0,56.8,10.35
pp_19,46.9,0.0,10.0,56.9,7.95
pp_19,56.7,0.0,0.0,56.7,7.12
pp_19,57.2,0.0,10.0,67.2,4.92
pp_19,59.9,0.0,0.0,59.9,3.22
pp_19,58.5,0.0,0.0,58.5,1.51
pp_19,51.8,0.0,0.0,51.8,2.0
pp_19,47.2,0.0,0.0,47.2,4.21
pp_19,56.7,0.0,0.0,56.7,5.68
pp_19,61.1,0.0,0.0,61.1,6.12
pp_19,46.8,0.0,0.0,46.8,8.39
pp_19,56.7,0.0,0.0,56.7,10.08
pp_19,60.8,0.0,0.0,60.8,12.24
pp_19,47.9,10.0,0.0,57.9,12.51
pp_19,56.8,0.0,0.0,56.8,12.21
pp_19,61.4,0.0,0.0,61.4,10.42
pp_19,47.2,0.0,10.0,57.2,6.94
pp_19,56.9,0.0,0.0,56.9,4.68
pp_19,61.3,10.0,0.0,71.3,1.57
pp_19,58.7,0.0,0.0,58.7,1.44
pp_19,58.2,0.0,0.0,58.2,2.23
pp_19,51.6,0.0,0.0,51.6,2.61
pp_19,47.1,0.0,10.0,57.1,2.44
pp_19,56.6,0.0,0.0,56.6,2.11
pp_19,52.6,10.0,0.0,62.6,1.86
pp_19,59.5,0.0,0.0,59.5,1.13
pp_19,57.3,0.0,0.0,57.3,1.14
pp_19,51.1,0.0,10.0,61.1,1.01
pp_19,59.1,0.0,0.0,59.1,2.29
pp_19,58.1,0.0,0.0,58.1,2.99
pp_19,62.1,0.0,0.0,62.1,2.99
pp_19,46.8,0.0,10.0,56.8,2.67
pp_19,56.8,0.0,0.0,56.8,2.1
pp_19,60.9,0.0,0.0,60.9,1.92
pp_19,47.0,10.0,0.0,57.0,1.94
pp_19,56.8,0.0,0.0,56.8,3.08
pp_19,53.0,0.0,10.0,63.0,4.82
pp_19,58.8,0.0,0.0,58.8,6.5
pp_19,56.6,0.0,0.0,56.6,6.69
pp_19,51.2,0.0,0.0,51.2,6.62
pp_19,57.6,0.0,0.0,57.6,4.62
pp_19,57.0,0.0,0.0,57.0,1.94
pp_19,61.1,0.0,0.0,61.1,1.37
pp_19,46.7,0.0,0.0,46.7,0.65
pp_19,56.8,0.0,0.0,56.8,2.34
pp_19,60.8,10.0,0.0,70.8,3.18
pp_19,59.3,0.0,0.0,59.3,3.48
pp_19,56.6,0.0,0.0,56.6,3.51
pp_19,61.1,0.0,0.0,61.1,3.62
pp_19,47.0,0.0,0.0,47.0,3.66
pp_19,56.8,0.0,0.0,56.8,3.41
pp_19,72.1,0.0,0.0,72.1,3.25
pp_19,73.9,0.0,0.0,73.9,3.36
pp_19,64.8,0.0,0.0,64.8,3.83
pp_19,65.9,0.0,0.0,65.9,4.0
pp_19,58.8,0.0,0.0,58.8,3.98
pp_19,59.9,0.0,0.0,59.9,3.61
pp_19,60.7,0.0,0.0,60.7,3.14
pp_19,46.8,0.0,0.0,46.8,2.77
pp_19,58.2,0.0,0.0,58.2,1.85
pp_19,51.3,0.0,0.0,51.3,2.71
pp_19,49.2,10.0,0.0,59.2,2.91
pp_19,56.7,0.0,0.0,56.7,4.45
pp_19,61.6,0.0,0.0,61.6,7.0
pp_19,47.3,0.0,0.0,47.3,11.31
pp_19,57.1,0.0,0.0,57.1,13.0
pp_19,52.3,0.0,0.0,52.3,13.64
pp_19,57.7,0.0,0.0,57.7,14.61
pp_19,59.1,0.0,0.0,59.1,15.12
pp_19,60.7,0.0,0.0,60.7,14.58
pp_19,46.9,0.0,0.0,46.9,13.6
pp_19,56.8,0.0,0.0,56.8,5.86
pp_19,60.9,0.0,0.0,60.9,1.75
pp_19,57.0,0.0,0.0,57.0,1.69
pp_19,57.6,0.0,0.0,57.6,4.73
pp_19,61.3,0.0,0.0,61.3,5.93
pp_19,59.5,0.0,0.0,59.5,7.07
pp_19,60.4,0.0,0.0,60.4,7.09
pp_19,60.8,0.0,0.0,60.8,7.09
pp_19,47.1,10.0,0.0,57.1,6.43
pp_19,56.8,0.0,0.0,56.8,5.95
pp_19,60.9,0.0,0.0,60.9,5.33
pp_19,47.2,0.0,10.0,57.2,4.41
pp_19,56.8,0.0,0.0,56.8,4.04
pp_19,51.3,0.0,0.0,51.3,4.12
pp_19,47.2,10.0,0.0,57.2,4.68
pp_19,56.9,0.0,0.0,56.9,4.49
pp_19,60.9,0.0,0.0,60.9,4.65
pp_19,47.2,10.0,0.0,57.2,4.88
pp_19,56.8,0.0,0.0,56.8,5.32
pp_19,60.7,0.0,0.0,60.7,4.75
pp_19,46.8,0.0,0.0,46.8,4.58
pp_19,57.0,0.0,0.0,57.0,4.15
pp_19,60.7,0.0,0.0,60.7,2.97
pp_19,47.9,10.0,0.0,57.9,1.11
pp_19,57.4,0.0,0.0,57.4,0.56
pp_19,61.1,0.0,0.0,61.1,0.19
pp_19,57.0,0.0,0.0,57.0,0.72
pp_19,57.3,0.0,0.0,57.3,0.16
pp_19,62.4,0.0,0.0,62.4,0.25
pp_19,59.5,0.0,0.0,59.5,0.25
pp_19,57.7,0.0,0.0,57.7,0.72
pp_19,52.3,0.0,0.0,52.3,0.88
pp_19,47.1,10.0,0.0,57.1,1.44
pp_19,57.5,0.0,0.0,57.5,1.38
pp_19,61.0,0.0,0.0,61.0,0.45
pp_19,47.0,0.0,0.0,47.0,0.77
pp_19,57.2,0.0,0.0,57.2,1.77
pp_19,60.7,0.0,0.0,60.7,3.5
pp_19,56.9,0.0,0.0,56.9,5.66
pp_19,57.7,0.0,0.0,57.7,8.35
pp_19,60.7,0.0,0.0,60.7,10.42
pp_19,59.3,0.0,10.0,69.3,10.21
pp_19,60.5,0.0,0.0,60.5,13.03
pp_19,60.8,0.0,0.0,60.8,13.16
pp_19,57.0,0.0,0.0,57.0,10.14
pp_19,58.0,0.0,0.0,58.0,8.34
pp_19,60.8,0.0,0.0,60.8,5.98
pp_19,46.9,0.0,10.0,56.9,2.79
pp_19,57.6,0.0,0.0,57.6,0.89
pp_19,60.9,0.0,0.0,60.9,0.87
pp_19,46.8,10.0,0.0,56.8,2.63
pp_19,57.8,0.0,0.0,57.8,3.28
pp_19,60.8,0.0,0.0,60.8,3.9
pp_19,47.2,10.0,0.0,57.2,4.2
pp_19,56.7,0.0,0.0,56.7,4.39
pp_19,60.7,0.0,0.0,60.7,4.41
pp_19,47.5,0.0,0.0,47.5,4.8
pp_19,56.9,0.0,0.0,56.9,5.04
pp_19,60.8,0.0,0.0,60.8,6.75
pp_19,47.4,0.0,0.0,47.4,11.19
pp_19,56.7,0.0,0.0,56.7,15.19
pp_19,60.8,10.0,0.0,70.8,14.19
pp_19,59.1,0.0,0.0,59.1,19.62
pp_19,57.9,0.0,0.0,57.9,19.49
pp_19,60.9,10.0,0.0,70.9,13.73
pp_19,48.9,10.0,0.0,58.9,17.09
pp_19,57.9,0.0,0.0,57.9,15.76
pp_19,52.2,0.0,10.0,62.2,12.03
pp_19,58.3,0.0,0.0,58.3,12.19
pp_19,57.6,0.0,0.0,57.6,11.19
pp_19,60.8,10.0,0.0,70.8,8.01
pp_19,58.8,0.0,0.0,58.8,14.11
pp_19,60.3,0.0,0.0,60.3,15.17
pp_19,60.9,0.0,0.0,60.9,15.67
pp_19,47.0,0.0,0.0,47.0,20.07
pp_19,57.1,0.0,0.0,57.1,16.58
pp_19,51.2,10.0,0.0,61.2,14.21
pp_19,58.8,0.0,0.0,58.8,14.27
pp_19,56.9,0.0,0.0,56.9,14.03
pp_19,51.9,10.0,0.0,61.9,11.53
pp_19,58.5,0.0,0.0,58.5,11.73
pp_19,57.6,0.0,0.0,57.6,11.22
pp_19,60.7,0.0,0.0,60.7,9.48
pp_19,57.1,0.0,0.0,57.1,10.15
pp_19,59.6,0.0,0.0,59.6,8.81
pp_19,51.9,0.0,10.0,61.9,7.75
pp_19,46.8,10.0,0.0,56.8,9.66
pp_19,57.1,0.0,0.0,57.1,10.03
pp_19,60.8,10.0,0.0,70.8,8.87
pp_19,48.4,10.0,0.0,58.4,14.5
pp_19,57.0,0.0,0.0,57.0,14.87
pp_19,60.7,0.0,10.0,70.7,11.02
pp_19,47.5,10.0,0.0,57.5,13.81
pp_19,56.9,0.0,0.0,56.9,12.61
pp_19,51.4,0.0,10.0,61.4,10.04
pp_19,59.1,0.0,0.0,59.1,10.37
pp_19,57.2,0.0,0.0,57.2,10.99
pp_19,51.3,0.0,0.0,51.3,13.14
pp_19,46.9,10.0,0.0,56.9,13.89
pp_19,56.8,0.0,0.0,56.8,15.9
pp_19,60.7,0.0,0.0,60.7,15.81
pp_19,57.0,10.0,0.0,67.0,15.62
pp_19,74.7,0.0,0.0,74.7,16.99
pp_19,75.7,0.0,0.0,75.7,19.23
pp_19,69.2,0.0,0.0,69.2,13.67
pp_19,57.0,10.0,0.0,67.0,12.8
pp_19,64.4,0.0,0.0,64.4,12.66
pp_19,59.6,0.0,0.0,59.6,12.55
pp_19,56.8,0.0,0.0,56.8,12.45
pp_19,60.7,10.0,0.0,70.7,12.35
pp_19,58.6,0.0,0.0,58.6,12.28
pp_19,59.5,0.0,0.0,59.5,12.23
pp_19,61.7,0.0,0.0,61.7,12.17
pp_19,59.5,0.0,0.0,59.5,12.13
pp_19,58.8,0.0,0.0,58.8,12.1
pp_19,60.9,0.0,10.0,70.9,12.08
pp_19,48.0,0.0,10.0,58.0,12.05
pp_19,56.8,0.0,0.0,56.8,12.03
pp_19,61.8,0.0,0.0,61.8,12.01
pp_19,60.3,0.0,0.0,60.3,12.0
pp_19,57.0,0.0,0.0,57.0,11.99
pp_19,60.6,0.0,0.0,60.6,11.98
pp_19,47.3,0.0,10.0,57.3,11.97
pp_19,57.3,0.0,0.0,57.3,11.96
pp_19,60.7,0.0,0.0,60.7,11.96
pp_19,46.9,0.0,0.0,46.9,11.95
pp_19,56.9,0.0,0.0,56.9,11.95
pp_19,51.8,0.0,0.0,51.8,11.94
pp_19,47.6,0.0,0.0,47.6,11.94
pp_19,58.3,0.0,0.0,58.3,11.94
pp_19,60.9,0.0,0.0,60.9,11.93
pp_19,47.7,10.0,0.0,57.7,11.93
pp_19,56.6,0.0,0.0,56.6,11.93
pp_19,60.7,0.0,0.0,60.7,11.93
pp_19,46.7,0.0,10.0,56.7,11.93
pp_19,56.8,0.0,0.0,56.8,11.93
pp_19,60.6,0.0,0.0,60.6,11.93
pp_19,47.1,0.0,0.0,47.1,11.93
pp_19,57.0,0.0,0.0,57.0,11.93
pp_19,60.7,0.0,0.0,60.7,11.93
pp_19,46.9,0.0,0.0,46.9,11.93
pp_19,56.8,0.0,0.0,56.8,11.93
pp_19,61.0,0.0,10.0,71.0,11.92
pp_19,46.9,0.0,10.0,56.9,11.92
pp_19,57.2,0.0,0.0,57.2,11.92
pp_19,51.8,10.0,0.0,61.8,11.92
pp_19,59.5,0.0,0.0,59.5,11.92
pp_19,59.6,0.0,0.0,59.6,11.92
pp_19,52.4,0.0,10.0,62.4,11.92
pp_19,46.8,0.0,0.0,46.8,11.92
pp_19,57.2,0.0,0.0,57.2,11.92
pp_19,51.6,0.0,0.0,51.6,11.92
pp_19,47.0,0.0,0.0,47.0,11.92
pp_19,57.0,0.0,0.0,57.0,11.92
pp_19,60.9,10.0,0.0,70.9,11.92
pp_19,59.7,0.0,0.0,59.7,11.92
pp_19,57.8,0.0,0.0,57.8,11.92
pp_19,60.7,0.0,0.0,60.7,11.92
pp_19,47.6,0.0,10.0,57.6,11.92
pp_19,57.0,0.0,0.0,57.0,11.92
pp_19,60.7,0.0,0.0,60.7,11.92
pp_19,46.7,0.0,10.0,56.7,11.92
pp_19,57.1,0.0,0.0,57.1,11.92
pp_19,62.4,0.0,0.0,62.4,11.92
pp_19,60.4,0.0,0.0,60.4,11.92
pp_19,57.6,0.0,0.0,57.6,11.92
pp_19,61.0,0.0,0.0,61.0,11.92
pp_19,47.0,0.0,0.0,47.0,11.92
pp_19,57.1,0.0,0.0,57.1,11.92
pp_19,60.8,0.0,10.0,70.8,11.92
pp_19,47.4,0.0,0.0,47.4,11.92
pp_19,56.9,0.0,0.0,56.9,11.92
pp_19,60.6,10.0,0.0,70.6,11.92
pp_19,58.6,0.0,0.0,58.6,11.92
pp_19,57.4,0.0,0.0,57.4,11.92
pp_19,60.8,0.0,0.0,60.8,11.92
pp_19,47.1,0.0,0.0,47.1,11.92
pp_19,57.3,0.0,0.0,57.3,11.92
pp_19,70.8,0.0,0.0,70.8,11.92
pp_19,60.4,0.0,10.0,70.4,11.92
pp_19,61.2,0.0,0.0,61.2,11.92
pp_19,60.8,0.0,0.0,60.8,11.92
pp_19,47.1,0.0,0.0,47.1,11.92
pp_19,57.3,0.0,0.0,57.3,11.92
pp_19,60.8,0.0,10.0,70.8,11.92
pp_19,49.3,10.0,0.0,59.3,11.92
pp_19,56.7,0.0,0.0,56.7,11.92
pp_19,60.7,0.0,0.0,60.7,11.92
pp_19,46.8,0.0,10.0,56.8,11.92
pp_19,56.9,0.0,0.0,56.9,11.92
pp_19,60.7,0.0,0.0,60.7,11.92
pp_19,47.0,0.0,10.0,57.0,11.92
pp_19,56.9,0.0,0.0,56.9,11.92
pp_19,60.6,0.0,0.0,60.6,11.92
pp_19,47.1,0.0,0.0,47.1,11.92
pp_19,56.9,0.0,0.0,56.9,11.92
pp_19,70.6,0.0,0.0,70.6,11.92
pp_19,60.7,0.0,0.0,60.7,11.92
pp_19,58.5,0.0,0.0,58.5,11.92
pp_19,60.9,0.0,0.0,60.9,11.92
pp_19,46.9,0.0,0.0,46.9,11.92
pp_19,56.9,0.0,0.0,56.9,11.92
pp_19,60.6,0.0,10.0,70.6,11.92
pp_19,59.8,0.0,0.0,59.8,11.92
pp_19,57.8,0.0,0.0,57.8,11.92
pp_19,61.0,0.0,10.0,71.0,11.92
pp_19,48.1,0.0,10.0,58.1,11.92
pp_19,58.3,0.0,0.0,58.3,11.92
pp_19,60.7,0.0,0.0,60.7,11.92
pp_19,46.9,0.0,0.0,46.9,11.92
pp_19,56.9,0.0,0.0,56.9,11.92
pp_19,52.0,10.0,0.0,62.0,11.92
pp_19,58.7,0.0,0.0,58.7,11.92
pp_19,57.6,0.0,0.0,57.6,11.92
pp_19,60.9,0.0,10.0,70.9,11.92
pp_19,48.3,0.0,10.0,58.3,11.92
pp_19,57.1,0.0,0.0,57.1,11.92
pp_19,60.6,0.0,0.0,60.6,11.92
pp_19,47.4,0.0,10.0,57.4,11.92
pp_19,58.4,0.0,0.0,58.4,11.92
pp_19,52.7,0.0,10.0,62.7,11.92
pp_19,59.1,0.0,0.0,59.1,11.92
pp_19,57.4,0.0,0.0,57.4,11.92
pp_19,60.5,0.0,10.0,70.5,11.92
pp_19,56.8,0.0,0.0,56.8,11.92
pp_19,57.7,0.0,0.0,57.7,11.92
pp_19,60.6,0.0,0.0,60.6,11.92
pp_19,46.9,0.0,10.0,56.9,11.92
pp_19,56.7,0.0,0.0,56.7,11.92
pp_19,51.7,10.0,0.0,61.7,11.92
pp_19,48.9,10.0,0.0,58.9,0.0
pp_19,56.7,0.0,0.0,56.7,9.64
pp_19,51.8,0.0,10.0,61.8,14.99
pp_19,59.8,0.0,0.0,59.8,17.94
pp_19,58.4,0.0,0.0,58.4,18.89
pp_19,70.5,0.0,0.0,70.5,14.28
pp_19,59.7,0.0,0.0,59.7,16.15
pp_19,58.3,0.0,0.0,58.3,10.74
pp_19,51.9,0.0,0.0,51.9,7.64
pp_19,46.7,10.0,0.0,56.7,5.9
pp_19,58.1,0.0,0.0,58.1,6.16
pp_19,60.6,10.0,0.0,70.6,5.64
pp_19,59.3,0.0,0.0,59.3,5.26
pp_reset,59.2,0.0,0.0,59.2,6.42
pp_reset,70.7,0.0,0.0,70.7,8.84
pp_reset,60.7,0.0,0.0,60.7,13.37
pp_reset,58.5,0.0,0.0,58.5,9.62
pp_reset,60.6,0.0,0.0,60.6,8.64
pp_reset,47.0,0.0,0.0,47.0,8.59
pp_reset,57.0,0.0,0.0,57.0,8.52
pp_reset,60.7,0.0,10.0,70.7,8.46
pp_reset,48.2,10.0,0.0,58.2,8.42
pp_reset,57.6,0.0,0.0,57.6,8.39
pp_reset,70.8,0.0,0.0,70.8,8.36
pp_reset,59.4,0.0,10.0,69.4,8.33
pp_reset,59.8,0.0,0.0,59.8,8.32
pp_reset,51.4,0.0,0.0,51.4,8.3
pp_reset,46.8,0.0,0.0,46.8,8.29
pp_reset,56.7,0.0,0.0,56.7,8.28
pp_reset,60.6,0.0,0.0,60.6,8.27
pp_reset,47.9,0.0,10.0,57.9,8.26
pp_reset,56.8,0.0,0.0,56.8,8.25
pp_reset,60.7,0.0,0.0,60.7,8.24
pp_reset,47.0,0.0,0.0,47.0,8.24
pp_reset,46.8,10.0,0.0,56.8,8.23
pp_reset,52.3,10.0,0.0,62.3,8.23
pp_reset,48.9,10.0,0.0,58.9,8.23
pp_reset,57.1,0.0,0.0,57.1,8.22
pp_reset,60.6,0.0,10.0,70.6,8.22
pp_reset,58.8,0.0,0.0,58.8,8.22
pp_reset,56.7,0.0,0.0,56.7,8.22
pp_reset,51.9,0.0,10.0,61.9,8.22
pp_reset,47.7,0.0,10.0,57.7,8.22
pp_reset,56.9,0.0,0.0,56.9,8.21
pp_reset,64.8,0.0,0.0,64.8,8.21
pp_reset,61.8,0.0,10.0,71.8,8.21
pp_reset,64.9,0.0,0.0,64.9,8.21
pp_reset,67.3,0.0,0.0,67.3,8.21
pp_reset,61.3,0.0,10.0,71.3,8.21
pp_reset,62.2,0.0,10.0,72.2,8.21
pp_reset,64.8,0.0,0.0,64.8,8.21
pp_reset,59.5,0.0,0.0,59.5,8.21
pp_reset,58.7,0.0,0.0,58.7,8.21
pp_reset,60.7,0.0,0.0,60.7,8.21
pp_reset,47.4,0.0,10.0,57.4,8.21
pp_reset,56.8,0.0,0.0,56.8,8.21
pp_reset,64.4,10.0,0.0,74.4,8.21
pp_reset,97.8,0.0,0.0,97.8,8.21
pp_reset,84.4,0.0,10.0,94.4,8.21
pp_reset,113.9,0.0,10.0,123.9,8.21
pp_reset,91.8,0.0,10.0,101.8,8.21
pp_reset,86.7,0.0,0.0,86.7,8.21
pp_reset,106.4,0.0,0.0,106.4,8.21
pp_reset,78.5,0.0,10.0,88.5,8.21
pp_reset,74.6,0.0,10.0,84.6,8.21
pp_reset,72.5,0.0,10.0,82.5,8.21
pp_reset,70.7,0.0,10.0,80.7,8.21
pp_reset,65.7,10.0,0.0,75.7,8.21
pp_reset,65.1,0.0,0.0,65.1,8.21
pp_reset,66.5,0.0,0.0,66.5,8.21
pp_reset,61.0,0.0,0.0,61.0,8.21
pp_20,261.3,0.0,0.0,261.3,0.23
pp_20,62.4,10.0,0.0,72.4,7.0
pp_20,59.0,0.0,0.0,59.0,5.98
pp_20,56.6,0.0,0.0,56.6,5.1
pp_20,60.7,0.0,0.0,60.7,4.35
pp_20,47.5,0.0,10.0,57.5,3.51
pp_20,57.1,0.0,0.0,57.1,2.99
pp_20,60.7,0.0,0.0,60.7,2.54
pp_20,56.8,0.0,0.0,56.8,2.03
pp_20,47.6,10.0,0.0,57.6,1.72
pp_20,60.8,0.0,0.0,60.8,1.45
pp_20,47.2,0.0,0.0,47.2,1.22
pp_20,46.7,10.0,0.0,56.7,0.96
pp_20,60.9,0.0,0.0,60.9,0.79
pp_20,47.3,0.0,10.0,57.3,0.61
pp_20,46.8,0.0,10.0,56.8,0.5
pp_20,60.6,0.0,0.0,60.6,0.41
pp_20,47.0,10.0,0.0,57.0,0.3
pp_20,57.9,0.0,0.0,57.9,0.24
pp_20,60.6,0.0,0.0,60.6,0.19
pp_20,47.4,0.0,0.0,47.4,0.15
pp_20,56.8,0.0,0.0,56.8,0.12
pp_20,60.7,0.0,0.0,60.7,0.0
pp_20,46.7,0.0,10.0,56.7,13.21
pp_20,46.7,10.0,0.0,56.7,17.51
pp_20,60.9,0.0,0.0,60.9,17.26
pp_20,47.1,0.0,0.0,47.1,22.04
pp_20,46.9,10.0,0.0,56.9,17.65
pp_20,60.9,0.0,10.0,70.9,11.52
pp_20,58.4,0.0,0.0,58.4,15.46
pp_20,57.5,0.0,0.0,57.5,14.68
pp_20,52.3,10.0,0.0,62.3,11.89
pp_20,59.3,0.0,0.0,59.3,12.13
pp_20,57.5,0.0,0.0,57.5,10.84
pp_20,60.8,0.0,0.0,60.8,7.44
pp_20,58.1,0.0,0.0,58.1,15.64
pp_20,48.2,10.0,0.0,58.2,18.3
pp_20,60.9,0.0,0.0,60.9,17.99
pp_20,46.9,0.0,0.0,46.9,21.55
pp_20,56.7,0.0,0.0,56.7,17.58
pp_20,60.6,0.0,0.0,60.6,16.05
pp_20,46.9,0.0,0.0,46.9,18.61
pp_20,56.6,0.0,0.0,56.6,14.19
pp_20,60.8,0.0,10.0,70.8,7.26
pp_20,49.4,10.0,0.0,59.4,5.23
pp_20,56.9,0.0,0.0,56.9,5.91
pp_20,60.7,0.0,0.0,60.7,6.54
pp_20,46.8,0.0,0.0,46.8,6.7
pp_20,56.8,0.0,0.0,56.8,8.38
pp_20,60.6,0.0,10.0,70.6,11.31
pp_20,58.9,0.0,0.0,58.9,12.31
pp_20,57.5,0.0,0.0,57.5,13.54
pp_20,60.6,0.0,0.0,60.6,12.15
pp_20,48.3,0.0,10.0,58.3,12.11
pp_20,56.9,0.0,0.0,56.9,10.68
pp_20,60.9,0.0,10.0,70.9,7.64
pp_20,48.2,10.0,0.0,58.2,6.95
pp_20,58.6,0.0,0.0,58.6,6.28
pp_20,60.7,0.0,0.0,60.7,4.82
pp_20,46.9,0.0,10.0,56.9,3.63
pp_20,57.8,0.0,0.0,57.8,2.88
pp_20,51.7,0.0,10.0,61.7,2.38
pp_20,48.9,10.0,0.0,58.9,2.61
pp_20,57.4,0.0,0.0,57.4,3.18
pp_20,60.6,0.0,0.0,60.6,3.77
pp_20,46.7,0.0,0.0,46.7,5.28
pp_20,47.6,10.0,0.0,57.6,6.4
pp_20,60.7,0.0,0.0,60.7,8.16
pp_20,57.0,0.0,0.0,57.0,8.58
pp_20,57.5,0.0,0.0,57.5,8.69
pp_20,51.7,0.0,0.0,51.7,8.38
pp_20,47.3,0.0,10.0,57.3,7.05
pp_20,46.9,0.0,10.0,56.9,6.75
pp_20,60.9,0.0,10.0,70.9,5.1
pp_20,48.5,0.0,10.0,58.5,5.24
pp_20,47.0,10.0,0.0,57.0,4.57
pp_20,52.5,0.0,10.0,62.5,3.95
pp_20,47.6,0.0,0.0,47.6,4.31
pp_20,56.8,0.0,0.0,56.8,4.51
pp_20,52.0,0.0,0.0,52.0,5.1
pp_20,47.3,10.0,0.0,57.3,4.88
pp_20,47.2,0.0,10.0,57.2,4.69
pp_20,60.8,0.0,0.0,60.8,3.88
pp_20,46.6,0.0,10.0,56.6,3.75
pp_20,56.8,0.0,0.0,56.8,2.45
pp_20,60.7,0.0,0.0,60.7,1.5
pp_20,58.7,0.0,0.0,58.7,1.05
pp_20,57.6,0.0,0.0,57.6,1.28
pp_20,60.6,0.0,0.0,60.6,1.63
pp_20,47.0,0.0,10.0,57.0,1.91
pp_20,58.1,0.0,10.0,68.1,2.3
pp_20,61.3,0.0,0.0,61.3,3.23
pp_20,46.8,0.0,0.0,46.8,4.65
pp_20,56.7,0.0,0.0,56.7,5.43
pp_20,60.5,0.0,0.0,60.5,6.58
pp_20,48.2,10.0,0.0,58.2,7.83
pp_20,56.8,0.0,0.0,56.8,8.82
pp_20,60.6,0.0,0.0,60.6,9.86
pp_20,47.1,10.0,0.0,57.1,8.01
pp_20,57.7,0.0,0.0,57.7,8.6
pp_20,61.0,0.0,10.0,71.0,4.5
pp_20,58.0,0.0,0.0,58.0,8.25
pp_20,63.5,0.0,0.0,63.5,6.22
pp_20,63.1,0.0,0.0,63.1,10.11
pp_20,48.8,10.0,0.0,58.8,13.8
pp_20,57.5,0.0,0.0,57.5,14.49
pp_20,60.7,0.0,0.0,60.7,13.2
pp_20,46.9,0.0,0.0,46.9,17.68
pp_20,56.9,0.0,0.0,56.9,13.77
pp_20,60.7,0.0,0.0,60.7,12.1
pp_20,46.9,10.0,0.0,56.9,13.98
pp_20,47.3,10.0,0.0,57.3,13.43
pp_20,60.8,0.0,0.0,60.8,12.1
pp_20,47.5,0.0,10.0,57.5,14.94
pp_20,46.7,0.0,10.0,56.7,12.4
pp_20,60.8,0.0,0.0,60.8,8.97
pp_20,46.9,0.0,0.0,46.9,8.23
pp_20,46.9,0.0,10.0,56.9,6.81
pp_20,60.7,0.0,0.0,60.7,8.44
pp_20,46.9,0.0,0.0,46.9,6.74
pp_20,46.8,0.0,10.0,56.8,6.55
pp_20,60.6,0.0,0.0,60.6,3.73
pp_20,47.2,0.0,10.0,57.2,2.93
pp_20,46.9,0.0,10.0,56.9,4.42
pp_20,51.9,0.0,0.0,51.9,5.19
pp_20,56.8,0.0,0.0,56.8,5.43
pp_20,58.1,0.0,0.0,58.1,5.75
pp_20,60.7,0.0,0.0,60.7,5.67
pp_20,46.8,0.0,10.0,56.8,14.25
pp_20,58.1,0.0,0.0,58.1,15.56
pp_20,60.6,0.0,10.0,70.6,12.38
pp_20,58.2,0.0,0.0,58.2,16.83
pp_20,59.1,0.0,10.0,69.1,12.56
pp_20,51.9,0.0,0.0,51.9,17.74
pp_20,57.1,0.0,0.0,57.1,16.12
pp_20,58.5,0.0,0.0,58.5,12.06
pp_20,60.9,0.0,0.0,60.9,5.59
pp_20,47.6,10.0,0.0,57.6,1.51
pp_20,57.3,0.0,0.0,57.3,4.18
pp_20,60.7,0.0,0.0,60.7,4.66
pp_20,46.8,0.0,0.0,46.8,7.4
pp_20,56.9,0.0,0.0,56.9,9.08
pp_20,61.1,0.0,0.0,61.1,14.42
pp_20,47.0,0.0,10.0,57.0,23.25
pp_20,46.6,0.0,10.0,56.6,25.03
pp_20,60.8,0.0,0.0,60.8,23.32
pp_20,47.5,0.0,0.0,47.5,24.77
pp_20,56.6,0.0,0.0,56.6,21.5
pp_20,60.7,0.0,0.0,60.7,19.8
pp_20,57.2,0.0,0.0,57.2,21.24
pp_20,57.1,0.0,0.0,57.1,20.82
pp_20,60.5,0.0,0.0,60.5,18.86
pp_20,57.3,0.0,0.0,57.3,13.47
pp_20,57.5,0.0,0.0,57.5,3.83
pp_20,60.9,0.0,0.0,60.9,3.56
pp_20,49.1,10.0,0.0,59.1,3.4
pp_20,46.8,0.0,10.0,56.8,3.75
pp_20,72.5,0.0,0.0,72.5,8.77
pp_20,71.5,0.0,0.0,71.5,14.69
pp_20,70.4,0.0,10.0,80.4,15.23
pp_20,68.4,0.0,0.0,68.4,19.15
pp_20,62.5,0.0,10.0,72.5,17.88
pp_20,59.8,0.0,10.0,69.8,17.95
pp_20,60.7,0.0,0.0,60.7,9.96
pp_20,46.7,0.0,0.0,46.7,5.34
pp_20,57.9,0.0,0.0,57.9,5.51
pp_20,60.8,0.0,0.0,60.8,5.62
pp_20,56.7,0.0,0.0,56.7,5.76
pp_20,47.5,10.0,0.0,57.5,5.84
pp_20,60.8,0.0,0.0,60.8,5.91
pp_20,46.8,10.0,0.0,56.8,6.0
pp_20,47.2,0.0,10.0,57.2,6.05
pp_20,60.7,0.0,0.0,60.7,6.09
pp_20,47.1,10.0,0.0,57.1,6.14
pp_20,56.8,0.0,0.0,56.8,6.17
pp_20,60.6,0.0,10.0,70.6,6.21
pp_20,59.0,0.0,10.0,69.0,0.01
pp_20,60.5,0.0,0.0,60.5,8.5
pp_20,60.7,0.0,0.0,60.7,13.9
pp_20,57.8,0.0,0.0,57.8,18.78
pp_20,57.7,0.0,0.0,57.7,18.86
pp_20,60.8,0.0,0.0,60.8,17.13
pp_20,47.1,0.0,0.0,47.1,21.32
pp_20,56.9,0.0,0.0,56.9,17.75
pp_20,61.0,0.0,0.0,61.0,16.11
pp_20,46.8,0.0,10.0,56.8,17.32
pp_20,47.1,10.0,0.0,57.1,17.31
pp_20,60.5,0.0,0.0,60.5,16.11
pp_20,46.9,0.0,0.0,46.9,20.03
pp_20,46.8,0.0,10.0,56.8,17.19
pp_20,60.8,0.0,0.0,60.8,16.1
pp_20,58.0,0.0,0.0,58.0,17.17
pp_20,47.6,0.0,10.0,57.6,18.06
pp_20,60.8,0.0,10.0,70.8,8.41
pp_20,48.9,10.0,0.0,58.9,5.69
pp_20,46.8,0.0,10.0,56.8,7.28
pp_20,60.9,0.0,0.0,60.9,8.68
pp_20,56.8,0.0,0.0,56.8,9.38
pp_20,57.6,0.0,0.0,57.6,9.71
pp_20,60.7,0.0,0.0,60.7,9.6
pp_20,47.5,0.0,10.0,57.5,8.66
pp_20,47.5,10.0,0.0,57.5,7.98
pp_20,60.6,0.0,10.0,70.6,6.77
pp_20,48.1,0.0,0.0,48.1,7.36
pp_20,56.9,0.0,0.0,56.9,5.43
pp_20,60.9,0.0,0.0,60.9,4.91
pp_20,47.3,0.0,0.0,47.3,4.11
pp_20,57.1,0.0,0.0,57.1,2.84
pp_20,60.8,0.0,0.0,60.8,2.95
pp_20,47.7,0.0,10.0,57.7,2.21
pp_20,47.1,10.0,0.0,57.1,2.69
pp_20,60.8,0.0,0.0,60.8,3.37
pp_20,47.0,0.0,0.0,47.0,4.07
pp_20,56.7,0.0,0.0,56.7,4.06
pp_20,60.8,0.0,0.0,60.8,4.17
pp_20,47.8,0.0,10.0,57.8,3.41
pp_20,46.7,10.0,0.0,56.7,2.79
pp_20,60.8,0.0,0.0,60.8,1.93
pp_20,46.7,0.0,0.0,46.7,1.4
pp_20,47.1,10.0,0.0,57.1,2.0
pp_20,60.5,0.0,0.0,60.5,2.34
pp_20,56.8,0.0,0.0,56.8,2.29
pp_20,58.2,0.0,0.0,58.2,2.5
pp_20,70.7,0.0,0.0,70.7,2.61
pp_20,60.7,0.0,0.0,60.7,4.04
pp_20,60.9,0.0,10.0,70.9,4.67
pp_20,52.0,0.0,10.0,62.0,5.9
pp_20,48.6,0.0,10.0,58.6,7.99
pp_20,46.9,0.0,10.0,56.9,8.4
pp_20,60.9,0.0,10.0,70.9,6.89
pp_20,47.6,0.0,10.0,57.6,8.37
pp_20,57.8,0.0,0.0,57.8,7.91
pp_20,60.7,0.0,0.0,60.7,8.49
pp_20,46.8,0.0,0.0,46.8,7.38
pp_20,56.9,0.0,0.0,56.9,4.09
pp_20,60.7,0.0,0.0,60.7,2.4
pp_20,47.0,10.0,0.0,57.0,0.69
pp_20,47.6,10.0,0.0,57.6,1.54
pp_20,60.9,0.0,10.0,70.9,2.82
pp_20,48.1,0.0,10.0,58.1,3.15
pp_20,56.9,0.0,0.0,56.9,2.96
pp_20,60.7,0.0,10.0,70.7,2.78
pp_20,49.4,10.0,0.0,59.4,2.77
pp_20,46.8,10.0,0.0,56.8,3.09
pp_20,60.6,0.0,10.0,70.6,3.03
pp_20,57.6,0.0,0.0,57.6,2.96
pp_20,57.3,0.0,0.0,57.3,2.9
pp_20,60.8,0.0,10.0,70.8,2.68
pp_20,58.1,0.0,0.0,58.1,3.02
pp_20,57.9,0.0,0.0,57.9,2.88
pp_20,61.1,0.0,0.0,61.1,2.81
pp_20,47.0,0.0,0.0,47.0,2.61
pp_20,57.1,0.0,0.0,57.1,1.77
pp_20,60.8,0.0,0.0,60.8,1.58
pp_20,56.9,0.0,10.0,66.9,1.02
pp_20,60.3,0.0,0.0,60.3,1.85
pp_20,60.7,0.0,0.0,60.7,1.95
pp_20,57.4,0.0,0.0,57.4,1.95
pp_20,58.5,0.0,0.0,58.5,2.55
pp_20,60.8,0.0,0.0,60.8,2.91
pp_20,47.0,0.0,0.0,47.0,3.66
pp_20,57.3,0.0,0.0,57.3,3.12
pp_20,61.0,0.0,0.0,61.0,2.85
pp_20,47.0,0.0,10.0,57.0,2.08
pp_20,47.5,10.0,0.0,57.5,1.28
pp_20,60.7,0.0,10.0,70.7,0.46
pp_20,59.3,0.0,0.0,59.3,0.77
pp_20,58.9,0.0,0.0,58.9,1.25
pp_20,60.6,0.0,10.0,70.6,1.96
pp_20,58.7,0.0,0.0,58.7,2.08
pp_20,58.6,0.0,0.0,58.6,2.21
pp_20,60.7,0.0,0.0,60.7,2.26
pp_20,57.5,0.0,0.0,57.5,2.23
pp_20,59.2,10.0,0.0,69.2,1.8
pp_20,53.1,0.0,0.0,53.1,1.72
pp_20,48.5,0.0,10.0,58.5,1.33
pp_20,57.8,0.0,0.0,57.8,1.09
pp_20,60.8,0.0,0.0,60.8,1.01
pp_20,48.6,10.0,0.0,58.6,1.18
pp_20,57.3,0.0,0.0,57.3,1.55
pp_20,60.8,0.0,0.0,60.8,1.98
pp_20,47.0,10.0,0.0,57.0,2.27
pp_20,47.2,0.0,10.0,57.2,2.61
pp_20,60.6,0.0,10.0,70.6,2.65
pp_20,59.7,0.0,0.0,59.7,2.85
pp_20,60.2,0.0,0.0,60.2,2.72
pp_20,60.8,0.0,0.0,60.8,2.35
pp_20,47.3,0.0,10.0,57.3,1.98
pp_20,47.0,0.0,10.0,57.0,2.64
pp_20,60.6,0.0,0.0,60.6,2.48
pp_20,47.2,0.0,0.0,47.2,3.67
pp_20,57.2,0.0,0.0,57.2,5.77
pp_20,60.9,0.0,0.0,60.9,9.49
pp_20,57.6,0.0,0.0,57.6,13.39
pp_20,59.4,0.0,0.0,59.4,16.15
pp_20,60.7,0.0,0.0,60.7,17.4
pp_20,49.2,0.0,10.0,59.2,19.33
pp_20,57.4,0.0,0.0,57.4,19.15
pp_20,60.9,0.0,0.0,60.9,16.82
pp_20,47.4,0.0,0.0,47.4,20.56
pp_20,46.9,0.0,10.0,56.9,15.75
pp_20,60.6,0.0,0.0,60.6,13.03
pp_20,47.0,0.0,0.0,47.0,16.75
pp_20,57.7,0.0,0.0,57.7,11.19
pp_20,61.5,0.0,10.0,71.5,6.09
pp_20,47.7,0.0,0.0,47.7,7.86
pp_20,47.5,0.0,10.0,57.5,4.59
pp_20,60.6,0.0,0.0,60.6,4.59
pp_20,47.3,10.0,0.0,57.3,4.78
pp_20,58.3,0.0,0.0,58.3,5.49
pp_20,60.9,0.0,0.0,60.9,4.74
pp_20,47.1,0.0,0.0,47.1,4.41
pp_20,57.9,0.0,0.0,57.9,4.82
pp_20,60.7,0.0,10.0,70.7,3.84
pp_20,59.3,0.0,10.0,69.3,3.07
pp_20,60.1,0.0,10.0,70.1,1.68
pp_20,60.8,0.0,0.0,60.8,2.36
pp_20,47.0,0.0,0.0,47.0,3.8
pp_20,47.2,10.0,10.0,67.2,2.64
pp_20,60.8,0.0,0.0,60.8,5.2
pp_20,47.2,0.0,10.0,57.2,5.68
pp_20,47.3,10.0,0.0,57.3,6.5
pp_20,61.0,0.0,10.0,71.0,5.15
pp_20,58.8,0.0,0.0,58.8,6.21
pp_20,58.2,0.0,0.0,58.2,6.69
pp_20,61.1,0.0,0.0,61.1,7.63
pp_20,48.3,0.0,10.0,58.3,7.4
pp_20,46.9,0.0,10.0,56.9,7.84
pp_20,60.7,0.0,10.0,70.7,6.41
pp_20,59.5,0.0,0.0,59.5,7.99
pp_20,61.9,0.0,10.0,71.9,7.2
pp_20,61.3,0.0,0.0,61.3,10.35
pp_20,47.1,0.0,10.0,57.1,9.07
pp_20,57.1,0.0,0.0,57.1,7.76
pp_20,60.9,0.0,0.0,60.9,5.39
pp_20,48.3,0.0,10.0,58.3,3.48
pp_20,46.8,0.0,10.0,56.8,5.43
pp_20,60.8,0.0,0.0,60.8,7.97
pp_20,47.2,0.0,0.0,47.2,10.34
pp_20,47.0,0.0,10.0,57.0,10.72
pp_20,60.8,0.0,0.0,60.8,13.89
pp_20,47.0,0.0,10.0,57.0,17.78
pp_20,46.8,0.0,10.0,56.8,20.69
pp_20,61.0,0.0,10.0,71.0,17.56
pp_20,59.4,0.0,0.0,59.4,21.14
pp_20,60.7,0.0,0.0,60.7,17.99
pp_20,60.9,0.0,0.0,60.9,15.48
pp_20,47.7,0.0,10.0,57.7,9.15
pp_20,47.7,10.0,0.0,57.7,8.89
pp_20,60.9,0.0,0.0,60.9,9.76
pp_20,48.6,10.0,0.0,58.6,12.1
pp_20,57.5,0.0,0.0,57.5,13.46
pp_20,52.4,0.0,10.0,62.4,11.37
pp_20,59.6,0.0,0.0,59.6,8.07
pp_20,47.5,10.0,0.0,57.5,5.96
pp_20,60.8,0.0,10.0,70.8,4.86
pp_20,47.6,0.0,10.0,57.6,5.51
pp_20,57.4,0.0,0.0,57.4,4.41
pp_20,60.9,0.0,0.0,60.9,4.84
pp_20,47.3,0.0,10.0,57.3,7.43
pp_20,47.0,0.0,10.0,57.0,8.47
pp_20,60.9,0.0,0.0,60.9,8.2
pp_20,46.9,10.0,0.0,56.9,7.22
pp_20,58.2,0.0,0.0,58.2,6.68
pp_20,60.7,0.0,10.0,70.7,4.9
pp_20,47.1,0.0,10.0,57.1,5.21
pp_20,47.2,0.0,10.0,57.2,7.73
pp_20,61.0,0.0,10.0,71.0,9.61
pp_20,58.2,0.0,0.0,58.2,15.28
pp_20,59.1,0.0,0.0,59.1,17.54
pp_20,52.3,0.0,10.0,62.3,17.96
pp_20,47.6,0.0,10.0,57.6,13.55
pp_20,56.9,0.0,10.0,66.9,5.59
pp_20,52.5,0.0,10.0,62.5,8.17
pp_20,48.9,0.0,10.0,58.9,10.63
pp_20,56.8,0.0,0.0,56.8,11.14
pp_20,60.9,0.0,0.0,60.9,9.58
pp_20,47.2,0.0,10.0,57.2,7.54
pp_20,57.1,0.0,10.0,67.1,6.68
pp_20,61.1,0.0,0.0,61.1,6.48
pp_20,46.9,0.0,10.0,56.9,2.07
pp_20,47.4,10.0,0.0,57.4,4.35
pp_20,60.9,0.0,0.0,60.9,6.73
pp_20,47.4,0.0,10.0,57.4,9.08
pp_20,57.0,0.0,0.0,57.0,12.99
pp_20,60.9,0.0,0.0,60.9,14.09
pp_20,47.0,0.0,0.0,47.0,17.45
pp_20,47.0,0.0,10.0,57.0,15.18
pp_20,60.8,0.0,0.0,60.8,13.85
pp_20,47.2,0.0,10.0,57.2,15.67
pp_20,46.9,0.0,10.0,56.9,7.03
pp_20,60.9,0.0,0.0,60.9,4.36
pp_20,48.2,10.0,0.0,58.2,4.65
pp_20,47.4,10.0,0.0,57.4,4.84
pp_20,60.7,0.0,0.0,60.7,5.01
pp_20,47.1,0.0,10.0,57.1,5.19
pp_20,57.1,0.0,0.0,57.1,5.31
pp_20,60.9,0.0,0.0,60.9,5.41
pp_20,47.2,0.0,10.0,57.2,5.53
pp_20,46.8,0.0,10.0,56.8,5.6
pp_20,60.8,0.0,0.0,60.8,5.66
pp_20,47.0,0.0,10.0,57.0,5.73
pp_20,46.9,0.0,10.0,56.9,5.77
pp_20,60.7,0.0,0.0,60.7,5.81
pp_20,47.2,0.0,10.0,57.2,5.85
pp_20,57.0,0.0,0.0,57.0,5.87
pp_20,61.0,0.0,0.0,61.0,0.0
pp_20,47.1,0.0,0.0,47.1,13.23
pp_20,57.4,0.0,0.0,57.4,16.28
pp_20,60.7,0.0,0.0,60.7,16.95
pp_20,57.7,0.0,0.0,57.7,19.65
pp_20,58.1,0.0,0.0,58.1,20.49
pp_20,70.9,0.0,0.0,70.9,17.41
pp_20,62.7,0.0,10.0,72.7,17.46
pp_20,62.6,10.0,0.0,72.6,17.06
pp_20,53.1,0.0,10.0,63.1,19.26
pp_20,47.9,0.0,10.0,57.9,19.52
pp_20,47.0,0.0,10.0,57.0,18.63
pp_20,52.3,0.0,10.0,62.3,12.66
pp_20,60.0,0.0,10.0,70.0,7.57
pp_20,61.7,0.0,10.0,71.7,5.96
pp_20,52.5,0.0,10.0,62.5,6.87
pp_20,49.0,10.0,0.0,59.0,10.71
pp_20,59.2,10.0,0.0,69.2,12.23
pp_20,63.0,0.0,0.0,63.0,11.16
pp_20,64.4,0.0,10.0,74.4,10.0
pp_20,54.1,10.0,0.0,64.1,10.96
pp_20,52.9,0.0,0.0,52.9,14.83
pp_20,59.7,0.0,0.0,59.7,13.18
pp_20,58.6,0.0,0.0,58.6,13.18
pp_20,57.2,0.0,0.0,57.2,12.93
pp_20,56.9,0.0,10.0,66.9,8.37
pp_20,57.0,0.0,0.0,57.0,4.93
pp_20,57.0,0.0,0.0,57.0,1.56
pp_20,47.5,0.0,0.0,47.5,2.3
pp_20,57.1,0.0,0.0,57.1,6.68
pp_20,56.7,0.0,0.0,56.7,9.07
pp_20,57.1,0.0,0.0,57.1,11.13
pp_20,56.8,0.0,0.0,56.8,11.73
pp_20,56.8,0.0,0.0,56.8,11.39
pp_20,48.0,0.0,10.0,58.0,10.03
pp_20,47.3,10.0,0.0,57.3,9.87
pp_20,56.8,0.0,0.0,56.8,10.04
pp_20,47.2,0.0,0.0,47.2,10.16
pp_20,47.1,10.0,0.0,57.1,8.22
pp_20,56.9,0.0,0.0,56.9,6.82
pp_20,47.2,10.0,0.0,57.2,4.3
pp_20,60.1,0.0,10.0,70.1,2.06
pp_20,64.7,0.0,0.0,64.7,1.06
pp_20,61.0,0.0,0.0,61.0,0.62
pp_20,58.6,0.0,0.0,58.6,0.5
pp_20,57.1,0.0,0.0,57.1,0.6
pp_20,47.0,0.0,0.0,47.0,0.66
pp_20,47.1,0.0,10.0,57.1,0.54
pp_20,57.0,0.0,0.0,57.0,0.63
pp_20,46.9,0.0,10.0,56.9,0.38
pp_20,57.2,0.0,0.0,57.2,0.22
pp_20,57.0,0.0,0.0,57.0,0.45
pp_20,47.1,0.0,0.0,47.1,0.91
pp_20,47.0,0.0,10.0,57.0,1.26
pp_20,57.0,0.0,0.0,57.0,1.49
pp_20,47.0,0.0,0.0,47.0,1.63
pp_20,47.1,0.0,10.0,57.1,1.68
pp_20,57.1,0.0,0.0,57.1,1.87
pp_20,47.0,0.0,10.0,57.0,1.86
pp_20,47.1,10.0,0.0,57.1,1.97
pp_20,57.3,0.0,0.0,57.3,1.52
pp_20,47.0,0.0,10.0,57.0,0.24
pp_20,57.1,0.0,0.0,57.1,0.86
pp_20,56.9,0.0,0.0,56.9,2.58
pp_20,56.9,0.0,0.0,56.9,4.88
pp_20,56.8,0.0,0.0,56.8,7.92
pp_20,59.2,0.0,0.0,59.2,12.82
pp_20,47.1,10.0,0.0,57.1,14.34
pp_20,57.4,0.0,0.0,57.4,11.9
pp_20,58.0,0.0,0.0,58.0,8.27
pp_20,47.0,0.0,10.0,57.0,2.97
pp_20,57.4,0.0,0.0,57.4,0.69
pp_20,57.1,0.0,0.0,57.1,1.71
pp_20,46.9,0.0,10.0,56.9,3.28
pp_20,57.9,0.0,0.0,57.9,3.88
pp_20,57.3,0.0,0.0,57.3,4.11
pp_20,46.9,0.0,10.0,56.9,3.58
pp_20,47.3,0.0,10.0,57.3,2.57
pp_20,56.8,0.0,0.0,56.8,1.27
pp_20,46.9,0.0,10.0,56.9,0.37
pp_20,47.1,0.0,10.0,57.1,1.75
pp_20,56.7,0.0,0.0,56.7,2.85
pp_20,48.0,0.0,10.0,58.0,4.0
pp_20,47.0,10.0,0.0,57.0,6.93
pp_20,57.1,0.0,0.0,57.1,7.99
pp_20,47.1,0.0,0.0,47.1,11.13
pp_20,47.2,0.0,10.0,57.2,12.1
pp_20,56.7,0.0,0.0,56.7,13.8
pp_20,47.0,0.0,0.0,47.0,18.24
pp_20,57.3,0.0,0.0,57.3,15.74
pp_20,57.3,0.0,0.0,57.3,15.95
pp_20,47.0,0.0,10.0,57.0,15.75
pp_20,57.2,0.0,0.0,57.2,14.94
pp_20,56.8,0.0,0.0,56.8,14.34
pp_20,57.1,0.0,0.0,57.1,13.98
pp_20,59.7,0.0,0.0,59.7,12.46
pp_20,57.4,0.0,0.0,57.4,12.49
pp_20,67.7,0.0,0.0,67.7,8.8
pp_20,59.8,0.0,10.0,69.8,9.1
pp_20,59.9,0.0,10.0,69.9,2.21
pp_20,47.7,0.0,0.0,47.7,3.0
pp_20,46.9,10.0,0.0,56.9,2.7
pp_20,56.8,0.0,0.0,56.8,2.49
pp_20,50.9,0.0,10.0,60.9,2.27
pp_20,57.1,0.0,0.0,57.1,2.14
pp_20,57.5,0.0,0.0,57.5,2.03
pp_20,51.4,0.0,10.0,61.4,1.91
pp_20,46.8,0.0,10.0,56.8,1.84
pp_20,57.0,0.0,0.0,57.0,1.78
pp_20,51.1,0.0,10.0,61.1,1.71
pp_20,56.8,0.0,0.0,56.8,1.67
pp_20,56.7,0.0,0.0,56.7,1.64
pp_20,61.0,0.0,0.0,61.0,1.61
pp_20,58.4,0.0,0.0,58.4,1.58
pp_20,56.7,0.0,0.0,56.7,1.57
pp_20,50.6,0.0,10.0,60.6,1.55
pp_20,47.1,0.0,10.0,57.1,1.53
pp_20,56.7,0.0,0.0,56.7,1.52
pp_20,51.0,0.0,10.0,61.0,1.51
pp_20,56.9,0.0,0.0,56.9,1.5
pp_20,56.8,0.0,0.0,56.8,1.5
pp_20,61.0,0.0,0.0,61.0,1.49
pp_20,59.8,0.0,0.0,59.8,1.49
pp_20,58.1,0.0,0.0,58.1,1.48
pp_20,50.8,10.0,0.0,60.8,1.48
pp_20,57.1,0.0,0.0,57.1,1.48
pp_20,57.1,0.0,0.0,57.1,1.48
pp_20,61.2,0.0,0.0,61.2,1.47
pp_20,47.8,10.0,0.0,57.8,1.47
pp_20,56.8,0.0,0.0,56.8,0.0
pp_20,51.0,0.0,0.0,51.0,10.82
pp_20,57.0,0.0,0.0,57.0,16.52
pp_20,57.9,0.0,0.0,57.9,18.41
pp_20,51.1,0.0,10.0,61.1,18.28
pp_20,58.6,0.0,10.0,68.6,16.11
pp_20,58.6,0.0,0.0,58.6,18.6
pp_20,62.0,0.0,0.0,62.0,16.26
pp_20,58.3,0.0,0.0,58.3,16.38
pp_20,57.0,0.0,0.0,57.0,15.41
pp_20,51.0,0.0,10.0,61.0,12.32
pp_20,57.1,0.0,0.0,57.1,12.61
pp_20,57.5,0.0,0.0,57.5,11.49
pp_20,50.8,0.0,0.0,50.8,12.46
pp_20,57.8,0.0,0.0,57.8,9.3
pp_20,56.9,0.0,0.0,56.9,9.15
pp_20,50.7,0.0,10.0,60.7,7.48
pp_20,56.9,0.0,0.0,56.9,8.71
pp_20,57.1,0.0,0.0,57.1,8.77
pp_20,51.2,0.0,0.0,51.2,11.26
pp_20,46.9,0.0,10.0,56.9,10.8
pp_20,67.2,0.0,0.0,67.2,9.11
pp_20,51.2,0.0,10.0,61.2,12.96
pp_20,56.8,0.0,0.0,56.8,14.82
pp_20,58.8,0.0,0.0,58.8,14.04
pp_20,61.3,0.0,0.0,61.3,13.55
pp_20,58.9,0.0,0.0,58.9,14.17
pp_20,57.7,0.0,0.0,57.7,13.98
pp_20,51.0,0.0,0.0,51.0,15.3
pp_20,57.2,0.0,0.0,57.2,12.69
pp_20,56.9,0.0,0.0,56.9,11.99
pp_20,51.2,10.0,0.0,61.2,10.62
pp_20,58.8,0.0,10.0,68.8,8.59
pp_20,61.3,0.0,0.0,61.3,10.15
pp_20,51.4,10.0,0.0,61.4,10.23
pp_20,47.0,10.0,0.0,57.0,10.78
pp_20,56.9,0.0,0.0,56.9,9.52
pp_20,52.3,10.0,0.0,62.3,7.01
pp_20,58.7,0.0,0.0,58.7,7.81
pp_20,57.2,0.0,0.0,57.2,7.87
pp_20,51.1,0.0,10.0,61.1,6.29
pp_20,57.0,0.0,10.0,67.0,5.0
pp_20,57.7,0.0,0.0,57.7,7.41
pp_20,51.0,0.0,10.0,61.0,7.3
pp_20,47.0,10.0,0.0,57.0,8.98
pp_20,56.8,0.0,0.0,56.8,9.09
pp_20,51.1,0.0,0.0,51.1,10.46
pp_20,56.6,0.0,0.0,56.6,6.64
pp_20,57.7,0.0,0.0,57.7,4.39
pp_20,50.7,0.0,0.0,50.7,3.91
pp_20,57.1,0.0,0.0,57.1,4.91
pp_20,56.8,0.0,0.0,56.8,5.47
pp_20,51.2,0.0,10.0,61.2,7.07
pp_20,46.7,0.0,10.0,56.7,8.01
pp_20,56.7,0.0,0.0,56.7,9.29
pp_20,51.2,0.0,0.0,51.2,10.05
pp_20,47.3,0.0,10.0,57.3,10.57
pp_20,56.6,0.0,0.0,56.6,10.71
pp_20,51.8,0.0,10.0,61.8,10.16
pp_20,47.0,0.0,10.0,57.0,10.39
pp_20,57.1,0.0,0.0,57.1,9.29
pp_20,50.9,0.0,10.0,60.9,7.54
pp_20,58.3,0.0,0.0,58.3,8.02
pp_20,57.2,0.0,0.0,57.2,8.14
pp_20,51.1,0.0,0.0,51.1,8.04
pp_20,47.0,0.0,10.0,57.0,7.79
pp_20,56.8,0.0,0.0,56.8,8.25
pp_20,50.9,10.0,0.0,60.9,6.87
pp_20,47.7,10.0,0.0,57.7,7.88
pp_20,57.2,0.0,0.0,57.2,8.17
pp_20,51.5,10.0,0.0,61.5,6.55
pp_20,58.4,0.0,0.0,58.4,6.68
pp_20,59.3,0.0,0.0,59.3,6.04
pp_20,61.1,0.0,0.0,61.1,5.1
pp_20,59.2,0.0,0.0,59.2,5.14
pp_20,57.7,0.0,0.0,57.7,5.0
pp_20,52.5,10.0,0.0,62.5,3.48
pp_20,47.6,10.0,0.0,57.6,3.69
pp_20,57.9,0.0,0.0,57.9,4.91
pp_20,50.9,0.0,0.0,50.9,6.89
pp_20,47.3,10.0,0.0,57.3,8.19
pp_20,57.0,0.0,0.0,57.0,8.3
pp_20,50.7,0.0,0.0,50.7,7.61
pp_20,47.2,10.0,0.0,57.2,5.83
pp_20,56.9,0.0,0.0,56.9,4.51
pp_20,51.7,10.0,0.0,61.7,2.75
pp_20,58.4,0.0,0.0,58.4,2.28
pp_20,56.7,0.0,0.0,56.7,1.81
pp_20,61.0,0.0,0.0,61.0,1.88
pp_20,58.6,0.0,0.0,58.6,1.83
pp_20,57.1,0.0,0.0,57.1,1.19
pp_20,52.5,0.0,10.0,62.5,1.32
pp_20,57.0,0.0,0.0,57.0,0.93
pp_20,57.8,0.0,0.0,57.8,1.2
pp_20,50.7,0.0,0.0,50.7,1.34
pp_20,58.6,0.0,10.0,68.6,0.8
pp_20,60.7,0.0,0.0,60.7,0.7
pp_20,51.8,0.0,0.0,51.8,0.37
pp_20,57.7,0.0,10.0,67.7,1.07
pp_20,59.1,0.0,0.0,59.1,1.43
pp_20,51.0,0.0,0.0,51.0,1.8
pp_20,46.9,0.0,10.0,56.9,1.49
pp_20,56.8,0.0,0.0,56.8,1.16
pp_20,62.3,0.0,0.0,62.3,0.34
pp_20,58.9,0.0,0.0,58.9,1.75
pp_20,56.8,0.0,0.0,56.8,3.23
pp_20,51.3,10.0,0.0,61.3,3.44
pp_20,58.4,0.0,0.0,58.4,4.51
pp_20,58.4,0.0,0.0,58.4,4.21
pp_20,50.8,0.0,10.0,60.8,2.33
pp_20,57.6,0.0,0.0,57.6,1.52
pp_20,56.9,0.0,0.0,56.9,0.8
pp_20,50.9,0.0,0.0,50.9,0.45
pp_20,47.3,0.0,10.0,57.3,1.0
pp_20,56.8,0.0,0.0,56.8,1.15
pp_20,51.8,0.0,10.0,61.8,1.45
pp_20,47.0,0.0,10.0,57.0,1.37
pp_20,57.1,0.0,0.0,57.1,1.46
pp_20,51.0,10.0,0.0,61.0,1.66
pp_20,58.3,0.0,0.0,58.3,1.52
pp_20,57.8,0.0,0.0,57.8,1.52
pp_20,50.9,0.0,0.0,50.9,1.54
pp_20,56.9,0.0,0.0,56.9,1.57
pp_20,56.9,0.0,0.0,56.9,1.45
pp_20,50.9,0.0,0.0,50.9,1.43
pp_20,47.1,0.0,10.0,57.1,1.23
pp_20,57.2,0.0,0.0,57.2,0.99
pp_20,51.0,0.0,0.0,51.0,0.74
pp_20,47.4,0.0,10.0,57.4,0.49
pp_20,56.7,0.0,0.0,56.7,0.35
pp_20,52.0,0.0,10.0,62.0,0.24
pp_20,47.3,10.0,0.0,57.3,0.12
pp_20,56.9,0.0,0.0,56.9,0.07
pp_20,62.5,0.0,0.0,62.5,0.1
pp_20,60.4,0.0,10.0,70.4,0.27
pp_20,52.5,0.0,10.0,62.5,0.31
pp_20,53.1,10.0,0.0,63.1,0.29
pp_20,58.6,0.0,0.0,58.6,0.24
pp_20,57.3,0.0,0.0,57.3,0.14
pp_20,51.2,0.0,10.0,61.2,0.22
pp_20,47.8,10.0,0.0,57.8,0.4
pp_20,57.8,0.0,10.0,67.8,0.18
pp_20,61.6,0.0,0.0,61.6,0.1
pp_20,58.5,0.0,0.0,58.5,0.19
pp_20,58.1,0.0,0.0,58.1,0.3
pp_20,51.6,0.0,0.0,51.6,0.37
pp_20,57.0,0.0,0.0,57.0,0.34
pp_20,56.9,0.0,0.0,56.9,0.41
pp_20,61.0,0.0,0.0,61.0,0.17
pp_20,48.1,10.0,0.0,58.1,0.3
pp_20,56.7,0.0,0.0,56.7,0.56
pp_20,52.5,10.0,0.0,62.5,0.91
pp_20,56.8,0.0,0.0,56.8,2.85
pp_20,56.9,0.0,0.0,56.9,5.24
pp_20,51.0,0.0,10.0,61.0,8.45
pp_20,47.0,10.0,0.0,57.0,14.45
pp_20,56.9,0.0,0.0,56.9,16.65
pp_20,50.9,0.0,10.0,60.9,16.28
pp_20,47.2,0.0,10.0,57.2,17.29
pp_20,56.9,0.0,0.0,56.9,16.4
pp_20,51.0,0.0,10.0,61.0,13.93
pp_20,46.8,0.0,10.0,56.8,14.48
pp_20,56.7,0.0,0.0,56.7,13.42
pp_20,51.1,0.0,0.0,51.1,14.31
pp_20,47.0,0.0,10.0,57.0,12.13
pp_20,56.8,0.0,0.0,56.8,11.83
pp_20,52.1,0.0,10.0,62.1,10.22
pp_20,57.7,0.0,0.0,57.7,11.63
pp_20,57.1,0.0,0.0,57.1,11.52
pp_20,52.1,0.0,10.0,62.1,10.11
pp_20,46.8,0.0,10.0,56.8,11.37
pp_20,56.7,0.0,0.0,56.7,10.67
pp_20,61.6,0.0,0.0,61.6,8.75
pp_20,58.1,0.0,0.0,58.1,9.68
pp_20,58.1,0.0,0.0,58.1,9.3
pp_20,51.0,0.0,0.0,51.0,11.25
pp_20,47.1,10.0,0.0,57.1,9.09
pp_20,56.7,0.0,0.0,56.7,8.73
pp_20,50.7,0.0,0.0,50.7,10.03
pp_20,47.0,0.0,10.0,57.0,8.33
pp_20,56.8,0.0,0.0,56.8,8.3
pp_20,51.1,0.0,0.0,51.1,10.2
pp_20,46.8,0.0,10.0,56.8,8.76
pp_20,56.9,0.0,0.0,56.9,8.55
pp_20,50.8,0.0,10.0,60.8,7.48
pp_20,57.2,0.0,0.0,57.2,8.63
pp_20,57.9,0.0,0.0,57.9,8.52
pp_20,50.8,0.0,10.0,60.8,8.18
pp_20,57.0,0.0,0.0,57.0,9.41
pp_20,57.0,0.0,0.0,57.0,9.39
pp_20,51.0,10.0,0.0,61.0,8.24
pp_20,47.1,0.0,10.0,57.1,9.44
pp_20,57.0,0.0,0.0,57.0,9.35
pp_20,51.1,10.0,0.0,61.1,8.13
pp_20,57.7,0.0,0.0,57.7,9.2
pp_20,57.9,0.0,0.0,57.9,8.99
pp_20,51.0,10.0,0.0,61.0,8.27
pp_20,58.8,0.0,0.0,58.8,5.37
pp_20,57.8,0.0,0.0,57.8,3.1
pp_20,50.9,0.0,0.0,50.9,5.95
pp_20,47.9,10.0,0.0,57.9,8.13
pp_20,56.8,0.0,0.0,56.8,8.45
pp_20,51.0,0.0,10.0,61.0,8.27
pp_20,47.0,0.0,10.0,57.0,7.45
pp_20,57.2,0.0,0.0,57.2,6.62
pp_20,50.9,0.0,10.0,60.9,5.86
pp_20,57.5,0.0,0.0,57.5,4.96
pp_20,57.3,0.0,0.0,57.3,4.46
pp_20,64.0,0.0,0.0,64.0,3.97
pp_20,58.5,0.0,0.0,58.5,3.44
pp_20,57.7,0.0,0.0,57.7,3.11
pp_20,51.1,0.0,10.0,61.1,2.82
pp_20,57.1,0.0,0.0,57.1,2.45
pp_20,56.8,0.0,0.0,56.8,2.08
pp_20,50.8,0.0,0.0,50.8,1.8
pp_20,47.1,0.0,10.0,57.1,1.51
pp_20,56.8,0.0,0.0,56.8,1.23
pp_20,62.1,0.0,0.0,62.1,1.02
pp_20,59.3,0.0,0.0,59.3,0.64
pp_20,56.5,0.0,0.0,56.5,0.23
pp_20,51.0,0.0,0.0,51.0,1.45
pp_20,57.1,0.0,0.0,57.1,5.44
pp_20,57.2,0.0,0.0,57.2,10.86
pp_20,61.2,0.0,0.0,61.2,14.51
pp_20,59.1,0.0,0.0,59.1,11.55
pp_20,66.8,0.0,0.0,66.8,12.79
pp_20,65.6,0.0,10.0,75.6,13.03
pp_20,82.9,0.0,0.0,82.9,12.19
pp_20,86.2,0.0,0.0,86.2,13.0
pp_20,85.7,0.0,0.0,85.7,14.35
pp_20,75.0,0.0,0.0,75.0,18.03
pp_20,66.2,0.0,10.0,76.2,7.93
pp_20,46.9,0.0,0.0,46.9,2.77
pp_20,46.7,0.0,10.0,56.7,8.51
pp_20,51.1,0.0,0.0,51.1,9.86
pp_20,46.9,0.0,0.0,46.9,10.16
pp_20,46.8,0.0,10.0,56.8,9.56
pp_20,51.1,0.0,0.0,51.1,8.76
pp_20,46.9,0.0,0.0,46.9,7.89
pp_20,47.1,0.0,10.0,57.1,6.72
pp_20,52.0,0.0,0.0,52.0,5.89
pp_20,46.8,0.0,0.0,46.8,5.14
pp_20,46.6,0.0,10.0,56.6,4.82
pp_20,52.1,0.0,0.0,52.1,4.78
pp_20,48.5,0.0,0.0,48.5,4.74
pp_20,47.9,0.0,10.0,57.9,4.7
pp_20,51.9,0.0,0.0,51.9,4.67
pp_20,60.3,0.0,10.0,70.3,4.64
pp_20,70.0,0.0,0.0,70.0,4.62
pp_20,69.5,0.0,10.0,79.5,4.6
pp_20,55.8,0.0,10.0,65.8,4.59
pp_20,67.8,0.0,10.0,77.8,4.57
pp_20,76.4,0.0,0.0,76.4,4.56
pp_20,57.1,10.0,0.0,67.1,4.56
pp_20,74.9,0.0,0.0,74.9,4.55
pp_20,64.2,0.0,10.0,74.2,4.54
pp_20,52.2,0.0,0.0,52.2,4.54
pp_20,46.7,0.0,10.0,56.7,4.54
pp_20,51.1,0.0,0.0,51.1,4.53
pp_20,47.3,0.0,0.0,47.3,4.53
pp_20,46.5,0.0,10.0,56.5,4.53
pp_20,50.7,0.0,0.0,50.7,4.53
pp_20,46.6,0.0,0.0,46.6,4.52
pp_20,47.4,0.0,10.0,57.4,4.52
pp_20,50.9,0.0,0.0,50.9,4.52
pp_20,47.5,0.0,0.0,47.5,4.52
